delta_eta_center,delta_phi_center,pair_counts
-1.577247482814803,-3.097959422289935,0.0
-1.577247482814803,-3.0106929596902186,0.0
-1.577247482814803,-2.923426497090502,0.0
-1.577247482814803,-2.8361600344907854,1.0
-1.577247482814803,-2.748893571891069,2.0
-1.577247482814803,-2.6616271092913526,0.0
-1.577247482814803,-2.574360646691636,2.0
-1.577247482814803,-2.4870941840919194,0.0
-1.577247482814803,-2.399827721492203,0.0
-1.577247482814803,-2.3125612588924866,0.0
-1.577247482814803,-2.2252947962927703,0.0
-1.577247482814803,-2.138028333693054,0.0
-1.577247482814803,-2.0507618710933375,0.0
-1.577247482814803,-1.9634954084936207,0.0
-1.577247482814803,-1.8762289458939043,0.0
-1.577247482814803,-1.7889624832941877,0.0
-1.577247482814803,-1.7016960206944713,0.0
-1.577247482814803,-1.6144295580947547,0.0
-1.577247482814803,-1.5271630954950384,0.0
-1.577247482814803,-1.439896632895322,0.0
-1.577247482814803,-1.3526301702956054,0.0
-1.577247482814803,-1.2653637076958888,1.0
-1.577247482814803,-1.1780972450961724,1.0
-1.577247482814803,-1.090830782496456,0.0
-1.577247482814803,-1.0035643198967397,0.0
-1.577247482814803,-0.9162978572970231,1.0
-1.577247482814803,-0.8290313946973065,1.0
-1.577247482814803,-0.7417649320975901,0.0
-1.577247482814803,-0.6544984694978737,1.0
-1.577247482814803,-0.5672320068981571,0.0
-1.577247482814803,-0.4799655442984405,0.0
-1.577247482814803,-0.39269908169872414,0.0
-1.577247482814803,-0.30543261909900776,0.0
-1.577247482814803,-0.21816615649929139,0.0
-1.577247482814803,-0.1308996938995748,0.0
-1.577247482814803,-0.04363323129985819,1.0
-1.577247482814803,0.04363323129985819,0.0
-1.577247482814803,0.13089969389957457,1.0
-1.577247482814803,0.21816615649929116,0.0
-1.577247482814803,0.30543261909900776,0.0
-1.577247482814803,0.39269908169872414,0.0
-1.577247482814803,0.4799655442984405,0.0
-1.577247482814803,0.5672320068981569,0.0
-1.577247482814803,0.6544984694978735,1.0
-1.577247482814803,0.7417649320975901,0.0
-1.577247482814803,0.8290313946973065,2.0
-1.577247482814803,0.9162978572970228,0.0
-1.577247482814803,1.0035643198967392,0.0
-1.577247482814803,1.0908307824964556,0.0
-1.577247482814803,1.178097245096172,0.0
-1.577247482814803,1.2653637076958888,1.0
-1.577247482814803,1.3526301702956056,0.0
-1.577247482814803,1.439896632895322,0.0
-1.577247482814803,1.5271630954950384,1.0
-1.577247482814803,1.6144295580947547,0.0
-1.577247482814803,1.7016960206944711,0.0
-1.577247482814803,1.7889624832941875,0.0
-1.577247482814803,1.8762289458939039,0.0
-1.577247482814803,1.9634954084936203,0.0
-1.577247482814803,2.050761871093337,0.0
-1.577247482814803,2.138028333693054,0.0
-1.577247482814803,2.2252947962927703,0.0
-1.577247482814803,2.3125612588924866,0.0
-1.577247482814803,2.399827721492203,0.0
-1.577247482814803,2.4870941840919194,0.0
-1.577247482814803,2.574360646691636,0.0
-1.577247482814803,2.661627109291352,0.0
-1.577247482814803,2.7488935718910685,0.0
-1.577247482814803,2.8361600344907854,0.0
-1.577247482814803,2.923426497090502,0.0
-1.577247482814803,3.0106929596902186,0.0
-1.577247482814803,3.097959422289935,0.0
-1.5375606673993043,-3.097959422289935,1.0
-1.5375606673993043,-3.0106929596902186,0.0
-1.5375606673993043,-2.923426497090502,1.0
-1.5375606673993043,-2.8361600344907854,1.0
-1.5375606673993043,-2.748893571891069,0.0
-1.5375606673993043,-2.6616271092913526,1.0
-1.5375606673993043,-2.574360646691636,0.0
-1.5375606673993043,-2.4870941840919194,0.0
-1.5375606673993043,-2.399827721492203,0.0
-1.5375606673993043,-2.3125612588924866,0.0
-1.5375606673993043,-2.2252947962927703,2.0
-1.5375606673993043,-2.138028333693054,0.0
-1.5375606673993043,-2.0507618710933375,1.0
-1.5375606673993043,-1.9634954084936207,0.0
-1.5375606673993043,-1.8762289458939043,1.0
-1.5375606673993043,-1.7889624832941877,1.0
-1.5375606673993043,-1.7016960206944713,0.0
-1.5375606673993043,-1.6144295580947547,0.0
-1.5375606673993043,-1.5271630954950384,1.0
-1.5375606673993043,-1.439896632895322,0.0
-1.5375606673993043,-1.3526301702956054,0.0
-1.5375606673993043,-1.2653637076958888,1.0
-1.5375606673993043,-1.1780972450961724,0.0
-1.5375606673993043,-1.090830782496456,1.0
-1.5375606673993043,-1.0035643198967397,0.0
-1.5375606673993043,-0.9162978572970231,0.0
-1.5375606673993043,-0.8290313946973065,0.0
-1.5375606673993043,-0.7417649320975901,2.0
-1.5375606673993043,-0.6544984694978737,0.0
-1.5375606673993043,-0.5672320068981571,2.0
-1.5375606673993043,-0.4799655442984405,1.0
-1.5375606673993043,-0.39269908169872414,1.0
-1.5375606673993043,-0.30543261909900776,1.0
-1.5375606673993043,-0.21816615649929139,0.0
-1.5375606673993043,-0.1308996938995748,0.0
-1.5375606673993043,-0.04363323129985819,0.0
-1.5375606673993043,0.04363323129985819,0.0
-1.5375606673993043,0.13089969389957457,0.0
-1.5375606673993043,0.21816615649929116,0.0
-1.5375606673993043,0.30543261909900776,0.0
-1.5375606673993043,0.39269908169872414,2.0
-1.5375606673993043,0.4799655442984405,0.0
-1.5375606673993043,0.5672320068981569,0.0
-1.5375606673993043,0.6544984694978735,0.0
-1.5375606673993043,0.7417649320975901,2.0
-1.5375606673993043,0.8290313946973065,0.0
-1.5375606673993043,0.9162978572970228,1.0
-1.5375606673993043,1.0035643198967392,0.0
-1.5375606673993043,1.0908307824964556,0.0
-1.5375606673993043,1.178097245096172,0.0
-1.5375606673993043,1.2653637076958888,1.0
-1.5375606673993043,1.3526301702956056,1.0
-1.5375606673993043,1.439896632895322,0.0
-1.5375606673993043,1.5271630954950384,0.0
-1.5375606673993043,1.6144295580947547,0.0
-1.5375606673993043,1.7016960206944711,1.0
-1.5375606673993043,1.7889624832941875,1.0
-1.5375606673993043,1.8762289458939039,2.0
-1.5375606673993043,1.9634954084936203,0.0
-1.5375606673993043,2.050761871093337,0.0
-1.5375606673993043,2.138028333693054,0.0
-1.5375606673993043,2.2252947962927703,0.0
-1.5375606673993043,2.3125612588924866,0.0
-1.5375606673993043,2.399827721492203,3.0
-1.5375606673993043,2.4870941840919194,1.0
-1.5375606673993043,2.574360646691636,0.0
-1.5375606673993043,2.661627109291352,0.0
-1.5375606673993043,2.7488935718910685,0.0
-1.5375606673993043,2.8361600344907854,0.0
-1.5375606673993043,2.923426497090502,0.0
-1.5375606673993043,3.0106929596902186,0.0
-1.5375606673993043,3.097959422289935,0.0
-1.497873851983806,-3.097959422289935,3.0
-1.497873851983806,-3.0106929596902186,0.0
-1.497873851983806,-2.923426497090502,1.0
-1.497873851983806,-2.8361600344907854,2.0
-1.497873851983806,-2.748893571891069,1.0
-1.497873851983806,-2.6616271092913526,1.0
-1.497873851983806,-2.574360646691636,0.0
-1.497873851983806,-2.4870941840919194,0.0
-1.497873851983806,-2.399827721492203,3.0
-1.497873851983806,-2.3125612588924866,1.0
-1.497873851983806,-2.2252947962927703,0.0
-1.497873851983806,-2.138028333693054,2.0
-1.497873851983806,-2.0507618710933375,1.0
-1.497873851983806,-1.9634954084936207,1.0
-1.497873851983806,-1.8762289458939043,1.0
-1.497873851983806,-1.7889624832941877,0.0
-1.497873851983806,-1.7016960206944713,1.0
-1.497873851983806,-1.6144295580947547,2.0
-1.497873851983806,-1.5271630954950384,0.0
-1.497873851983806,-1.439896632895322,0.0
-1.497873851983806,-1.3526301702956054,1.0
-1.497873851983806,-1.2653637076958888,0.0
-1.497873851983806,-1.1780972450961724,1.0
-1.497873851983806,-1.090830782496456,1.0
-1.497873851983806,-1.0035643198967397,1.0
-1.497873851983806,-0.9162978572970231,0.0
-1.497873851983806,-0.8290313946973065,3.0
-1.497873851983806,-0.7417649320975901,3.0
-1.497873851983806,-0.6544984694978737,1.0
-1.497873851983806,-0.5672320068981571,0.0
-1.497873851983806,-0.4799655442984405,1.0
-1.497873851983806,-0.39269908169872414,1.0
-1.497873851983806,-0.30543261909900776,2.0
-1.497873851983806,-0.21816615649929139,0.0
-1.497873851983806,-0.1308996938995748,0.0
-1.497873851983806,-0.04363323129985819,4.0
-1.497873851983806,0.04363323129985819,0.0
-1.497873851983806,0.13089969389957457,3.0
-1.497873851983806,0.21816615649929116,0.0
-1.497873851983806,0.30543261909900776,1.0
-1.497873851983806,0.39269908169872414,1.0
-1.497873851983806,0.4799655442984405,0.0
-1.497873851983806,0.5672320068981569,1.0
-1.497873851983806,0.6544984694978735,2.0
-1.497873851983806,0.7417649320975901,2.0
-1.497873851983806,0.8290313946973065,2.0
-1.497873851983806,0.9162978572970228,1.0
-1.497873851983806,1.0035643198967392,0.0
-1.497873851983806,1.0908307824964556,0.0
-1.497873851983806,1.178097245096172,1.0
-1.497873851983806,1.2653637076958888,2.0
-1.497873851983806,1.3526301702956056,2.0
-1.497873851983806,1.439896632895322,3.0
-1.497873851983806,1.5271630954950384,1.0
-1.497873851983806,1.6144295580947547,1.0
-1.497873851983806,1.7016960206944711,1.0
-1.497873851983806,1.7889624832941875,0.0
-1.497873851983806,1.8762289458939039,0.0
-1.497873851983806,1.9634954084936203,1.0
-1.497873851983806,2.050761871093337,1.0
-1.497873851983806,2.138028333693054,1.0
-1.497873851983806,2.2252947962927703,0.0
-1.497873851983806,2.3125612588924866,2.0
-1.497873851983806,2.399827721492203,0.0
-1.497873851983806,2.4870941840919194,1.0
-1.497873851983806,2.574360646691636,2.0
-1.497873851983806,2.661627109291352,0.0
-1.497873851983806,2.7488935718910685,1.0
-1.497873851983806,2.8361600344907854,1.0
-1.497873851983806,2.923426497090502,4.0
-1.497873851983806,3.0106929596902186,1.0
-1.497873851983806,3.097959422289935,2.0
-1.4581870365683076,-3.097959422289935,0.0
-1.4581870365683076,-3.0106929596902186,1.0
-1.4581870365683076,-2.923426497090502,1.0
-1.4581870365683076,-2.8361600344907854,2.0
-1.4581870365683076,-2.748893571891069,1.0
-1.4581870365683076,-2.6616271092913526,0.0
-1.4581870365683076,-2.574360646691636,1.0
-1.4581870365683076,-2.4870941840919194,2.0
-1.4581870365683076,-2.399827721492203,1.0
-1.4581870365683076,-2.3125612588924866,4.0
-1.4581870365683076,-2.2252947962927703,2.0
-1.4581870365683076,-2.138028333693054,1.0
-1.4581870365683076,-2.0507618710933375,1.0
-1.4581870365683076,-1.9634954084936207,1.0
-1.4581870365683076,-1.8762289458939043,1.0
-1.4581870365683076,-1.7889624832941877,0.0
-1.4581870365683076,-1.7016960206944713,2.0
-1.4581870365683076,-1.6144295580947547,2.0
-1.4581870365683076,-1.5271630954950384,2.0
-1.4581870365683076,-1.439896632895322,1.0
-1.4581870365683076,-1.3526301702956054,2.0
-1.4581870365683076,-1.2653637076958888,0.0
-1.4581870365683076,-1.1780972450961724,0.0
-1.4581870365683076,-1.090830782496456,2.0
-1.4581870365683076,-1.0035643198967397,3.0
-1.4581870365683076,-0.9162978572970231,1.0
-1.4581870365683076,-0.8290313946973065,0.0
-1.4581870365683076,-0.7417649320975901,1.0
-1.4581870365683076,-0.6544984694978737,1.0
-1.4581870365683076,-0.5672320068981571,0.0
-1.4581870365683076,-0.4799655442984405,1.0
-1.4581870365683076,-0.39269908169872414,0.0
-1.4581870365683076,-0.30543261909900776,1.0
-1.4581870365683076,-0.21816615649929139,0.0
-1.4581870365683076,-0.1308996938995748,2.0
-1.4581870365683076,-0.04363323129985819,0.0
-1.4581870365683076,0.04363323129985819,2.0
-1.4581870365683076,0.13089969389957457,5.0
-1.4581870365683076,0.21816615649929116,1.0
-1.4581870365683076,0.30543261909900776,2.0
-1.4581870365683076,0.39269908169872414,3.0
-1.4581870365683076,0.4799655442984405,2.0
-1.4581870365683076,0.5672320068981569,4.0
-1.4581870365683076,0.6544984694978735,0.0
-1.4581870365683076,0.7417649320975901,1.0
-1.4581870365683076,0.8290313946973065,1.0
-1.4581870365683076,0.9162978572970228,1.0
-1.4581870365683076,1.0035643198967392,0.0
-1.4581870365683076,1.0908307824964556,3.0
-1.4581870365683076,1.178097245096172,1.0
-1.4581870365683076,1.2653637076958888,0.0
-1.4581870365683076,1.3526301702956056,0.0
-1.4581870365683076,1.439896632895322,2.0
-1.4581870365683076,1.5271630954950384,2.0
-1.4581870365683076,1.6144295580947547,1.0
-1.4581870365683076,1.7016960206944711,2.0
-1.4581870365683076,1.7889624832941875,0.0
-1.4581870365683076,1.8762289458939039,0.0
-1.4581870365683076,1.9634954084936203,1.0
-1.4581870365683076,2.050761871093337,1.0
-1.4581870365683076,2.138028333693054,1.0
-1.4581870365683076,2.2252947962927703,0.0
-1.4581870365683076,2.3125612588924866,2.0
-1.4581870365683076,2.399827721492203,2.0
-1.4581870365683076,2.4870941840919194,1.0
-1.4581870365683076,2.574360646691636,0.0
-1.4581870365683076,2.661627109291352,0.0
-1.4581870365683076,2.7488935718910685,3.0
-1.4581870365683076,2.8361600344907854,1.0
-1.4581870365683076,2.923426497090502,2.0
-1.4581870365683076,3.0106929596902186,0.0
-1.4581870365683076,3.097959422289935,1.0
-1.4185002211528088,-3.097959422289935,1.0
-1.4185002211528088,-3.0106929596902186,3.0
-1.4185002211528088,-2.923426497090502,3.0
-1.4185002211528088,-2.8361600344907854,0.0
-1.4185002211528088,-2.748893571891069,2.0
-1.4185002211528088,-2.6616271092913526,2.0
-1.4185002211528088,-2.574360646691636,1.0
-1.4185002211528088,-2.4870941840919194,2.0
-1.4185002211528088,-2.399827721492203,1.0
-1.4185002211528088,-2.3125612588924866,3.0
-1.4185002211528088,-2.2252947962927703,1.0
-1.4185002211528088,-2.138028333693054,1.0
-1.4185002211528088,-2.0507618710933375,0.0
-1.4185002211528088,-1.9634954084936207,2.0
-1.4185002211528088,-1.8762289458939043,5.0
-1.4185002211528088,-1.7889624832941877,5.0
-1.4185002211528088,-1.7016960206944713,2.0
-1.4185002211528088,-1.6144295580947547,4.0
-1.4185002211528088,-1.5271630954950384,2.0
-1.4185002211528088,-1.439896632895322,2.0
-1.4185002211528088,-1.3526301702956054,5.0
-1.4185002211528088,-1.2653637076958888,3.0
-1.4185002211528088,-1.1780972450961724,1.0
-1.4185002211528088,-1.090830782496456,1.0
-1.4185002211528088,-1.0035643198967397,1.0
-1.4185002211528088,-0.9162978572970231,4.0
-1.4185002211528088,-0.8290313946973065,4.0
-1.4185002211528088,-0.7417649320975901,1.0
-1.4185002211528088,-0.6544984694978737,2.0
-1.4185002211528088,-0.5672320068981571,2.0
-1.4185002211528088,-0.4799655442984405,1.0
-1.4185002211528088,-0.39269908169872414,2.0
-1.4185002211528088,-0.30543261909900776,4.0
-1.4185002211528088,-0.21816615649929139,3.0
-1.4185002211528088,-0.1308996938995748,2.0
-1.4185002211528088,-0.04363323129985819,4.0
-1.4185002211528088,0.04363323129985819,1.0
-1.4185002211528088,0.13089969389957457,1.0
-1.4185002211528088,0.21816615649929116,4.0
-1.4185002211528088,0.30543261909900776,1.0
-1.4185002211528088,0.39269908169872414,0.0
-1.4185002211528088,0.4799655442984405,2.0
-1.4185002211528088,0.5672320068981569,3.0
-1.4185002211528088,0.6544984694978735,2.0
-1.4185002211528088,0.7417649320975901,1.0
-1.4185002211528088,0.8290313946973065,2.0
-1.4185002211528088,0.9162978572970228,3.0
-1.4185002211528088,1.0035643198967392,5.0
-1.4185002211528088,1.0908307824964556,5.0
-1.4185002211528088,1.178097245096172,4.0
-1.4185002211528088,1.2653637076958888,4.0
-1.4185002211528088,1.3526301702956056,1.0
-1.4185002211528088,1.439896632895322,1.0
-1.4185002211528088,1.5271630954950384,3.0
-1.4185002211528088,1.6144295580947547,2.0
-1.4185002211528088,1.7016960206944711,1.0
-1.4185002211528088,1.7889624832941875,2.0
-1.4185002211528088,1.8762289458939039,3.0
-1.4185002211528088,1.9634954084936203,1.0
-1.4185002211528088,2.050761871093337,2.0
-1.4185002211528088,2.138028333693054,3.0
-1.4185002211528088,2.2252947962927703,1.0
-1.4185002211528088,2.3125612588924866,4.0
-1.4185002211528088,2.399827721492203,2.0
-1.4185002211528088,2.4870941840919194,1.0
-1.4185002211528088,2.574360646691636,6.0
-1.4185002211528088,2.661627109291352,2.0
-1.4185002211528088,2.7488935718910685,1.0
-1.4185002211528088,2.8361600344907854,1.0
-1.4185002211528088,2.923426497090502,5.0
-1.4185002211528088,3.0106929596902186,3.0
-1.4185002211528088,3.097959422289935,2.0
-1.3788134057373105,-3.097959422289935,2.0
-1.3788134057373105,-3.0106929596902186,5.0
-1.3788134057373105,-2.923426497090502,1.0
-1.3788134057373105,-2.8361600344907854,6.0
-1.3788134057373105,-2.748893571891069,2.0
-1.3788134057373105,-2.6616271092913526,0.0
-1.3788134057373105,-2.574360646691636,0.0
-1.3788134057373105,-2.4870941840919194,1.0
-1.3788134057373105,-2.399827721492203,4.0
-1.3788134057373105,-2.3125612588924866,2.0
-1.3788134057373105,-2.2252947962927703,3.0
-1.3788134057373105,-2.138028333693054,3.0
-1.3788134057373105,-2.0507618710933375,3.0
-1.3788134057373105,-1.9634954084936207,4.0
-1.3788134057373105,-1.8762289458939043,2.0
-1.3788134057373105,-1.7889624832941877,1.0
-1.3788134057373105,-1.7016960206944713,6.0
-1.3788134057373105,-1.6144295580947547,3.0
-1.3788134057373105,-1.5271630954950384,4.0
-1.3788134057373105,-1.439896632895322,3.0
-1.3788134057373105,-1.3526301702956054,2.0
-1.3788134057373105,-1.2653637076958888,2.0
-1.3788134057373105,-1.1780972450961724,0.0
-1.3788134057373105,-1.090830782496456,4.0
-1.3788134057373105,-1.0035643198967397,3.0
-1.3788134057373105,-0.9162978572970231,1.0
-1.3788134057373105,-0.8290313946973065,4.0
-1.3788134057373105,-0.7417649320975901,0.0
-1.3788134057373105,-0.6544984694978737,2.0
-1.3788134057373105,-0.5672320068981571,1.0
-1.3788134057373105,-0.4799655442984405,2.0
-1.3788134057373105,-0.39269908169872414,2.0
-1.3788134057373105,-0.30543261909900776,3.0
-1.3788134057373105,-0.21816615649929139,3.0
-1.3788134057373105,-0.1308996938995748,3.0
-1.3788134057373105,-0.04363323129985819,4.0
-1.3788134057373105,0.04363323129985819,3.0
-1.3788134057373105,0.13089969389957457,1.0
-1.3788134057373105,0.21816615649929116,1.0
-1.3788134057373105,0.30543261909900776,3.0
-1.3788134057373105,0.39269908169872414,6.0
-1.3788134057373105,0.4799655442984405,3.0
-1.3788134057373105,0.5672320068981569,3.0
-1.3788134057373105,0.6544984694978735,1.0
-1.3788134057373105,0.7417649320975901,2.0
-1.3788134057373105,0.8290313946973065,2.0
-1.3788134057373105,0.9162978572970228,4.0
-1.3788134057373105,1.0035643198967392,1.0
-1.3788134057373105,1.0908307824964556,2.0
-1.3788134057373105,1.178097245096172,5.0
-1.3788134057373105,1.2653637076958888,0.0
-1.3788134057373105,1.3526301702956056,1.0
-1.3788134057373105,1.439896632895322,5.0
-1.3788134057373105,1.5271630954950384,4.0
-1.3788134057373105,1.6144295580947547,1.0
-1.3788134057373105,1.7016960206944711,0.0
-1.3788134057373105,1.7889624832941875,3.0
-1.3788134057373105,1.8762289458939039,3.0
-1.3788134057373105,1.9634954084936203,4.0
-1.3788134057373105,2.050761871093337,3.0
-1.3788134057373105,2.138028333693054,2.0
-1.3788134057373105,2.2252947962927703,1.0
-1.3788134057373105,2.3125612588924866,3.0
-1.3788134057373105,2.399827721492203,4.0
-1.3788134057373105,2.4870941840919194,1.0
-1.3788134057373105,2.574360646691636,6.0
-1.3788134057373105,2.661627109291352,2.0
-1.3788134057373105,2.7488935718910685,4.0
-1.3788134057373105,2.8361600344907854,1.0
-1.3788134057373105,2.923426497090502,0.0
-1.3788134057373105,3.0106929596902186,3.0
-1.3788134057373105,3.097959422289935,1.0
-1.3391265903218117,-3.097959422289935,4.0
-1.3391265903218117,-3.0106929596902186,1.0
-1.3391265903218117,-2.923426497090502,1.0
-1.3391265903218117,-2.8361600344907854,1.0
-1.3391265903218117,-2.748893571891069,3.0
-1.3391265903218117,-2.6616271092913526,4.0
-1.3391265903218117,-2.574360646691636,3.0
-1.3391265903218117,-2.4870941840919194,2.0
-1.3391265903218117,-2.399827721492203,3.0
-1.3391265903218117,-2.3125612588924866,2.0
-1.3391265903218117,-2.2252947962927703,2.0
-1.3391265903218117,-2.138028333693054,1.0
-1.3391265903218117,-2.0507618710933375,3.0
-1.3391265903218117,-1.9634954084936207,4.0
-1.3391265903218117,-1.8762289458939043,3.0
-1.3391265903218117,-1.7889624832941877,7.0
-1.3391265903218117,-1.7016960206944713,4.0
-1.3391265903218117,-1.6144295580947547,2.0
-1.3391265903218117,-1.5271630954950384,5.0
-1.3391265903218117,-1.439896632895322,4.0
-1.3391265903218117,-1.3526301702956054,4.0
-1.3391265903218117,-1.2653637076958888,1.0
-1.3391265903218117,-1.1780972450961724,1.0
-1.3391265903218117,-1.090830782496456,2.0
-1.3391265903218117,-1.0035643198967397,3.0
-1.3391265903218117,-0.9162978572970231,1.0
-1.3391265903218117,-0.8290313946973065,6.0
-1.3391265903218117,-0.7417649320975901,3.0
-1.3391265903218117,-0.6544984694978737,2.0
-1.3391265903218117,-0.5672320068981571,3.0
-1.3391265903218117,-0.4799655442984405,2.0
-1.3391265903218117,-0.39269908169872414,5.0
-1.3391265903218117,-0.30543261909900776,2.0
-1.3391265903218117,-0.21816615649929139,3.0
-1.3391265903218117,-0.1308996938995748,2.0
-1.3391265903218117,-0.04363323129985819,2.0
-1.3391265903218117,0.04363323129985819,3.0
-1.3391265903218117,0.13089969389957457,0.0
-1.3391265903218117,0.21816615649929116,3.0
-1.3391265903218117,0.30543261909900776,3.0
-1.3391265903218117,0.39269908169872414,5.0
-1.3391265903218117,0.4799655442984405,1.0
-1.3391265903218117,0.5672320068981569,3.0
-1.3391265903218117,0.6544984694978735,2.0
-1.3391265903218117,0.7417649320975901,3.0
-1.3391265903218117,0.8290313946973065,4.0
-1.3391265903218117,0.9162978572970228,2.0
-1.3391265903218117,1.0035643198967392,3.0
-1.3391265903218117,1.0908307824964556,5.0
-1.3391265903218117,1.178097245096172,3.0
-1.3391265903218117,1.2653637076958888,2.0
-1.3391265903218117,1.3526301702956056,6.0
-1.3391265903218117,1.439896632895322,2.0
-1.3391265903218117,1.5271630954950384,1.0
-1.3391265903218117,1.6144295580947547,3.0
-1.3391265903218117,1.7016960206944711,2.0
-1.3391265903218117,1.7889624832941875,4.0
-1.3391265903218117,1.8762289458939039,4.0
-1.3391265903218117,1.9634954084936203,3.0
-1.3391265903218117,2.050761871093337,2.0
-1.3391265903218117,2.138028333693054,1.0
-1.3391265903218117,2.2252947962927703,2.0
-1.3391265903218117,2.3125612588924866,1.0
-1.3391265903218117,2.399827721492203,2.0
-1.3391265903218117,2.4870941840919194,1.0
-1.3391265903218117,2.574360646691636,4.0
-1.3391265903218117,2.661627109291352,2.0
-1.3391265903218117,2.7488935718910685,4.0
-1.3391265903218117,2.8361600344907854,1.0
-1.3391265903218117,2.923426497090502,1.0
-1.3391265903218117,3.0106929596902186,3.0
-1.3391265903218117,3.097959422289935,4.0
-1.2994397749063133,-3.097959422289935,6.0
-1.2994397749063133,-3.0106929596902186,1.0
-1.2994397749063133,-2.923426497090502,3.0
-1.2994397749063133,-2.8361600344907854,2.0
-1.2994397749063133,-2.748893571891069,9.0
-1.2994397749063133,-2.6616271092913526,3.0
-1.2994397749063133,-2.574360646691636,3.0
-1.2994397749063133,-2.4870941840919194,4.0
-1.2994397749063133,-2.399827721492203,6.0
-1.2994397749063133,-2.3125612588924866,3.0
-1.2994397749063133,-2.2252947962927703,1.0
-1.2994397749063133,-2.138028333693054,4.0
-1.2994397749063133,-2.0507618710933375,7.0
-1.2994397749063133,-1.9634954084936207,4.0
-1.2994397749063133,-1.8762289458939043,5.0
-1.2994397749063133,-1.7889624832941877,2.0
-1.2994397749063133,-1.7016960206944713,3.0
-1.2994397749063133,-1.6144295580947547,0.0
-1.2994397749063133,-1.5271630954950384,3.0
-1.2994397749063133,-1.439896632895322,6.0
-1.2994397749063133,-1.3526301702956054,5.0
-1.2994397749063133,-1.2653637076958888,5.0
-1.2994397749063133,-1.1780972450961724,2.0
-1.2994397749063133,-1.090830782496456,2.0
-1.2994397749063133,-1.0035643198967397,5.0
-1.2994397749063133,-0.9162978572970231,7.0
-1.2994397749063133,-0.8290313946973065,2.0
-1.2994397749063133,-0.7417649320975901,3.0
-1.2994397749063133,-0.6544984694978737,6.0
-1.2994397749063133,-0.5672320068981571,4.0
-1.2994397749063133,-0.4799655442984405,4.0
-1.2994397749063133,-0.39269908169872414,3.0
-1.2994397749063133,-0.30543261909900776,3.0
-1.2994397749063133,-0.21816615649929139,3.0
-1.2994397749063133,-0.1308996938995748,2.0
-1.2994397749063133,-0.04363323129985819,4.0
-1.2994397749063133,0.04363323129985819,3.0
-1.2994397749063133,0.13089969389957457,4.0
-1.2994397749063133,0.21816615649929116,3.0
-1.2994397749063133,0.30543261909900776,6.0
-1.2994397749063133,0.39269908169872414,5.0
-1.2994397749063133,0.4799655442984405,5.0
-1.2994397749063133,0.5672320068981569,5.0
-1.2994397749063133,0.6544984694978735,8.0
-1.2994397749063133,0.7417649320975901,2.0
-1.2994397749063133,0.8290313946973065,2.0
-1.2994397749063133,0.9162978572970228,3.0
-1.2994397749063133,1.0035643198967392,2.0
-1.2994397749063133,1.0908307824964556,2.0
-1.2994397749063133,1.178097245096172,4.0
-1.2994397749063133,1.2653637076958888,5.0
-1.2994397749063133,1.3526301702956056,2.0
-1.2994397749063133,1.439896632895322,1.0
-1.2994397749063133,1.5271630954950384,3.0
-1.2994397749063133,1.6144295580947547,1.0
-1.2994397749063133,1.7016960206944711,5.0
-1.2994397749063133,1.7889624832941875,3.0
-1.2994397749063133,1.8762289458939039,7.0
-1.2994397749063133,1.9634954084936203,6.0
-1.2994397749063133,2.050761871093337,2.0
-1.2994397749063133,2.138028333693054,6.0
-1.2994397749063133,2.2252947962927703,3.0
-1.2994397749063133,2.3125612588924866,3.0
-1.2994397749063133,2.399827721492203,8.0
-1.2994397749063133,2.4870941840919194,1.0
-1.2994397749063133,2.574360646691636,4.0
-1.2994397749063133,2.661627109291352,6.0
-1.2994397749063133,2.7488935718910685,3.0
-1.2994397749063133,2.8361600344907854,5.0
-1.2994397749063133,2.923426497090502,7.0
-1.2994397749063133,3.0106929596902186,3.0
-1.2994397749063133,3.097959422289935,3.0
-1.2597529594908146,-3.097959422289935,4.0
-1.2597529594908146,-3.0106929596902186,4.0
-1.2597529594908146,-2.923426497090502,1.0
-1.2597529594908146,-2.8361600344907854,1.0
-1.2597529594908146,-2.748893571891069,3.0
-1.2597529594908146,-2.6616271092913526,2.0
-1.2597529594908146,-2.574360646691636,4.0
-1.2597529594908146,-2.4870941840919194,1.0
-1.2597529594908146,-2.399827721492203,3.0
-1.2597529594908146,-2.3125612588924866,2.0
-1.2597529594908146,-2.2252947962927703,1.0
-1.2597529594908146,-2.138028333693054,6.0
-1.2597529594908146,-2.0507618710933375,9.0
-1.2597529594908146,-1.9634954084936207,5.0
-1.2597529594908146,-1.8762289458939043,4.0
-1.2597529594908146,-1.7889624832941877,5.0
-1.2597529594908146,-1.7016960206944713,5.0
-1.2597529594908146,-1.6144295580947547,3.0
-1.2597529594908146,-1.5271630954950384,5.0
-1.2597529594908146,-1.439896632895322,5.0
-1.2597529594908146,-1.3526301702956054,5.0
-1.2597529594908146,-1.2653637076958888,3.0
-1.2597529594908146,-1.1780972450961724,2.0
-1.2597529594908146,-1.090830782496456,2.0
-1.2597529594908146,-1.0035643198967397,5.0
-1.2597529594908146,-0.9162978572970231,5.0
-1.2597529594908146,-0.8290313946973065,1.0
-1.2597529594908146,-0.7417649320975901,4.0
-1.2597529594908146,-0.6544984694978737,1.0
-1.2597529594908146,-0.5672320068981571,8.0
-1.2597529594908146,-0.4799655442984405,3.0
-1.2597529594908146,-0.39269908169872414,4.0
-1.2597529594908146,-0.30543261909900776,3.0
-1.2597529594908146,-0.21816615649929139,1.0
-1.2597529594908146,-0.1308996938995748,4.0
-1.2597529594908146,-0.04363323129985819,3.0
-1.2597529594908146,0.04363323129985819,4.0
-1.2597529594908146,0.13089969389957457,1.0
-1.2597529594908146,0.21816615649929116,3.0
-1.2597529594908146,0.30543261909900776,1.0
-1.2597529594908146,0.39269908169872414,0.0
-1.2597529594908146,0.4799655442984405,4.0
-1.2597529594908146,0.5672320068981569,7.0
-1.2597529594908146,0.6544984694978735,5.0
-1.2597529594908146,0.7417649320975901,7.0
-1.2597529594908146,0.8290313946973065,6.0
-1.2597529594908146,0.9162978572970228,4.0
-1.2597529594908146,1.0035643198967392,1.0
-1.2597529594908146,1.0908307824964556,6.0
-1.2597529594908146,1.178097245096172,2.0
-1.2597529594908146,1.2653637076958888,1.0
-1.2597529594908146,1.3526301702956056,2.0
-1.2597529594908146,1.439896632895322,7.0
-1.2597529594908146,1.5271630954950384,2.0
-1.2597529594908146,1.6144295580947547,3.0
-1.2597529594908146,1.7016960206944711,3.0
-1.2597529594908146,1.7889624832941875,2.0
-1.2597529594908146,1.8762289458939039,1.0
-1.2597529594908146,1.9634954084936203,5.0
-1.2597529594908146,2.050761871093337,5.0
-1.2597529594908146,2.138028333693054,8.0
-1.2597529594908146,2.2252947962927703,4.0
-1.2597529594908146,2.3125612588924866,3.0
-1.2597529594908146,2.399827721492203,6.0
-1.2597529594908146,2.4870941840919194,3.0
-1.2597529594908146,2.574360646691636,3.0
-1.2597529594908146,2.661627109291352,3.0
-1.2597529594908146,2.7488935718910685,7.0
-1.2597529594908146,2.8361600344907854,3.0
-1.2597529594908146,2.923426497090502,4.0
-1.2597529594908146,3.0106929596902186,3.0
-1.2597529594908146,3.097959422289935,9.0
-1.2200661440753162,-3.097959422289935,5.0
-1.2200661440753162,-3.0106929596902186,8.0
-1.2200661440753162,-2.923426497090502,2.0
-1.2200661440753162,-2.8361600344907854,2.0
-1.2200661440753162,-2.748893571891069,4.0
-1.2200661440753162,-2.6616271092913526,3.0
-1.2200661440753162,-2.574360646691636,6.0
-1.2200661440753162,-2.4870941840919194,6.0
-1.2200661440753162,-2.399827721492203,3.0
-1.2200661440753162,-2.3125612588924866,2.0
-1.2200661440753162,-2.2252947962927703,1.0
-1.2200661440753162,-2.138028333693054,4.0
-1.2200661440753162,-2.0507618710933375,2.0
-1.2200661440753162,-1.9634954084936207,6.0
-1.2200661440753162,-1.8762289458939043,6.0
-1.2200661440753162,-1.7889624832941877,4.0
-1.2200661440753162,-1.7016960206944713,7.0
-1.2200661440753162,-1.6144295580947547,5.0
-1.2200661440753162,-1.5271630954950384,8.0
-1.2200661440753162,-1.439896632895322,5.0
-1.2200661440753162,-1.3526301702956054,5.0
-1.2200661440753162,-1.2653637076958888,3.0
-1.2200661440753162,-1.1780972450961724,3.0
-1.2200661440753162,-1.090830782496456,4.0
-1.2200661440753162,-1.0035643198967397,4.0
-1.2200661440753162,-0.9162978572970231,3.0
-1.2200661440753162,-0.8290313946973065,2.0
-1.2200661440753162,-0.7417649320975901,4.0
-1.2200661440753162,-0.6544984694978737,3.0
-1.2200661440753162,-0.5672320068981571,4.0
-1.2200661440753162,-0.4799655442984405,3.0
-1.2200661440753162,-0.39269908169872414,7.0
-1.2200661440753162,-0.30543261909900776,5.0
-1.2200661440753162,-0.21816615649929139,5.0
-1.2200661440753162,-0.1308996938995748,6.0
-1.2200661440753162,-0.04363323129985819,4.0
-1.2200661440753162,0.04363323129985819,5.0
-1.2200661440753162,0.13089969389957457,6.0
-1.2200661440753162,0.21816615649929116,1.0
-1.2200661440753162,0.30543261909900776,8.0
-1.2200661440753162,0.39269908169872414,4.0
-1.2200661440753162,0.4799655442984405,3.0
-1.2200661440753162,0.5672320068981569,4.0
-1.2200661440753162,0.6544984694978735,3.0
-1.2200661440753162,0.7417649320975901,6.0
-1.2200661440753162,0.8290313946973065,3.0
-1.2200661440753162,0.9162978572970228,5.0
-1.2200661440753162,1.0035643198967392,5.0
-1.2200661440753162,1.0908307824964556,7.0
-1.2200661440753162,1.178097245096172,3.0
-1.2200661440753162,1.2653637076958888,3.0
-1.2200661440753162,1.3526301702956056,4.0
-1.2200661440753162,1.439896632895322,5.0
-1.2200661440753162,1.5271630954950384,4.0
-1.2200661440753162,1.6144295580947547,3.0
-1.2200661440753162,1.7016960206944711,8.0
-1.2200661440753162,1.7889624832941875,3.0
-1.2200661440753162,1.8762289458939039,4.0
-1.2200661440753162,1.9634954084936203,5.0
-1.2200661440753162,2.050761871093337,2.0
-1.2200661440753162,2.138028333693054,4.0
-1.2200661440753162,2.2252947962927703,7.0
-1.2200661440753162,2.3125612588924866,8.0
-1.2200661440753162,2.399827721492203,4.0
-1.2200661440753162,2.4870941840919194,3.0
-1.2200661440753162,2.574360646691636,5.0
-1.2200661440753162,2.661627109291352,6.0
-1.2200661440753162,2.7488935718910685,8.0
-1.2200661440753162,2.8361600344907854,10.0
-1.2200661440753162,2.923426497090502,2.0
-1.2200661440753162,3.0106929596902186,7.0
-1.2200661440753162,3.097959422289935,4.0
-1.1803793286598179,-3.097959422289935,8.0
-1.1803793286598179,-3.0106929596902186,7.0
-1.1803793286598179,-2.923426497090502,2.0
-1.1803793286598179,-2.8361600344907854,8.0
-1.1803793286598179,-2.748893571891069,2.0
-1.1803793286598179,-2.6616271092913526,4.0
-1.1803793286598179,-2.574360646691636,8.0
-1.1803793286598179,-2.4870941840919194,2.0
-1.1803793286598179,-2.399827721492203,5.0
-1.1803793286598179,-2.3125612588924866,4.0
-1.1803793286598179,-2.2252947962927703,4.0
-1.1803793286598179,-2.138028333693054,6.0
-1.1803793286598179,-2.0507618710933375,4.0
-1.1803793286598179,-1.9634954084936207,7.0
-1.1803793286598179,-1.8762289458939043,4.0
-1.1803793286598179,-1.7889624832941877,8.0
-1.1803793286598179,-1.7016960206944713,1.0
-1.1803793286598179,-1.6144295580947547,4.0
-1.1803793286598179,-1.5271630954950384,6.0
-1.1803793286598179,-1.439896632895322,9.0
-1.1803793286598179,-1.3526301702956054,5.0
-1.1803793286598179,-1.2653637076958888,4.0
-1.1803793286598179,-1.1780972450961724,8.0
-1.1803793286598179,-1.090830782496456,1.0
-1.1803793286598179,-1.0035643198967397,4.0
-1.1803793286598179,-0.9162978572970231,6.0
-1.1803793286598179,-0.8290313946973065,7.0
-1.1803793286598179,-0.7417649320975901,3.0
-1.1803793286598179,-0.6544984694978737,3.0
-1.1803793286598179,-0.5672320068981571,6.0
-1.1803793286598179,-0.4799655442984405,5.0
-1.1803793286598179,-0.39269908169872414,9.0
-1.1803793286598179,-0.30543261909900776,9.0
-1.1803793286598179,-0.21816615649929139,1.0
-1.1803793286598179,-0.1308996938995748,4.0
-1.1803793286598179,-0.04363323129985819,4.0
-1.1803793286598179,0.04363323129985819,6.0
-1.1803793286598179,0.13089969389957457,3.0
-1.1803793286598179,0.21816615649929116,3.0
-1.1803793286598179,0.30543261909900776,7.0
-1.1803793286598179,0.39269908169872414,3.0
-1.1803793286598179,0.4799655442984405,2.0
-1.1803793286598179,0.5672320068981569,5.0
-1.1803793286598179,0.6544984694978735,6.0
-1.1803793286598179,0.7417649320975901,4.0
-1.1803793286598179,0.8290313946973065,4.0
-1.1803793286598179,0.9162978572970228,3.0
-1.1803793286598179,1.0035643198967392,3.0
-1.1803793286598179,1.0908307824964556,5.0
-1.1803793286598179,1.178097245096172,3.0
-1.1803793286598179,1.2653637076958888,8.0
-1.1803793286598179,1.3526301702956056,10.0
-1.1803793286598179,1.439896632895322,6.0
-1.1803793286598179,1.5271630954950384,12.0
-1.1803793286598179,1.6144295580947547,5.0
-1.1803793286598179,1.7016960206944711,7.0
-1.1803793286598179,1.7889624832941875,4.0
-1.1803793286598179,1.8762289458939039,7.0
-1.1803793286598179,1.9634954084936203,7.0
-1.1803793286598179,2.050761871093337,4.0
-1.1803793286598179,2.138028333693054,7.0
-1.1803793286598179,2.2252947962927703,7.0
-1.1803793286598179,2.3125612588924866,7.0
-1.1803793286598179,2.399827721492203,4.0
-1.1803793286598179,2.4870941840919194,3.0
-1.1803793286598179,2.574360646691636,3.0
-1.1803793286598179,2.661627109291352,3.0
-1.1803793286598179,2.7488935718910685,4.0
-1.1803793286598179,2.8361600344907854,4.0
-1.1803793286598179,2.923426497090502,4.0
-1.1803793286598179,3.0106929596902186,6.0
-1.1803793286598179,3.097959422289935,7.0
-1.140692513244319,-3.097959422289935,11.0
-1.140692513244319,-3.0106929596902186,7.0
-1.140692513244319,-2.923426497090502,5.0
-1.140692513244319,-2.8361600344907854,10.0
-1.140692513244319,-2.748893571891069,10.0
-1.140692513244319,-2.6616271092913526,4.0
-1.140692513244319,-2.574360646691636,2.0
-1.140692513244319,-2.4870941840919194,11.0
-1.140692513244319,-2.399827721492203,5.0
-1.140692513244319,-2.3125612588924866,6.0
-1.140692513244319,-2.2252947962927703,6.0
-1.140692513244319,-2.138028333693054,6.0
-1.140692513244319,-2.0507618710933375,5.0
-1.140692513244319,-1.9634954084936207,6.0
-1.140692513244319,-1.8762289458939043,10.0
-1.140692513244319,-1.7889624832941877,7.0
-1.140692513244319,-1.7016960206944713,6.0
-1.140692513244319,-1.6144295580947547,11.0
-1.140692513244319,-1.5271630954950384,8.0
-1.140692513244319,-1.439896632895322,7.0
-1.140692513244319,-1.3526301702956054,6.0
-1.140692513244319,-1.2653637076958888,6.0
-1.140692513244319,-1.1780972450961724,8.0
-1.140692513244319,-1.090830782496456,8.0
-1.140692513244319,-1.0035643198967397,9.0
-1.140692513244319,-0.9162978572970231,4.0
-1.140692513244319,-0.8290313946973065,7.0
-1.140692513244319,-0.7417649320975901,4.0
-1.140692513244319,-0.6544984694978737,6.0
-1.140692513244319,-0.5672320068981571,7.0
-1.140692513244319,-0.4799655442984405,6.0
-1.140692513244319,-0.39269908169872414,2.0
-1.140692513244319,-0.30543261909900776,6.0
-1.140692513244319,-0.21816615649929139,4.0
-1.140692513244319,-0.1308996938995748,3.0
-1.140692513244319,-0.04363323129985819,9.0
-1.140692513244319,0.04363323129985819,5.0
-1.140692513244319,0.13089969389957457,6.0
-1.140692513244319,0.21816615649929116,8.0
-1.140692513244319,0.30543261909900776,6.0
-1.140692513244319,0.39269908169872414,3.0
-1.140692513244319,0.4799655442984405,6.0
-1.140692513244319,0.5672320068981569,7.0
-1.140692513244319,0.6544984694978735,7.0
-1.140692513244319,0.7417649320975901,4.0
-1.140692513244319,0.8290313946973065,7.0
-1.140692513244319,0.9162978572970228,2.0
-1.140692513244319,1.0035643198967392,2.0
-1.140692513244319,1.0908307824964556,11.0
-1.140692513244319,1.178097245096172,10.0
-1.140692513244319,1.2653637076958888,3.0
-1.140692513244319,1.3526301702956056,8.0
-1.140692513244319,1.439896632895322,3.0
-1.140692513244319,1.5271630954950384,5.0
-1.140692513244319,1.6144295580947547,6.0
-1.140692513244319,1.7016960206944711,4.0
-1.140692513244319,1.7889624832941875,8.0
-1.140692513244319,1.8762289458939039,6.0
-1.140692513244319,1.9634954084936203,6.0
-1.140692513244319,2.050761871093337,4.0
-1.140692513244319,2.138028333693054,10.0
-1.140692513244319,2.2252947962927703,11.0
-1.140692513244319,2.3125612588924866,4.0
-1.140692513244319,2.399827721492203,5.0
-1.140692513244319,2.4870941840919194,5.0
-1.140692513244319,2.574360646691636,5.0
-1.140692513244319,2.661627109291352,4.0
-1.140692513244319,2.7488935718910685,7.0
-1.140692513244319,2.8361600344907854,8.0
-1.140692513244319,2.923426497090502,6.0
-1.140692513244319,3.0106929596902186,8.0
-1.140692513244319,3.097959422289935,3.0
-1.1010056978288207,-3.097959422289935,2.0
-1.1010056978288207,-3.0106929596902186,7.0
-1.1010056978288207,-2.923426497090502,2.0
-1.1010056978288207,-2.8361600344907854,9.0
-1.1010056978288207,-2.748893571891069,6.0
-1.1010056978288207,-2.6616271092913526,5.0
-1.1010056978288207,-2.574360646691636,6.0
-1.1010056978288207,-2.4870941840919194,5.0
-1.1010056978288207,-2.399827721492203,6.0
-1.1010056978288207,-2.3125612588924866,11.0
-1.1010056978288207,-2.2252947962927703,6.0
-1.1010056978288207,-2.138028333693054,12.0
-1.1010056978288207,-2.0507618710933375,4.0
-1.1010056978288207,-1.9634954084936207,5.0
-1.1010056978288207,-1.8762289458939043,6.0
-1.1010056978288207,-1.7889624832941877,6.0
-1.1010056978288207,-1.7016960206944713,7.0
-1.1010056978288207,-1.6144295580947547,5.0
-1.1010056978288207,-1.5271630954950384,10.0
-1.1010056978288207,-1.439896632895322,9.0
-1.1010056978288207,-1.3526301702956054,6.0
-1.1010056978288207,-1.2653637076958888,10.0
-1.1010056978288207,-1.1780972450961724,4.0
-1.1010056978288207,-1.090830782496456,5.0
-1.1010056978288207,-1.0035643198967397,7.0
-1.1010056978288207,-0.9162978572970231,1.0
-1.1010056978288207,-0.8290313946973065,7.0
-1.1010056978288207,-0.7417649320975901,7.0
-1.1010056978288207,-0.6544984694978737,4.0
-1.1010056978288207,-0.5672320068981571,9.0
-1.1010056978288207,-0.4799655442984405,9.0
-1.1010056978288207,-0.39269908169872414,6.0
-1.1010056978288207,-0.30543261909900776,3.0
-1.1010056978288207,-0.21816615649929139,8.0
-1.1010056978288207,-0.1308996938995748,3.0
-1.1010056978288207,-0.04363323129985819,4.0
-1.1010056978288207,0.04363323129985819,11.0
-1.1010056978288207,0.13089969389957457,6.0
-1.1010056978288207,0.21816615649929116,10.0
-1.1010056978288207,0.30543261909900776,10.0
-1.1010056978288207,0.39269908169872414,3.0
-1.1010056978288207,0.4799655442984405,5.0
-1.1010056978288207,0.5672320068981569,10.0
-1.1010056978288207,0.6544984694978735,5.0
-1.1010056978288207,0.7417649320975901,6.0
-1.1010056978288207,0.8290313946973065,6.0
-1.1010056978288207,0.9162978572970228,6.0
-1.1010056978288207,1.0035643198967392,7.0
-1.1010056978288207,1.0908307824964556,8.0
-1.1010056978288207,1.178097245096172,4.0
-1.1010056978288207,1.2653637076958888,8.0
-1.1010056978288207,1.3526301702956056,7.0
-1.1010056978288207,1.439896632895322,10.0
-1.1010056978288207,1.5271630954950384,8.0
-1.1010056978288207,1.6144295580947547,4.0
-1.1010056978288207,1.7016960206944711,9.0
-1.1010056978288207,1.7889624832941875,4.0
-1.1010056978288207,1.8762289458939039,8.0
-1.1010056978288207,1.9634954084936203,3.0
-1.1010056978288207,2.050761871093337,11.0
-1.1010056978288207,2.138028333693054,6.0
-1.1010056978288207,2.2252947962927703,7.0
-1.1010056978288207,2.3125612588924866,4.0
-1.1010056978288207,2.399827721492203,1.0
-1.1010056978288207,2.4870941840919194,3.0
-1.1010056978288207,2.574360646691636,11.0
-1.1010056978288207,2.661627109291352,3.0
-1.1010056978288207,2.7488935718910685,8.0
-1.1010056978288207,2.8361600344907854,8.0
-1.1010056978288207,2.923426497090502,5.0
-1.1010056978288207,3.0106929596902186,7.0
-1.1010056978288207,3.097959422289935,7.0
-1.061318882413322,-3.097959422289935,2.0
-1.061318882413322,-3.0106929596902186,5.0
-1.061318882413322,-2.923426497090502,10.0
-1.061318882413322,-2.8361600344907854,8.0
-1.061318882413322,-2.748893571891069,7.0
-1.061318882413322,-2.6616271092913526,5.0
-1.061318882413322,-2.574360646691636,13.0
-1.061318882413322,-2.4870941840919194,10.0
-1.061318882413322,-2.399827721492203,6.0
-1.061318882413322,-2.3125612588924866,5.0
-1.061318882413322,-2.2252947962927703,6.0
-1.061318882413322,-2.138028333693054,4.0
-1.061318882413322,-2.0507618710933375,6.0
-1.061318882413322,-1.9634954084936207,8.0
-1.061318882413322,-1.8762289458939043,8.0
-1.061318882413322,-1.7889624832941877,3.0
-1.061318882413322,-1.7016960206944713,6.0
-1.061318882413322,-1.6144295580947547,6.0
-1.061318882413322,-1.5271630954950384,10.0
-1.061318882413322,-1.439896632895322,8.0
-1.061318882413322,-1.3526301702956054,9.0
-1.061318882413322,-1.2653637076958888,9.0
-1.061318882413322,-1.1780972450961724,7.0
-1.061318882413322,-1.090830782496456,10.0
-1.061318882413322,-1.0035643198967397,4.0
-1.061318882413322,-0.9162978572970231,7.0
-1.061318882413322,-0.8290313946973065,4.0
-1.061318882413322,-0.7417649320975901,5.0
-1.061318882413322,-0.6544984694978737,8.0
-1.061318882413322,-0.5672320068981571,6.0
-1.061318882413322,-0.4799655442984405,10.0
-1.061318882413322,-0.39269908169872414,8.0
-1.061318882413322,-0.30543261909900776,7.0
-1.061318882413322,-0.21816615649929139,4.0
-1.061318882413322,-0.1308996938995748,10.0
-1.061318882413322,-0.04363323129985819,12.0
-1.061318882413322,0.04363323129985819,6.0
-1.061318882413322,0.13089969389957457,11.0
-1.061318882413322,0.21816615649929116,4.0
-1.061318882413322,0.30543261909900776,6.0
-1.061318882413322,0.39269908169872414,9.0
-1.061318882413322,0.4799655442984405,4.0
-1.061318882413322,0.5672320068981569,13.0
-1.061318882413322,0.6544984694978735,10.0
-1.061318882413322,0.7417649320975901,2.0
-1.061318882413322,0.8290313946973065,2.0
-1.061318882413322,0.9162978572970228,10.0
-1.061318882413322,1.0035643198967392,6.0
-1.061318882413322,1.0908307824964556,9.0
-1.061318882413322,1.178097245096172,4.0
-1.061318882413322,1.2653637076958888,5.0
-1.061318882413322,1.3526301702956056,9.0
-1.061318882413322,1.439896632895322,4.0
-1.061318882413322,1.5271630954950384,7.0
-1.061318882413322,1.6144295580947547,9.0
-1.061318882413322,1.7016960206944711,7.0
-1.061318882413322,1.7889624832941875,6.0
-1.061318882413322,1.8762289458939039,11.0
-1.061318882413322,1.9634954084936203,8.0
-1.061318882413322,2.050761871093337,6.0
-1.061318882413322,2.138028333693054,1.0
-1.061318882413322,2.2252947962927703,4.0
-1.061318882413322,2.3125612588924866,8.0
-1.061318882413322,2.399827721492203,13.0
-1.061318882413322,2.4870941840919194,8.0
-1.061318882413322,2.574360646691636,7.0
-1.061318882413322,2.661627109291352,5.0
-1.061318882413322,2.7488935718910685,8.0
-1.061318882413322,2.8361600344907854,9.0
-1.061318882413322,2.923426497090502,5.0
-1.061318882413322,3.0106929596902186,7.0
-1.061318882413322,3.097959422289935,9.0
-1.0216320669978236,-3.097959422289935,6.0
-1.0216320669978236,-3.0106929596902186,5.0
-1.0216320669978236,-2.923426497090502,12.0
-1.0216320669978236,-2.8361600344907854,8.0
-1.0216320669978236,-2.748893571891069,5.0
-1.0216320669978236,-2.6616271092913526,10.0
-1.0216320669978236,-2.574360646691636,10.0
-1.0216320669978236,-2.4870941840919194,9.0
-1.0216320669978236,-2.399827721492203,9.0
-1.0216320669978236,-2.3125612588924866,5.0
-1.0216320669978236,-2.2252947962927703,0.0
-1.0216320669978236,-2.138028333693054,2.0
-1.0216320669978236,-2.0507618710933375,11.0
-1.0216320669978236,-1.9634954084936207,16.0
-1.0216320669978236,-1.8762289458939043,4.0
-1.0216320669978236,-1.7889624832941877,11.0
-1.0216320669978236,-1.7016960206944713,6.0
-1.0216320669978236,-1.6144295580947547,9.0
-1.0216320669978236,-1.5271630954950384,9.0
-1.0216320669978236,-1.439896632895322,10.0
-1.0216320669978236,-1.3526301702956054,10.0
-1.0216320669978236,-1.2653637076958888,6.0
-1.0216320669978236,-1.1780972450961724,8.0
-1.0216320669978236,-1.090830782496456,7.0
-1.0216320669978236,-1.0035643198967397,7.0
-1.0216320669978236,-0.9162978572970231,7.0
-1.0216320669978236,-0.8290313946973065,3.0
-1.0216320669978236,-0.7417649320975901,4.0
-1.0216320669978236,-0.6544984694978737,6.0
-1.0216320669978236,-0.5672320068981571,5.0
-1.0216320669978236,-0.4799655442984405,10.0
-1.0216320669978236,-0.39269908169872414,10.0
-1.0216320669978236,-0.30543261909900776,8.0
-1.0216320669978236,-0.21816615649929139,11.0
-1.0216320669978236,-0.1308996938995748,12.0
-1.0216320669978236,-0.04363323129985819,13.0
-1.0216320669978236,0.04363323129985819,13.0
-1.0216320669978236,0.13089969389957457,16.0
-1.0216320669978236,0.21816615649929116,5.0
-1.0216320669978236,0.30543261909900776,6.0
-1.0216320669978236,0.39269908169872414,3.0
-1.0216320669978236,0.4799655442984405,10.0
-1.0216320669978236,0.5672320068981569,9.0
-1.0216320669978236,0.6544984694978735,7.0
-1.0216320669978236,0.7417649320975901,11.0
-1.0216320669978236,0.8290313946973065,14.0
-1.0216320669978236,0.9162978572970228,12.0
-1.0216320669978236,1.0035643198967392,7.0
-1.0216320669978236,1.0908307824964556,4.0
-1.0216320669978236,1.178097245096172,5.0
-1.0216320669978236,1.2653637076958888,9.0
-1.0216320669978236,1.3526301702956056,8.0
-1.0216320669978236,1.439896632895322,4.0
-1.0216320669978236,1.5271630954950384,4.0
-1.0216320669978236,1.6144295580947547,9.0
-1.0216320669978236,1.7016960206944711,11.0
-1.0216320669978236,1.7889624832941875,6.0
-1.0216320669978236,1.8762289458939039,4.0
-1.0216320669978236,1.9634954084936203,6.0
-1.0216320669978236,2.050761871093337,9.0
-1.0216320669978236,2.138028333693054,5.0
-1.0216320669978236,2.2252947962927703,7.0
-1.0216320669978236,2.3125612588924866,4.0
-1.0216320669978236,2.399827721492203,14.0
-1.0216320669978236,2.4870941840919194,14.0
-1.0216320669978236,2.574360646691636,5.0
-1.0216320669978236,2.661627109291352,10.0
-1.0216320669978236,2.7488935718910685,10.0
-1.0216320669978236,2.8361600344907854,11.0
-1.0216320669978236,2.923426497090502,3.0
-1.0216320669978236,3.0106929596902186,10.0
-1.0216320669978236,3.097959422289935,8.0
-0.981945251582325,-3.097959422289935,5.0
-0.981945251582325,-3.0106929596902186,5.0
-0.981945251582325,-2.923426497090502,9.0
-0.981945251582325,-2.8361600344907854,7.0
-0.981945251582325,-2.748893571891069,8.0
-0.981945251582325,-2.6616271092913526,7.0
-0.981945251582325,-2.574360646691636,8.0
-0.981945251582325,-2.4870941840919194,4.0
-0.981945251582325,-2.399827721492203,12.0
-0.981945251582325,-2.3125612588924866,5.0
-0.981945251582325,-2.2252947962927703,11.0
-0.981945251582325,-2.138028333693054,9.0
-0.981945251582325,-2.0507618710933375,6.0
-0.981945251582325,-1.9634954084936207,9.0
-0.981945251582325,-1.8762289458939043,10.0
-0.981945251582325,-1.7889624832941877,13.0
-0.981945251582325,-1.7016960206944713,8.0
-0.981945251582325,-1.6144295580947547,14.0
-0.981945251582325,-1.5271630954950384,7.0
-0.981945251582325,-1.439896632895322,14.0
-0.981945251582325,-1.3526301702956054,4.0
-0.981945251582325,-1.2653637076958888,4.0
-0.981945251582325,-1.1780972450961724,9.0
-0.981945251582325,-1.090830782496456,8.0
-0.981945251582325,-1.0035643198967397,8.0
-0.981945251582325,-0.9162978572970231,7.0
-0.981945251582325,-0.8290313946973065,9.0
-0.981945251582325,-0.7417649320975901,13.0
-0.981945251582325,-0.6544984694978737,10.0
-0.981945251582325,-0.5672320068981571,4.0
-0.981945251582325,-0.4799655442984405,11.0
-0.981945251582325,-0.39269908169872414,9.0
-0.981945251582325,-0.30543261909900776,9.0
-0.981945251582325,-0.21816615649929139,8.0
-0.981945251582325,-0.1308996938995748,12.0
-0.981945251582325,-0.04363323129985819,8.0
-0.981945251582325,0.04363323129985819,12.0
-0.981945251582325,0.13089969389957457,9.0
-0.981945251582325,0.21816615649929116,7.0
-0.981945251582325,0.30543261909900776,5.0
-0.981945251582325,0.39269908169872414,13.0
-0.981945251582325,0.4799655442984405,8.0
-0.981945251582325,0.5672320068981569,9.0
-0.981945251582325,0.6544984694978735,9.0
-0.981945251582325,0.7417649320975901,6.0
-0.981945251582325,0.8290313946973065,13.0
-0.981945251582325,0.9162978572970228,13.0
-0.981945251582325,1.0035643198967392,8.0
-0.981945251582325,1.0908307824964556,11.0
-0.981945251582325,1.178097245096172,5.0
-0.981945251582325,1.2653637076958888,7.0
-0.981945251582325,1.3526301702956056,6.0
-0.981945251582325,1.439896632895322,12.0
-0.981945251582325,1.5271630954950384,7.0
-0.981945251582325,1.6144295580947547,8.0
-0.981945251582325,1.7016960206944711,7.0
-0.981945251582325,1.7889624832941875,8.0
-0.981945251582325,1.8762289458939039,5.0
-0.981945251582325,1.9634954084936203,10.0
-0.981945251582325,2.050761871093337,9.0
-0.981945251582325,2.138028333693054,8.0
-0.981945251582325,2.2252947962927703,9.0
-0.981945251582325,2.3125612588924866,10.0
-0.981945251582325,2.399827721492203,4.0
-0.981945251582325,2.4870941840919194,5.0
-0.981945251582325,2.574360646691636,6.0
-0.981945251582325,2.661627109291352,11.0
-0.981945251582325,2.7488935718910685,11.0
-0.981945251582325,2.8361600344907854,12.0
-0.981945251582325,2.923426497090502,7.0
-0.981945251582325,3.0106929596902186,7.0
-0.981945251582325,3.097959422289935,7.0
-0.9422584361668265,-3.097959422289935,7.0
-0.9422584361668265,-3.0106929596902186,6.0
-0.9422584361668265,-2.923426497090502,8.0
-0.9422584361668265,-2.8361600344907854,11.0
-0.9422584361668265,-2.748893571891069,6.0
-0.9422584361668265,-2.6616271092913526,7.0
-0.9422584361668265,-2.574360646691636,14.0
-0.9422584361668265,-2.4870941840919194,9.0
-0.9422584361668265,-2.399827721492203,9.0
-0.9422584361668265,-2.3125612588924866,12.0
-0.9422584361668265,-2.2252947962927703,12.0
-0.9422584361668265,-2.138028333693054,7.0
-0.9422584361668265,-2.0507618710933375,12.0
-0.9422584361668265,-1.9634954084936207,13.0
-0.9422584361668265,-1.8762289458939043,6.0
-0.9422584361668265,-1.7889624832941877,5.0
-0.9422584361668265,-1.7016960206944713,8.0
-0.9422584361668265,-1.6144295580947547,8.0
-0.9422584361668265,-1.5271630954950384,8.0
-0.9422584361668265,-1.439896632895322,5.0
-0.9422584361668265,-1.3526301702956054,9.0
-0.9422584361668265,-1.2653637076958888,6.0
-0.9422584361668265,-1.1780972450961724,9.0
-0.9422584361668265,-1.090830782496456,4.0
-0.9422584361668265,-1.0035643198967397,7.0
-0.9422584361668265,-0.9162978572970231,8.0
-0.9422584361668265,-0.8290313946973065,13.0
-0.9422584361668265,-0.7417649320975901,10.0
-0.9422584361668265,-0.6544984694978737,7.0
-0.9422584361668265,-0.5672320068981571,8.0
-0.9422584361668265,-0.4799655442984405,14.0
-0.9422584361668265,-0.39269908169872414,8.0
-0.9422584361668265,-0.30543261909900776,12.0
-0.9422584361668265,-0.21816615649929139,3.0
-0.9422584361668265,-0.1308996938995748,13.0
-0.9422584361668265,-0.04363323129985819,8.0
-0.9422584361668265,0.04363323129985819,10.0
-0.9422584361668265,0.13089969389957457,8.0
-0.9422584361668265,0.21816615649929116,13.0
-0.9422584361668265,0.30543261909900776,10.0
-0.9422584361668265,0.39269908169872414,10.0
-0.9422584361668265,0.4799655442984405,11.0
-0.9422584361668265,0.5672320068981569,8.0
-0.9422584361668265,0.6544984694978735,5.0
-0.9422584361668265,0.7417649320975901,7.0
-0.9422584361668265,0.8290313946973065,6.0
-0.9422584361668265,0.9162978572970228,4.0
-0.9422584361668265,1.0035643198967392,10.0
-0.9422584361668265,1.0908307824964556,9.0
-0.9422584361668265,1.178097245096172,9.0
-0.9422584361668265,1.2653637076958888,10.0
-0.9422584361668265,1.3526301702956056,10.0
-0.9422584361668265,1.439896632895322,7.0
-0.9422584361668265,1.5271630954950384,8.0
-0.9422584361668265,1.6144295580947547,17.0
-0.9422584361668265,1.7016960206944711,5.0
-0.9422584361668265,1.7889624832941875,6.0
-0.9422584361668265,1.8762289458939039,9.0
-0.9422584361668265,1.9634954084936203,6.0
-0.9422584361668265,2.050761871093337,8.0
-0.9422584361668265,2.138028333693054,13.0
-0.9422584361668265,2.2252947962927703,12.0
-0.9422584361668265,2.3125612588924866,9.0
-0.9422584361668265,2.399827721492203,7.0
-0.9422584361668265,2.4870941840919194,5.0
-0.9422584361668265,2.574360646691636,9.0
-0.9422584361668265,2.661627109291352,8.0
-0.9422584361668265,2.7488935718910685,10.0
-0.9422584361668265,2.8361600344907854,8.0
-0.9422584361668265,2.923426497090502,8.0
-0.9422584361668265,3.0106929596902186,8.0
-0.9422584361668265,3.097959422289935,8.0
-0.9025716207513279,-3.097959422289935,13.0
-0.9025716207513279,-3.0106929596902186,8.0
-0.9025716207513279,-2.923426497090502,9.0
-0.9025716207513279,-2.8361600344907854,14.0
-0.9025716207513279,-2.748893571891069,11.0
-0.9025716207513279,-2.6616271092913526,9.0
-0.9025716207513279,-2.574360646691636,6.0
-0.9025716207513279,-2.4870941840919194,9.0
-0.9025716207513279,-2.399827721492203,9.0
-0.9025716207513279,-2.3125612588924866,12.0
-0.9025716207513279,-2.2252947962927703,8.0
-0.9025716207513279,-2.138028333693054,4.0
-0.9025716207513279,-2.0507618710933375,10.0
-0.9025716207513279,-1.9634954084936207,16.0
-0.9025716207513279,-1.8762289458939043,9.0
-0.9025716207513279,-1.7889624832941877,10.0
-0.9025716207513279,-1.7016960206944713,5.0
-0.9025716207513279,-1.6144295580947547,5.0
-0.9025716207513279,-1.5271630954950384,6.0
-0.9025716207513279,-1.439896632895322,5.0
-0.9025716207513279,-1.3526301702956054,15.0
-0.9025716207513279,-1.2653637076958888,15.0
-0.9025716207513279,-1.1780972450961724,12.0
-0.9025716207513279,-1.090830782496456,3.0
-0.9025716207513279,-1.0035643198967397,8.0
-0.9025716207513279,-0.9162978572970231,10.0
-0.9025716207513279,-0.8290313946973065,6.0
-0.9025716207513279,-0.7417649320975901,7.0
-0.9025716207513279,-0.6544984694978737,6.0
-0.9025716207513279,-0.5672320068981571,6.0
-0.9025716207513279,-0.4799655442984405,15.0
-0.9025716207513279,-0.39269908169872414,10.0
-0.9025716207513279,-0.30543261909900776,9.0
-0.9025716207513279,-0.21816615649929139,9.0
-0.9025716207513279,-0.1308996938995748,18.0
-0.9025716207513279,-0.04363323129985819,11.0
-0.9025716207513279,0.04363323129985819,13.0
-0.9025716207513279,0.13089969389957457,9.0
-0.9025716207513279,0.21816615649929116,7.0
-0.9025716207513279,0.30543261909900776,12.0
-0.9025716207513279,0.39269908169872414,12.0
-0.9025716207513279,0.4799655442984405,13.0
-0.9025716207513279,0.5672320068981569,9.0
-0.9025716207513279,0.6544984694978735,13.0
-0.9025716207513279,0.7417649320975901,7.0
-0.9025716207513279,0.8290313946973065,7.0
-0.9025716207513279,0.9162978572970228,10.0
-0.9025716207513279,1.0035643198967392,11.0
-0.9025716207513279,1.0908307824964556,8.0
-0.9025716207513279,1.178097245096172,7.0
-0.9025716207513279,1.2653637076958888,5.0
-0.9025716207513279,1.3526301702956056,5.0
-0.9025716207513279,1.439896632895322,8.0
-0.9025716207513279,1.5271630954950384,8.0
-0.9025716207513279,1.6144295580947547,10.0
-0.9025716207513279,1.7016960206944711,9.0
-0.9025716207513279,1.7889624832941875,12.0
-0.9025716207513279,1.8762289458939039,8.0
-0.9025716207513279,1.9634954084936203,12.0
-0.9025716207513279,2.050761871093337,9.0
-0.9025716207513279,2.138028333693054,7.0
-0.9025716207513279,2.2252947962927703,6.0
-0.9025716207513279,2.3125612588924866,12.0
-0.9025716207513279,2.399827721492203,7.0
-0.9025716207513279,2.4870941840919194,12.0
-0.9025716207513279,2.574360646691636,8.0
-0.9025716207513279,2.661627109291352,4.0
-0.9025716207513279,2.7488935718910685,12.0
-0.9025716207513279,2.8361600344907854,8.0
-0.9025716207513279,2.923426497090502,9.0
-0.9025716207513279,3.0106929596902186,8.0
-0.9025716207513279,3.097959422289935,11.0
-0.8628848053358295,-3.097959422289935,11.0
-0.8628848053358295,-3.0106929596902186,11.0
-0.8628848053358295,-2.923426497090502,13.0
-0.8628848053358295,-2.8361600344907854,12.0
-0.8628848053358295,-2.748893571891069,9.0
-0.8628848053358295,-2.6616271092913526,3.0
-0.8628848053358295,-2.574360646691636,7.0
-0.8628848053358295,-2.4870941840919194,10.0
-0.8628848053358295,-2.399827721492203,9.0
-0.8628848053358295,-2.3125612588924866,9.0
-0.8628848053358295,-2.2252947962927703,9.0
-0.8628848053358295,-2.138028333693054,13.0
-0.8628848053358295,-2.0507618710933375,10.0
-0.8628848053358295,-1.9634954084936207,12.0
-0.8628848053358295,-1.8762289458939043,5.0
-0.8628848053358295,-1.7889624832941877,9.0
-0.8628848053358295,-1.7016960206944713,19.0
-0.8628848053358295,-1.6144295580947547,13.0
-0.8628848053358295,-1.5271630954950384,12.0
-0.8628848053358295,-1.439896632895322,10.0
-0.8628848053358295,-1.3526301702956054,9.0
-0.8628848053358295,-1.2653637076958888,8.0
-0.8628848053358295,-1.1780972450961724,16.0
-0.8628848053358295,-1.090830782496456,13.0
-0.8628848053358295,-1.0035643198967397,13.0
-0.8628848053358295,-0.9162978572970231,12.0
-0.8628848053358295,-0.8290313946973065,4.0
-0.8628848053358295,-0.7417649320975901,11.0
-0.8628848053358295,-0.6544984694978737,7.0
-0.8628848053358295,-0.5672320068981571,14.0
-0.8628848053358295,-0.4799655442984405,9.0
-0.8628848053358295,-0.39269908169872414,10.0
-0.8628848053358295,-0.30543261909900776,9.0
-0.8628848053358295,-0.21816615649929139,17.0
-0.8628848053358295,-0.1308996938995748,10.0
-0.8628848053358295,-0.04363323129985819,16.0
-0.8628848053358295,0.04363323129985819,11.0
-0.8628848053358295,0.13089969389957457,10.0
-0.8628848053358295,0.21816615649929116,6.0
-0.8628848053358295,0.30543261909900776,5.0
-0.8628848053358295,0.39269908169872414,10.0
-0.8628848053358295,0.4799655442984405,5.0
-0.8628848053358295,0.5672320068981569,12.0
-0.8628848053358295,0.6544984694978735,5.0
-0.8628848053358295,0.7417649320975901,7.0
-0.8628848053358295,0.8290313946973065,12.0
-0.8628848053358295,0.9162978572970228,7.0
-0.8628848053358295,1.0035643198967392,10.0
-0.8628848053358295,1.0908307824964556,11.0
-0.8628848053358295,1.178097245096172,14.0
-0.8628848053358295,1.2653637076958888,10.0
-0.8628848053358295,1.3526301702956056,8.0
-0.8628848053358295,1.439896632895322,11.0
-0.8628848053358295,1.5271630954950384,9.0
-0.8628848053358295,1.6144295580947547,7.0
-0.8628848053358295,1.7016960206944711,8.0
-0.8628848053358295,1.7889624832941875,13.0
-0.8628848053358295,1.8762289458939039,8.0
-0.8628848053358295,1.9634954084936203,13.0
-0.8628848053358295,2.050761871093337,10.0
-0.8628848053358295,2.138028333693054,8.0
-0.8628848053358295,2.2252947962927703,18.0
-0.8628848053358295,2.3125612588924866,10.0
-0.8628848053358295,2.399827721492203,7.0
-0.8628848053358295,2.4870941840919194,13.0
-0.8628848053358295,2.574360646691636,11.0
-0.8628848053358295,2.661627109291352,6.0
-0.8628848053358295,2.7488935718910685,7.0
-0.8628848053358295,2.8361600344907854,8.0
-0.8628848053358295,2.923426497090502,9.0
-0.8628848053358295,3.0106929596902186,15.0
-0.8628848053358295,3.097959422289935,10.0
-0.8231979899203309,-3.097959422289935,15.0
-0.8231979899203309,-3.0106929596902186,10.0
-0.8231979899203309,-2.923426497090502,9.0
-0.8231979899203309,-2.8361600344907854,13.0
-0.8231979899203309,-2.748893571891069,8.0
-0.8231979899203309,-2.6616271092913526,11.0
-0.8231979899203309,-2.574360646691636,12.0
-0.8231979899203309,-2.4870941840919194,5.0
-0.8231979899203309,-2.399827721492203,7.0
-0.8231979899203309,-2.3125612588924866,12.0
-0.8231979899203309,-2.2252947962927703,10.0
-0.8231979899203309,-2.138028333693054,12.0
-0.8231979899203309,-2.0507618710933375,11.0
-0.8231979899203309,-1.9634954084936207,11.0
-0.8231979899203309,-1.8762289458939043,7.0
-0.8231979899203309,-1.7889624832941877,12.0
-0.8231979899203309,-1.7016960206944713,13.0
-0.8231979899203309,-1.6144295580947547,8.0
-0.8231979899203309,-1.5271630954950384,12.0
-0.8231979899203309,-1.439896632895322,6.0
-0.8231979899203309,-1.3526301702956054,8.0
-0.8231979899203309,-1.2653637076958888,14.0
-0.8231979899203309,-1.1780972450961724,13.0
-0.8231979899203309,-1.090830782496456,17.0
-0.8231979899203309,-1.0035643198967397,16.0
-0.8231979899203309,-0.9162978572970231,22.0
-0.8231979899203309,-0.8290313946973065,16.0
-0.8231979899203309,-0.7417649320975901,14.0
-0.8231979899203309,-0.6544984694978737,8.0
-0.8231979899203309,-0.5672320068981571,7.0
-0.8231979899203309,-0.4799655442984405,16.0
-0.8231979899203309,-0.39269908169872414,10.0
-0.8231979899203309,-0.30543261909900776,12.0
-0.8231979899203309,-0.21816615649929139,12.0
-0.8231979899203309,-0.1308996938995748,12.0
-0.8231979899203309,-0.04363323129985819,7.0
-0.8231979899203309,0.04363323129985819,13.0
-0.8231979899203309,0.13089969389957457,9.0
-0.8231979899203309,0.21816615649929116,9.0
-0.8231979899203309,0.30543261909900776,16.0
-0.8231979899203309,0.39269908169872414,10.0
-0.8231979899203309,0.4799655442984405,7.0
-0.8231979899203309,0.5672320068981569,9.0
-0.8231979899203309,0.6544984694978735,14.0
-0.8231979899203309,0.7417649320975901,7.0
-0.8231979899203309,0.8290313946973065,13.0
-0.8231979899203309,0.9162978572970228,12.0
-0.8231979899203309,1.0035643198967392,11.0
-0.8231979899203309,1.0908307824964556,8.0
-0.8231979899203309,1.178097245096172,14.0
-0.8231979899203309,1.2653637076958888,13.0
-0.8231979899203309,1.3526301702956056,9.0
-0.8231979899203309,1.439896632895322,12.0
-0.8231979899203309,1.5271630954950384,5.0
-0.8231979899203309,1.6144295580947547,18.0
-0.8231979899203309,1.7016960206944711,9.0
-0.8231979899203309,1.7889624832941875,10.0
-0.8231979899203309,1.8762289458939039,8.0
-0.8231979899203309,1.9634954084936203,16.0
-0.8231979899203309,2.050761871093337,18.0
-0.8231979899203309,2.138028333693054,15.0
-0.8231979899203309,2.2252947962927703,8.0
-0.8231979899203309,2.3125612588924866,3.0
-0.8231979899203309,2.399827721492203,9.0
-0.8231979899203309,2.4870941840919194,16.0
-0.8231979899203309,2.574360646691636,7.0
-0.8231979899203309,2.661627109291352,15.0
-0.8231979899203309,2.7488935718910685,16.0
-0.8231979899203309,2.8361600344907854,4.0
-0.8231979899203309,2.923426497090502,8.0
-0.8231979899203309,3.0106929596902186,13.0
-0.8231979899203309,3.097959422289935,13.0
-0.7835111745048324,-3.097959422289935,13.0
-0.7835111745048324,-3.0106929596902186,14.0
-0.7835111745048324,-2.923426497090502,9.0
-0.7835111745048324,-2.8361600344907854,6.0
-0.7835111745048324,-2.748893571891069,15.0
-0.7835111745048324,-2.6616271092913526,12.0
-0.7835111745048324,-2.574360646691636,8.0
-0.7835111745048324,-2.4870941840919194,7.0
-0.7835111745048324,-2.399827721492203,12.0
-0.7835111745048324,-2.3125612588924866,11.0
-0.7835111745048324,-2.2252947962927703,8.0
-0.7835111745048324,-2.138028333693054,18.0
-0.7835111745048324,-2.0507618710933375,11.0
-0.7835111745048324,-1.9634954084936207,11.0
-0.7835111745048324,-1.8762289458939043,11.0
-0.7835111745048324,-1.7889624832941877,17.0
-0.7835111745048324,-1.7016960206944713,10.0
-0.7835111745048324,-1.6144295580947547,10.0
-0.7835111745048324,-1.5271630954950384,16.0
-0.7835111745048324,-1.439896632895322,12.0
-0.7835111745048324,-1.3526301702956054,8.0
-0.7835111745048324,-1.2653637076958888,10.0
-0.7835111745048324,-1.1780972450961724,13.0
-0.7835111745048324,-1.090830782496456,7.0
-0.7835111745048324,-1.0035643198967397,13.0
-0.7835111745048324,-0.9162978572970231,16.0
-0.7835111745048324,-0.8290313946973065,14.0
-0.7835111745048324,-0.7417649320975901,12.0
-0.7835111745048324,-0.6544984694978737,12.0
-0.7835111745048324,-0.5672320068981571,9.0
-0.7835111745048324,-0.4799655442984405,13.0
-0.7835111745048324,-0.39269908169872414,9.0
-0.7835111745048324,-0.30543261909900776,17.0
-0.7835111745048324,-0.21816615649929139,7.0
-0.7835111745048324,-0.1308996938995748,10.0
-0.7835111745048324,-0.04363323129985819,13.0
-0.7835111745048324,0.04363323129985819,13.0
-0.7835111745048324,0.13089969389957457,9.0
-0.7835111745048324,0.21816615649929116,18.0
-0.7835111745048324,0.30543261909900776,10.0
-0.7835111745048324,0.39269908169872414,11.0
-0.7835111745048324,0.4799655442984405,16.0
-0.7835111745048324,0.5672320068981569,8.0
-0.7835111745048324,0.6544984694978735,11.0
-0.7835111745048324,0.7417649320975901,10.0
-0.7835111745048324,0.8290313946973065,10.0
-0.7835111745048324,0.9162978572970228,11.0
-0.7835111745048324,1.0035643198967392,16.0
-0.7835111745048324,1.0908307824964556,12.0
-0.7835111745048324,1.178097245096172,11.0
-0.7835111745048324,1.2653637076958888,11.0
-0.7835111745048324,1.3526301702956056,12.0
-0.7835111745048324,1.439896632895322,9.0
-0.7835111745048324,1.5271630954950384,8.0
-0.7835111745048324,1.6144295580947547,12.0
-0.7835111745048324,1.7016960206944711,19.0
-0.7835111745048324,1.7889624832941875,14.0
-0.7835111745048324,1.8762289458939039,9.0
-0.7835111745048324,1.9634954084936203,15.0
-0.7835111745048324,2.050761871093337,12.0
-0.7835111745048324,2.138028333693054,14.0
-0.7835111745048324,2.2252947962927703,11.0
-0.7835111745048324,2.3125612588924866,11.0
-0.7835111745048324,2.399827721492203,14.0
-0.7835111745048324,2.4870941840919194,15.0
-0.7835111745048324,2.574360646691636,12.0
-0.7835111745048324,2.661627109291352,18.0
-0.7835111745048324,2.7488935718910685,18.0
-0.7835111745048324,2.8361600344907854,15.0
-0.7835111745048324,2.923426497090502,14.0
-0.7835111745048324,3.0106929596902186,8.0
-0.7835111745048324,3.097959422289935,11.0
-0.7438243590893339,-3.097959422289935,20.0
-0.7438243590893339,-3.0106929596902186,18.0
-0.7438243590893339,-2.923426497090502,13.0
-0.7438243590893339,-2.8361600344907854,17.0
-0.7438243590893339,-2.748893571891069,14.0
-0.7438243590893339,-2.6616271092913526,19.0
-0.7438243590893339,-2.574360646691636,7.0
-0.7438243590893339,-2.4870941840919194,14.0
-0.7438243590893339,-2.399827721492203,13.0
-0.7438243590893339,-2.3125612588924866,10.0
-0.7438243590893339,-2.2252947962927703,18.0
-0.7438243590893339,-2.138028333693054,18.0
-0.7438243590893339,-2.0507618710933375,14.0
-0.7438243590893339,-1.9634954084936207,8.0
-0.7438243590893339,-1.8762289458939043,7.0
-0.7438243590893339,-1.7889624832941877,17.0
-0.7438243590893339,-1.7016960206944713,11.0
-0.7438243590893339,-1.6144295580947547,8.0
-0.7438243590893339,-1.5271630954950384,13.0
-0.7438243590893339,-1.439896632895322,16.0
-0.7438243590893339,-1.3526301702956054,15.0
-0.7438243590893339,-1.2653637076958888,16.0
-0.7438243590893339,-1.1780972450961724,15.0
-0.7438243590893339,-1.090830782496456,13.0
-0.7438243590893339,-1.0035643198967397,14.0
-0.7438243590893339,-0.9162978572970231,18.0
-0.7438243590893339,-0.8290313946973065,10.0
-0.7438243590893339,-0.7417649320975901,16.0
-0.7438243590893339,-0.6544984694978737,11.0
-0.7438243590893339,-0.5672320068981571,12.0
-0.7438243590893339,-0.4799655442984405,16.0
-0.7438243590893339,-0.39269908169872414,10.0
-0.7438243590893339,-0.30543261909900776,13.0
-0.7438243590893339,-0.21816615649929139,9.0
-0.7438243590893339,-0.1308996938995748,11.0
-0.7438243590893339,-0.04363323129985819,9.0
-0.7438243590893339,0.04363323129985819,11.0
-0.7438243590893339,0.13089969389957457,11.0
-0.7438243590893339,0.21816615649929116,9.0
-0.7438243590893339,0.30543261909900776,14.0
-0.7438243590893339,0.39269908169872414,11.0
-0.7438243590893339,0.4799655442984405,15.0
-0.7438243590893339,0.5672320068981569,8.0
-0.7438243590893339,0.6544984694978735,14.0
-0.7438243590893339,0.7417649320975901,14.0
-0.7438243590893339,0.8290313946973065,12.0
-0.7438243590893339,0.9162978572970228,11.0
-0.7438243590893339,1.0035643198967392,13.0
-0.7438243590893339,1.0908307824964556,17.0
-0.7438243590893339,1.178097245096172,7.0
-0.7438243590893339,1.2653637076958888,20.0
-0.7438243590893339,1.3526301702956056,11.0
-0.7438243590893339,1.439896632895322,16.0
-0.7438243590893339,1.5271630954950384,11.0
-0.7438243590893339,1.6144295580947547,12.0
-0.7438243590893339,1.7016960206944711,18.0
-0.7438243590893339,1.7889624832941875,7.0
-0.7438243590893339,1.8762289458939039,11.0
-0.7438243590893339,1.9634954084936203,17.0
-0.7438243590893339,2.050761871093337,16.0
-0.7438243590893339,2.138028333693054,9.0
-0.7438243590893339,2.2252947962927703,9.0
-0.7438243590893339,2.3125612588924866,16.0
-0.7438243590893339,2.399827721492203,12.0
-0.7438243590893339,2.4870941840919194,20.0
-0.7438243590893339,2.574360646691636,13.0
-0.7438243590893339,2.661627109291352,11.0
-0.7438243590893339,2.7488935718910685,9.0
-0.7438243590893339,2.8361600344907854,16.0
-0.7438243590893339,2.923426497090502,15.0
-0.7438243590893339,3.0106929596902186,14.0
-0.7438243590893339,3.097959422289935,8.0
-0.7041375436738353,-3.097959422289935,6.0
-0.7041375436738353,-3.0106929596902186,8.0
-0.7041375436738353,-2.923426497090502,30.0
-0.7041375436738353,-2.8361600344907854,11.0
-0.7041375436738353,-2.748893571891069,16.0
-0.7041375436738353,-2.6616271092913526,18.0
-0.7041375436738353,-2.574360646691636,13.0
-0.7041375436738353,-2.4870941840919194,15.0
-0.7041375436738353,-2.399827721492203,14.0
-0.7041375436738353,-2.3125612588924866,6.0
-0.7041375436738353,-2.2252947962927703,14.0
-0.7041375436738353,-2.138028333693054,14.0
-0.7041375436738353,-2.0507618710933375,12.0
-0.7041375436738353,-1.9634954084936207,9.0
-0.7041375436738353,-1.8762289458939043,7.0
-0.7041375436738353,-1.7889624832941877,6.0
-0.7041375436738353,-1.7016960206944713,15.0
-0.7041375436738353,-1.6144295580947547,16.0
-0.7041375436738353,-1.5271630954950384,8.0
-0.7041375436738353,-1.439896632895322,17.0
-0.7041375436738353,-1.3526301702956054,7.0
-0.7041375436738353,-1.2653637076958888,9.0
-0.7041375436738353,-1.1780972450961724,16.0
-0.7041375436738353,-1.090830782496456,15.0
-0.7041375436738353,-1.0035643198967397,14.0
-0.7041375436738353,-0.9162978572970231,15.0
-0.7041375436738353,-0.8290313946973065,10.0
-0.7041375436738353,-0.7417649320975901,19.0
-0.7041375436738353,-0.6544984694978737,8.0
-0.7041375436738353,-0.5672320068981571,20.0
-0.7041375436738353,-0.4799655442984405,11.0
-0.7041375436738353,-0.39269908169872414,9.0
-0.7041375436738353,-0.30543261909900776,18.0
-0.7041375436738353,-0.21816615649929139,10.0
-0.7041375436738353,-0.1308996938995748,13.0
-0.7041375436738353,-0.04363323129985819,11.0
-0.7041375436738353,0.04363323129985819,14.0
-0.7041375436738353,0.13089969389957457,15.0
-0.7041375436738353,0.21816615649929116,14.0
-0.7041375436738353,0.30543261909900776,14.0
-0.7041375436738353,0.39269908169872414,10.0
-0.7041375436738353,0.4799655442984405,13.0
-0.7041375436738353,0.5672320068981569,10.0
-0.7041375436738353,0.6544984694978735,14.0
-0.7041375436738353,0.7417649320975901,14.0
-0.7041375436738353,0.8290313946973065,11.0
-0.7041375436738353,0.9162978572970228,12.0
-0.7041375436738353,1.0035643198967392,14.0
-0.7041375436738353,1.0908307824964556,13.0
-0.7041375436738353,1.178097245096172,14.0
-0.7041375436738353,1.2653637076958888,15.0
-0.7041375436738353,1.3526301702956056,15.0
-0.7041375436738353,1.439896632895322,10.0
-0.7041375436738353,1.5271630954950384,6.0
-0.7041375436738353,1.6144295580947547,14.0
-0.7041375436738353,1.7016960206944711,10.0
-0.7041375436738353,1.7889624832941875,9.0
-0.7041375436738353,1.8762289458939039,14.0
-0.7041375436738353,1.9634954084936203,16.0
-0.7041375436738353,2.050761871093337,12.0
-0.7041375436738353,2.138028333693054,10.0
-0.7041375436738353,2.2252947962927703,9.0
-0.7041375436738353,2.3125612588924866,11.0
-0.7041375436738353,2.399827721492203,6.0
-0.7041375436738353,2.4870941840919194,14.0
-0.7041375436738353,2.574360646691636,14.0
-0.7041375436738353,2.661627109291352,13.0
-0.7041375436738353,2.7488935718910685,8.0
-0.7041375436738353,2.8361600344907854,9.0
-0.7041375436738353,2.923426497090502,10.0
-0.7041375436738353,3.0106929596902186,14.0
-0.7041375436738353,3.097959422289935,12.0
-0.6644507282583367,-3.097959422289935,11.0
-0.6644507282583367,-3.0106929596902186,13.0
-0.6644507282583367,-2.923426497090502,19.0
-0.6644507282583367,-2.8361600344907854,11.0
-0.6644507282583367,-2.748893571891069,12.0
-0.6644507282583367,-2.6616271092913526,19.0
-0.6644507282583367,-2.574360646691636,11.0
-0.6644507282583367,-2.4870941840919194,17.0
-0.6644507282583367,-2.399827721492203,10.0
-0.6644507282583367,-2.3125612588924866,13.0
-0.6644507282583367,-2.2252947962927703,8.0
-0.6644507282583367,-2.138028333693054,17.0
-0.6644507282583367,-2.0507618710933375,21.0
-0.6644507282583367,-1.9634954084936207,11.0
-0.6644507282583367,-1.8762289458939043,12.0
-0.6644507282583367,-1.7889624832941877,9.0
-0.6644507282583367,-1.7016960206944713,10.0
-0.6644507282583367,-1.6144295580947547,18.0
-0.6644507282583367,-1.5271630954950384,16.0
-0.6644507282583367,-1.439896632895322,14.0
-0.6644507282583367,-1.3526301702956054,14.0
-0.6644507282583367,-1.2653637076958888,18.0
-0.6644507282583367,-1.1780972450961724,17.0
-0.6644507282583367,-1.090830782496456,17.0
-0.6644507282583367,-1.0035643198967397,14.0
-0.6644507282583367,-0.9162978572970231,14.0
-0.6644507282583367,-0.8290313946973065,14.0
-0.6644507282583367,-0.7417649320975901,13.0
-0.6644507282583367,-0.6544984694978737,13.0
-0.6644507282583367,-0.5672320068981571,11.0
-0.6644507282583367,-0.4799655442984405,8.0
-0.6644507282583367,-0.39269908169872414,21.0
-0.6644507282583367,-0.30543261909900776,15.0
-0.6644507282583367,-0.21816615649929139,17.0
-0.6644507282583367,-0.1308996938995748,11.0
-0.6644507282583367,-0.04363323129985819,13.0
-0.6644507282583367,0.04363323129985819,16.0
-0.6644507282583367,0.13089969389957457,13.0
-0.6644507282583367,0.21816615649929116,20.0
-0.6644507282583367,0.30543261909900776,10.0
-0.6644507282583367,0.39269908169872414,20.0
-0.6644507282583367,0.4799655442984405,13.0
-0.6644507282583367,0.5672320068981569,11.0
-0.6644507282583367,0.6544984694978735,16.0
-0.6644507282583367,0.7417649320975901,19.0
-0.6644507282583367,0.8290313946973065,12.0
-0.6644507282583367,0.9162978572970228,8.0
-0.6644507282583367,1.0035643198967392,14.0
-0.6644507282583367,1.0908307824964556,11.0
-0.6644507282583367,1.178097245096172,17.0
-0.6644507282583367,1.2653637076958888,14.0
-0.6644507282583367,1.3526301702956056,14.0
-0.6644507282583367,1.439896632895322,6.0
-0.6644507282583367,1.5271630954950384,20.0
-0.6644507282583367,1.6144295580947547,16.0
-0.6644507282583367,1.7016960206944711,12.0
-0.6644507282583367,1.7889624832941875,10.0
-0.6644507282583367,1.8762289458939039,15.0
-0.6644507282583367,1.9634954084936203,12.0
-0.6644507282583367,2.050761871093337,14.0
-0.6644507282583367,2.138028333693054,9.0
-0.6644507282583367,2.2252947962927703,14.0
-0.6644507282583367,2.3125612588924866,16.0
-0.6644507282583367,2.399827721492203,15.0
-0.6644507282583367,2.4870941840919194,7.0
-0.6644507282583367,2.574360646691636,18.0
-0.6644507282583367,2.661627109291352,18.0
-0.6644507282583367,2.7488935718910685,17.0
-0.6644507282583367,2.8361600344907854,19.0
-0.6644507282583367,2.923426497090502,14.0
-0.6644507282583367,3.0106929596902186,10.0
-0.6644507282583367,3.097959422289935,20.0
-0.6247639128428383,-3.097959422289935,5.0
-0.6247639128428383,-3.0106929596902186,25.0
-0.6247639128428383,-2.923426497090502,9.0
-0.6247639128428383,-2.8361600344907854,12.0
-0.6247639128428383,-2.748893571891069,16.0
-0.6247639128428383,-2.6616271092913526,16.0
-0.6247639128428383,-2.574360646691636,4.0
-0.6247639128428383,-2.4870941840919194,15.0
-0.6247639128428383,-2.399827721492203,11.0
-0.6247639128428383,-2.3125612588924866,14.0
-0.6247639128428383,-2.2252947962927703,15.0
-0.6247639128428383,-2.138028333693054,11.0
-0.6247639128428383,-2.0507618710933375,21.0
-0.6247639128428383,-1.9634954084936207,13.0
-0.6247639128428383,-1.8762289458939043,12.0
-0.6247639128428383,-1.7889624832941877,12.0
-0.6247639128428383,-1.7016960206944713,10.0
-0.6247639128428383,-1.6144295580947547,15.0
-0.6247639128428383,-1.5271630954950384,15.0
-0.6247639128428383,-1.439896632895322,20.0
-0.6247639128428383,-1.3526301702956054,12.0
-0.6247639128428383,-1.2653637076958888,16.0
-0.6247639128428383,-1.1780972450961724,11.0
-0.6247639128428383,-1.090830782496456,15.0
-0.6247639128428383,-1.0035643198967397,11.0
-0.6247639128428383,-0.9162978572970231,13.0
-0.6247639128428383,-0.8290313946973065,18.0
-0.6247639128428383,-0.7417649320975901,24.0
-0.6247639128428383,-0.6544984694978737,13.0
-0.6247639128428383,-0.5672320068981571,9.0
-0.6247639128428383,-0.4799655442984405,15.0
-0.6247639128428383,-0.39269908169872414,16.0
-0.6247639128428383,-0.30543261909900776,24.0
-0.6247639128428383,-0.21816615649929139,13.0
-0.6247639128428383,-0.1308996938995748,15.0
-0.6247639128428383,-0.04363323129985819,21.0
-0.6247639128428383,0.04363323129985819,15.0
-0.6247639128428383,0.13089969389957457,19.0
-0.6247639128428383,0.21816615649929116,6.0
-0.6247639128428383,0.30543261909900776,13.0
-0.6247639128428383,0.39269908169872414,14.0
-0.6247639128428383,0.4799655442984405,8.0
-0.6247639128428383,0.5672320068981569,13.0
-0.6247639128428383,0.6544984694978735,14.0
-0.6247639128428383,0.7417649320975901,8.0
-0.6247639128428383,0.8290313946973065,11.0
-0.6247639128428383,0.9162978572970228,18.0
-0.6247639128428383,1.0035643198967392,11.0
-0.6247639128428383,1.0908307824964556,18.0
-0.6247639128428383,1.178097245096172,19.0
-0.6247639128428383,1.2653637076958888,26.0
-0.6247639128428383,1.3526301702956056,14.0
-0.6247639128428383,1.439896632895322,10.0
-0.6247639128428383,1.5271630954950384,19.0
-0.6247639128428383,1.6144295580947547,8.0
-0.6247639128428383,1.7016960206944711,16.0
-0.6247639128428383,1.7889624832941875,20.0
-0.6247639128428383,1.8762289458939039,10.0
-0.6247639128428383,1.9634954084936203,21.0
-0.6247639128428383,2.050761871093337,10.0
-0.6247639128428383,2.138028333693054,12.0
-0.6247639128428383,2.2252947962927703,12.0
-0.6247639128428383,2.3125612588924866,16.0
-0.6247639128428383,2.399827721492203,12.0
-0.6247639128428383,2.4870941840919194,14.0
-0.6247639128428383,2.574360646691636,23.0
-0.6247639128428383,2.661627109291352,12.0
-0.6247639128428383,2.7488935718910685,15.0
-0.6247639128428383,2.8361600344907854,9.0
-0.6247639128428383,2.923426497090502,17.0
-0.6247639128428383,3.0106929596902186,12.0
-0.6247639128428383,3.097959422289935,19.0
-0.5850770974273397,-3.097959422289935,23.0
-0.5850770974273397,-3.0106929596902186,17.0
-0.5850770974273397,-2.923426497090502,15.0
-0.5850770974273397,-2.8361600344907854,15.0
-0.5850770974273397,-2.748893571891069,15.0
-0.5850770974273397,-2.6616271092913526,11.0
-0.5850770974273397,-2.574360646691636,14.0
-0.5850770974273397,-2.4870941840919194,11.0
-0.5850770974273397,-2.399827721492203,19.0
-0.5850770974273397,-2.3125612588924866,18.0
-0.5850770974273397,-2.2252947962927703,14.0
-0.5850770974273397,-2.138028333693054,14.0
-0.5850770974273397,-2.0507618710933375,11.0
-0.5850770974273397,-1.9634954084936207,14.0
-0.5850770974273397,-1.8762289458939043,19.0
-0.5850770974273397,-1.7889624832941877,22.0
-0.5850770974273397,-1.7016960206944713,14.0
-0.5850770974273397,-1.6144295580947547,17.0
-0.5850770974273397,-1.5271630954950384,11.0
-0.5850770974273397,-1.439896632895322,15.0
-0.5850770974273397,-1.3526301702956054,18.0
-0.5850770974273397,-1.2653637076958888,16.0
-0.5850770974273397,-1.1780972450961724,11.0
-0.5850770974273397,-1.090830782496456,12.0
-0.5850770974273397,-1.0035643198967397,16.0
-0.5850770974273397,-0.9162978572970231,11.0
-0.5850770974273397,-0.8290313946973065,12.0
-0.5850770974273397,-0.7417649320975901,8.0
-0.5850770974273397,-0.6544984694978737,16.0
-0.5850770974273397,-0.5672320068981571,21.0
-0.5850770974273397,-0.4799655442984405,15.0
-0.5850770974273397,-0.39269908169872414,11.0
-0.5850770974273397,-0.30543261909900776,14.0
-0.5850770974273397,-0.21816615649929139,8.0
-0.5850770974273397,-0.1308996938995748,25.0
-0.5850770974273397,-0.04363323129985819,6.0
-0.5850770974273397,0.04363323129985819,17.0
-0.5850770974273397,0.13089969389957457,14.0
-0.5850770974273397,0.21816615649929116,9.0
-0.5850770974273397,0.30543261909900776,13.0
-0.5850770974273397,0.39269908169872414,23.0
-0.5850770974273397,0.4799655442984405,11.0
-0.5850770974273397,0.5672320068981569,18.0
-0.5850770974273397,0.6544984694978735,18.0
-0.5850770974273397,0.7417649320975901,12.0
-0.5850770974273397,0.8290313946973065,19.0
-0.5850770974273397,0.9162978572970228,12.0
-0.5850770974273397,1.0035643198967392,13.0
-0.5850770974273397,1.0908307824964556,13.0
-0.5850770974273397,1.178097245096172,15.0
-0.5850770974273397,1.2653637076958888,14.0
-0.5850770974273397,1.3526301702956056,20.0
-0.5850770974273397,1.439896632895322,14.0
-0.5850770974273397,1.5271630954950384,26.0
-0.5850770974273397,1.6144295580947547,14.0
-0.5850770974273397,1.7016960206944711,15.0
-0.5850770974273397,1.7889624832941875,18.0
-0.5850770974273397,1.8762289458939039,8.0
-0.5850770974273397,1.9634954084936203,22.0
-0.5850770974273397,2.050761871093337,8.0
-0.5850770974273397,2.138028333693054,24.0
-0.5850770974273397,2.2252947962927703,23.0
-0.5850770974273397,2.3125612588924866,16.0
-0.5850770974273397,2.399827721492203,15.0
-0.5850770974273397,2.4870941840919194,12.0
-0.5850770974273397,2.574360646691636,13.0
-0.5850770974273397,2.661627109291352,9.0
-0.5850770974273397,2.7488935718910685,15.0
-0.5850770974273397,2.8361600344907854,6.0
-0.5850770974273397,2.923426497090502,13.0
-0.5850770974273397,3.0106929596902186,20.0
-0.5850770974273397,3.097959422289935,18.0
-0.5453902820118411,-3.097959422289935,18.0
-0.5453902820118411,-3.0106929596902186,17.0
-0.5453902820118411,-2.923426497090502,24.0
-0.5453902820118411,-2.8361600344907854,10.0
-0.5453902820118411,-2.748893571891069,16.0
-0.5453902820118411,-2.6616271092913526,19.0
-0.5453902820118411,-2.574360646691636,18.0
-0.5453902820118411,-2.4870941840919194,15.0
-0.5453902820118411,-2.399827721492203,13.0
-0.5453902820118411,-2.3125612588924866,18.0
-0.5453902820118411,-2.2252947962927703,11.0
-0.5453902820118411,-2.138028333693054,11.0
-0.5453902820118411,-2.0507618710933375,15.0
-0.5453902820118411,-1.9634954084936207,20.0
-0.5453902820118411,-1.8762289458939043,12.0
-0.5453902820118411,-1.7889624832941877,15.0
-0.5453902820118411,-1.7016960206944713,18.0
-0.5453902820118411,-1.6144295580947547,15.0
-0.5453902820118411,-1.5271630954950384,20.0
-0.5453902820118411,-1.439896632895322,18.0
-0.5453902820118411,-1.3526301702956054,19.0
-0.5453902820118411,-1.2653637076958888,16.0
-0.5453902820118411,-1.1780972450961724,18.0
-0.5453902820118411,-1.090830782496456,13.0
-0.5453902820118411,-1.0035643198967397,15.0
-0.5453902820118411,-0.9162978572970231,13.0
-0.5453902820118411,-0.8290313946973065,16.0
-0.5453902820118411,-0.7417649320975901,17.0
-0.5453902820118411,-0.6544984694978737,18.0
-0.5453902820118411,-0.5672320068981571,19.0
-0.5453902820118411,-0.4799655442984405,15.0
-0.5453902820118411,-0.39269908169872414,10.0
-0.5453902820118411,-0.30543261909900776,23.0
-0.5453902820118411,-0.21816615649929139,8.0
-0.5453902820118411,-0.1308996938995748,17.0
-0.5453902820118411,-0.04363323129985819,18.0
-0.5453902820118411,0.04363323129985819,27.0
-0.5453902820118411,0.13089969389957457,21.0
-0.5453902820118411,0.21816615649929116,13.0
-0.5453902820118411,0.30543261909900776,25.0
-0.5453902820118411,0.39269908169872414,14.0
-0.5453902820118411,0.4799655442984405,15.0
-0.5453902820118411,0.5672320068981569,14.0
-0.5453902820118411,0.6544984694978735,10.0
-0.5453902820118411,0.7417649320975901,14.0
-0.5453902820118411,0.8290313946973065,16.0
-0.5453902820118411,0.9162978572970228,18.0
-0.5453902820118411,1.0035643198967392,14.0
-0.5453902820118411,1.0908307824964556,11.0
-0.5453902820118411,1.178097245096172,20.0
-0.5453902820118411,1.2653637076958888,14.0
-0.5453902820118411,1.3526301702956056,13.0
-0.5453902820118411,1.439896632895322,16.0
-0.5453902820118411,1.5271630954950384,14.0
-0.5453902820118411,1.6144295580947547,24.0
-0.5453902820118411,1.7016960206944711,21.0
-0.5453902820118411,1.7889624832941875,13.0
-0.5453902820118411,1.8762289458939039,16.0
-0.5453902820118411,1.9634954084936203,13.0
-0.5453902820118411,2.050761871093337,19.0
-0.5453902820118411,2.138028333693054,12.0
-0.5453902820118411,2.2252947962927703,13.0
-0.5453902820118411,2.3125612588924866,18.0
-0.5453902820118411,2.399827721492203,10.0
-0.5453902820118411,2.4870941840919194,13.0
-0.5453902820118411,2.574360646691636,17.0
-0.5453902820118411,2.661627109291352,6.0
-0.5453902820118411,2.7488935718910685,20.0
-0.5453902820118411,2.8361600344907854,18.0
-0.5453902820118411,2.923426497090502,21.0
-0.5453902820118411,3.0106929596902186,18.0
-0.5453902820118411,3.097959422289935,17.0
-0.5057034665963426,-3.097959422289935,14.0
-0.5057034665963426,-3.0106929596902186,14.0
-0.5057034665963426,-2.923426497090502,23.0
-0.5057034665963426,-2.8361600344907854,7.0
-0.5057034665963426,-2.748893571891069,21.0
-0.5057034665963426,-2.6616271092913526,7.0
-0.5057034665963426,-2.574360646691636,16.0
-0.5057034665963426,-2.4870941840919194,23.0
-0.5057034665963426,-2.399827721492203,10.0
-0.5057034665963426,-2.3125612588924866,11.0
-0.5057034665963426,-2.2252947962927703,19.0
-0.5057034665963426,-2.138028333693054,16.0
-0.5057034665963426,-2.0507618710933375,17.0
-0.5057034665963426,-1.9634954084936207,19.0
-0.5057034665963426,-1.8762289458939043,6.0
-0.5057034665963426,-1.7889624832941877,19.0
-0.5057034665963426,-1.7016960206944713,17.0
-0.5057034665963426,-1.6144295580947547,14.0
-0.5057034665963426,-1.5271630954950384,16.0
-0.5057034665963426,-1.439896632895322,18.0
-0.5057034665963426,-1.3526301702956054,16.0
-0.5057034665963426,-1.2653637076958888,14.0
-0.5057034665963426,-1.1780972450961724,16.0
-0.5057034665963426,-1.090830782496456,22.0
-0.5057034665963426,-1.0035643198967397,21.0
-0.5057034665963426,-0.9162978572970231,23.0
-0.5057034665963426,-0.8290313946973065,13.0
-0.5057034665963426,-0.7417649320975901,14.0
-0.5057034665963426,-0.6544984694978737,20.0
-0.5057034665963426,-0.5672320068981571,23.0
-0.5057034665963426,-0.4799655442984405,17.0
-0.5057034665963426,-0.39269908169872414,15.0
-0.5057034665963426,-0.30543261909900776,12.0
-0.5057034665963426,-0.21816615649929139,13.0
-0.5057034665963426,-0.1308996938995748,17.0
-0.5057034665963426,-0.04363323129985819,18.0
-0.5057034665963426,0.04363323129985819,20.0
-0.5057034665963426,0.13089969389957457,14.0
-0.5057034665963426,0.21816615649929116,15.0
-0.5057034665963426,0.30543261909900776,16.0
-0.5057034665963426,0.39269908169872414,23.0
-0.5057034665963426,0.4799655442984405,17.0
-0.5057034665963426,0.5672320068981569,16.0
-0.5057034665963426,0.6544984694978735,24.0
-0.5057034665963426,0.7417649320975901,15.0
-0.5057034665963426,0.8290313946973065,11.0
-0.5057034665963426,0.9162978572970228,21.0
-0.5057034665963426,1.0035643198967392,12.0
-0.5057034665963426,1.0908307824964556,18.0
-0.5057034665963426,1.178097245096172,15.0
-0.5057034665963426,1.2653637076958888,17.0
-0.5057034665963426,1.3526301702956056,20.0
-0.5057034665963426,1.439896632895322,16.0
-0.5057034665963426,1.5271630954950384,22.0
-0.5057034665963426,1.6144295580947547,23.0
-0.5057034665963426,1.7016960206944711,11.0
-0.5057034665963426,1.7889624832941875,21.0
-0.5057034665963426,1.8762289458939039,17.0
-0.5057034665963426,1.9634954084936203,11.0
-0.5057034665963426,2.050761871093337,18.0
-0.5057034665963426,2.138028333693054,14.0
-0.5057034665963426,2.2252947962927703,15.0
-0.5057034665963426,2.3125612588924866,15.0
-0.5057034665963426,2.399827721492203,20.0
-0.5057034665963426,2.4870941840919194,12.0
-0.5057034665963426,2.574360646691636,16.0
-0.5057034665963426,2.661627109291352,16.0
-0.5057034665963426,2.7488935718910685,24.0
-0.5057034665963426,2.8361600344907854,11.0
-0.5057034665963426,2.923426497090502,11.0
-0.5057034665963426,3.0106929596902186,11.0
-0.5057034665963426,3.097959422289935,20.0
-0.4660166511808441,-3.097959422289935,20.0
-0.4660166511808441,-3.0106929596902186,15.0
-0.4660166511808441,-2.923426497090502,12.0
-0.4660166511808441,-2.8361600344907854,28.0
-0.4660166511808441,-2.748893571891069,19.0
-0.4660166511808441,-2.6616271092913526,17.0
-0.4660166511808441,-2.574360646691636,20.0
-0.4660166511808441,-2.4870941840919194,22.0
-0.4660166511808441,-2.399827721492203,14.0
-0.4660166511808441,-2.3125612588924866,10.0
-0.4660166511808441,-2.2252947962927703,12.0
-0.4660166511808441,-2.138028333693054,11.0
-0.4660166511808441,-2.0507618710933375,21.0
-0.4660166511808441,-1.9634954084936207,19.0
-0.4660166511808441,-1.8762289458939043,13.0
-0.4660166511808441,-1.7889624832941877,12.0
-0.4660166511808441,-1.7016960206944713,19.0
-0.4660166511808441,-1.6144295580947547,22.0
-0.4660166511808441,-1.5271630954950384,12.0
-0.4660166511808441,-1.439896632895322,21.0
-0.4660166511808441,-1.3526301702956054,20.0
-0.4660166511808441,-1.2653637076958888,16.0
-0.4660166511808441,-1.1780972450961724,15.0
-0.4660166511808441,-1.090830782496456,11.0
-0.4660166511808441,-1.0035643198967397,7.0
-0.4660166511808441,-0.9162978572970231,19.0
-0.4660166511808441,-0.8290313946973065,20.0
-0.4660166511808441,-0.7417649320975901,14.0
-0.4660166511808441,-0.6544984694978737,24.0
-0.4660166511808441,-0.5672320068981571,16.0
-0.4660166511808441,-0.4799655442984405,17.0
-0.4660166511808441,-0.39269908169872414,19.0
-0.4660166511808441,-0.30543261909900776,20.0
-0.4660166511808441,-0.21816615649929139,18.0
-0.4660166511808441,-0.1308996938995748,24.0
-0.4660166511808441,-0.04363323129985819,27.0
-0.4660166511808441,0.04363323129985819,21.0
-0.4660166511808441,0.13089969389957457,24.0
-0.4660166511808441,0.21816615649929116,13.0
-0.4660166511808441,0.30543261909900776,21.0
-0.4660166511808441,0.39269908169872414,16.0
-0.4660166511808441,0.4799655442984405,21.0
-0.4660166511808441,0.5672320068981569,25.0
-0.4660166511808441,0.6544984694978735,17.0
-0.4660166511808441,0.7417649320975901,20.0
-0.4660166511808441,0.8290313946973065,10.0
-0.4660166511808441,0.9162978572970228,13.0
-0.4660166511808441,1.0035643198967392,13.0
-0.4660166511808441,1.0908307824964556,21.0
-0.4660166511808441,1.178097245096172,21.0
-0.4660166511808441,1.2653637076958888,21.0
-0.4660166511808441,1.3526301702956056,12.0
-0.4660166511808441,1.439896632895322,21.0
-0.4660166511808441,1.5271630954950384,21.0
-0.4660166511808441,1.6144295580947547,15.0
-0.4660166511808441,1.7016960206944711,13.0
-0.4660166511808441,1.7889624832941875,24.0
-0.4660166511808441,1.8762289458939039,9.0
-0.4660166511808441,1.9634954084936203,14.0
-0.4660166511808441,2.050761871093337,6.0
-0.4660166511808441,2.138028333693054,18.0
-0.4660166511808441,2.2252947962927703,19.0
-0.4660166511808441,2.3125612588924866,30.0
-0.4660166511808441,2.399827721492203,15.0
-0.4660166511808441,2.4870941840919194,23.0
-0.4660166511808441,2.574360646691636,31.0
-0.4660166511808441,2.661627109291352,13.0
-0.4660166511808441,2.7488935718910685,20.0
-0.4660166511808441,2.8361600344907854,18.0
-0.4660166511808441,2.923426497090502,9.0
-0.4660166511808441,3.0106929596902186,25.0
-0.4660166511808441,3.097959422289935,17.0
-0.42632983576534567,-3.097959422289935,17.0
-0.42632983576534567,-3.0106929596902186,17.0
-0.42632983576534567,-2.923426497090502,21.0
-0.42632983576534567,-2.8361600344907854,22.0
-0.42632983576534567,-2.748893571891069,15.0
-0.42632983576534567,-2.6616271092913526,18.0
-0.42632983576534567,-2.574360646691636,16.0
-0.42632983576534567,-2.4870941840919194,13.0
-0.42632983576534567,-2.399827721492203,16.0
-0.42632983576534567,-2.3125612588924866,16.0
-0.42632983576534567,-2.2252947962927703,22.0
-0.42632983576534567,-2.138028333693054,14.0
-0.42632983576534567,-2.0507618710933375,17.0
-0.42632983576534567,-1.9634954084936207,20.0
-0.42632983576534567,-1.8762289458939043,18.0
-0.42632983576534567,-1.7889624832941877,16.0
-0.42632983576534567,-1.7016960206944713,21.0
-0.42632983576534567,-1.6144295580947547,17.0
-0.42632983576534567,-1.5271630954950384,12.0
-0.42632983576534567,-1.439896632895322,18.0
-0.42632983576534567,-1.3526301702956054,25.0
-0.42632983576534567,-1.2653637076958888,17.0
-0.42632983576534567,-1.1780972450961724,21.0
-0.42632983576534567,-1.090830782496456,22.0
-0.42632983576534567,-1.0035643198967397,31.0
-0.42632983576534567,-0.9162978572970231,16.0
-0.42632983576534567,-0.8290313946973065,20.0
-0.42632983576534567,-0.7417649320975901,17.0
-0.42632983576534567,-0.6544984694978737,20.0
-0.42632983576534567,-0.5672320068981571,23.0
-0.42632983576534567,-0.4799655442984405,19.0
-0.42632983576534567,-0.39269908169872414,16.0
-0.42632983576534567,-0.30543261909900776,18.0
-0.42632983576534567,-0.21816615649929139,18.0
-0.42632983576534567,-0.1308996938995748,14.0
-0.42632983576534567,-0.04363323129985819,19.0
-0.42632983576534567,0.04363323129985819,19.0
-0.42632983576534567,0.13089969389957457,17.0
-0.42632983576534567,0.21816615649929116,17.0
-0.42632983576534567,0.30543261909900776,15.0
-0.42632983576534567,0.39269908169872414,13.0
-0.42632983576534567,0.4799655442984405,22.0
-0.42632983576534567,0.5672320068981569,12.0
-0.42632983576534567,0.6544984694978735,16.0
-0.42632983576534567,0.7417649320975901,19.0
-0.42632983576534567,0.8290313946973065,19.0
-0.42632983576534567,0.9162978572970228,25.0
-0.42632983576534567,1.0035643198967392,21.0
-0.42632983576534567,1.0908307824964556,16.0
-0.42632983576534567,1.178097245096172,16.0
-0.42632983576534567,1.2653637076958888,13.0
-0.42632983576534567,1.3526301702956056,13.0
-0.42632983576534567,1.439896632895322,18.0
-0.42632983576534567,1.5271630954950384,17.0
-0.42632983576534567,1.6144295580947547,14.0
-0.42632983576534567,1.7016960206944711,15.0
-0.42632983576534567,1.7889624832941875,12.0
-0.42632983576534567,1.8762289458939039,19.0
-0.42632983576534567,1.9634954084936203,25.0
-0.42632983576534567,2.050761871093337,19.0
-0.42632983576534567,2.138028333693054,15.0
-0.42632983576534567,2.2252947962927703,19.0
-0.42632983576534567,2.3125612588924866,22.0
-0.42632983576534567,2.399827721492203,11.0
-0.42632983576534567,2.4870941840919194,14.0
-0.42632983576534567,2.574360646691636,16.0
-0.42632983576534567,2.661627109291352,17.0
-0.42632983576534567,2.7488935718910685,16.0
-0.42632983576534567,2.8361600344907854,12.0
-0.42632983576534567,2.923426497090502,20.0
-0.42632983576534567,3.0106929596902186,10.0
-0.42632983576534567,3.097959422289935,17.0
-0.3866430203498471,-3.097959422289935,22.0
-0.3866430203498471,-3.0106929596902186,25.0
-0.3866430203498471,-2.923426497090502,16.0
-0.3866430203498471,-2.8361600344907854,30.0
-0.3866430203498471,-2.748893571891069,17.0
-0.3866430203498471,-2.6616271092913526,23.0
-0.3866430203498471,-2.574360646691636,25.0
-0.3866430203498471,-2.4870941840919194,19.0
-0.3866430203498471,-2.399827721492203,12.0
-0.3866430203498471,-2.3125612588924866,24.0
-0.3866430203498471,-2.2252947962927703,15.0
-0.3866430203498471,-2.138028333693054,9.0
-0.3866430203498471,-2.0507618710933375,17.0
-0.3866430203498471,-1.9634954084936207,19.0
-0.3866430203498471,-1.8762289458939043,16.0
-0.3866430203498471,-1.7889624832941877,19.0
-0.3866430203498471,-1.7016960206944713,16.0
-0.3866430203498471,-1.6144295580947547,23.0
-0.3866430203498471,-1.5271630954950384,22.0
-0.3866430203498471,-1.439896632895322,11.0
-0.3866430203498471,-1.3526301702956054,21.0
-0.3866430203498471,-1.2653637076958888,24.0
-0.3866430203498471,-1.1780972450961724,17.0
-0.3866430203498471,-1.090830782496456,18.0
-0.3866430203498471,-1.0035643198967397,15.0
-0.3866430203498471,-0.9162978572970231,18.0
-0.3866430203498471,-0.8290313946973065,19.0
-0.3866430203498471,-0.7417649320975901,17.0
-0.3866430203498471,-0.6544984694978737,15.0
-0.3866430203498471,-0.5672320068981571,32.0
-0.3866430203498471,-0.4799655442984405,24.0
-0.3866430203498471,-0.39269908169872414,9.0
-0.3866430203498471,-0.30543261909900776,21.0
-0.3866430203498471,-0.21816615649929139,18.0
-0.3866430203498471,-0.1308996938995748,18.0
-0.3866430203498471,-0.04363323129985819,25.0
-0.3866430203498471,0.04363323129985819,27.0
-0.3866430203498471,0.13089969389957457,18.0
-0.3866430203498471,0.21816615649929116,16.0
-0.3866430203498471,0.30543261909900776,27.0
-0.3866430203498471,0.39269908169872414,17.0
-0.3866430203498471,0.4799655442984405,16.0
-0.3866430203498471,0.5672320068981569,20.0
-0.3866430203498471,0.6544984694978735,21.0
-0.3866430203498471,0.7417649320975901,15.0
-0.3866430203498471,0.8290313946973065,19.0
-0.3866430203498471,0.9162978572970228,27.0
-0.3866430203498471,1.0035643198967392,18.0
-0.3866430203498471,1.0908307824964556,12.0
-0.3866430203498471,1.178097245096172,15.0
-0.3866430203498471,1.2653637076958888,16.0
-0.3866430203498471,1.3526301702956056,18.0
-0.3866430203498471,1.439896632895322,13.0
-0.3866430203498471,1.5271630954950384,30.0
-0.3866430203498471,1.6144295580947547,22.0
-0.3866430203498471,1.7016960206944711,21.0
-0.3866430203498471,1.7889624832941875,26.0
-0.3866430203498471,1.8762289458939039,16.0
-0.3866430203498471,1.9634954084936203,15.0
-0.3866430203498471,2.050761871093337,19.0
-0.3866430203498471,2.138028333693054,25.0
-0.3866430203498471,2.2252947962927703,20.0
-0.3866430203498471,2.3125612588924866,17.0
-0.3866430203498471,2.399827721492203,19.0
-0.3866430203498471,2.4870941840919194,24.0
-0.3866430203498471,2.574360646691636,20.0
-0.3866430203498471,2.661627109291352,21.0
-0.3866430203498471,2.7488935718910685,20.0
-0.3866430203498471,2.8361600344907854,20.0
-0.3866430203498471,2.923426497090502,18.0
-0.3866430203498471,3.0106929596902186,16.0
-0.3866430203498471,3.097959422289935,24.0
-0.34695620493434853,-3.097959422289935,17.0
-0.34695620493434853,-3.0106929596902186,22.0
-0.34695620493434853,-2.923426497090502,16.0
-0.34695620493434853,-2.8361600344907854,18.0
-0.34695620493434853,-2.748893571891069,14.0
-0.34695620493434853,-2.6616271092913526,24.0
-0.34695620493434853,-2.574360646691636,23.0
-0.34695620493434853,-2.4870941840919194,15.0
-0.34695620493434853,-2.399827721492203,18.0
-0.34695620493434853,-2.3125612588924866,13.0
-0.34695620493434853,-2.2252947962927703,16.0
-0.34695620493434853,-2.138028333693054,22.0
-0.34695620493434853,-2.0507618710933375,14.0
-0.34695620493434853,-1.9634954084936207,27.0
-0.34695620493434853,-1.8762289458939043,14.0
-0.34695620493434853,-1.7889624832941877,25.0
-0.34695620493434853,-1.7016960206944713,20.0
-0.34695620493434853,-1.6144295580947547,19.0
-0.34695620493434853,-1.5271630954950384,13.0
-0.34695620493434853,-1.439896632895322,10.0
-0.34695620493434853,-1.3526301702956054,26.0
-0.34695620493434853,-1.2653637076958888,22.0
-0.34695620493434853,-1.1780972450961724,21.0
-0.34695620493434853,-1.090830782496456,14.0
-0.34695620493434853,-1.0035643198967397,21.0
-0.34695620493434853,-0.9162978572970231,14.0
-0.34695620493434853,-0.8290313946973065,12.0
-0.34695620493434853,-0.7417649320975901,21.0
-0.34695620493434853,-0.6544984694978737,18.0
-0.34695620493434853,-0.5672320068981571,14.0
-0.34695620493434853,-0.4799655442984405,27.0
-0.34695620493434853,-0.39269908169872414,15.0
-0.34695620493434853,-0.30543261909900776,21.0
-0.34695620493434853,-0.21816615649929139,15.0
-0.34695620493434853,-0.1308996938995748,17.0
-0.34695620493434853,-0.04363323129985819,13.0
-0.34695620493434853,0.04363323129985819,22.0
-0.34695620493434853,0.13089969389957457,17.0
-0.34695620493434853,0.21816615649929116,15.0
-0.34695620493434853,0.30543261909900776,17.0
-0.34695620493434853,0.39269908169872414,19.0
-0.34695620493434853,0.4799655442984405,24.0
-0.34695620493434853,0.5672320068981569,12.0
-0.34695620493434853,0.6544984694978735,17.0
-0.34695620493434853,0.7417649320975901,19.0
-0.34695620493434853,0.8290313946973065,18.0
-0.34695620493434853,0.9162978572970228,22.0
-0.34695620493434853,1.0035643198967392,20.0
-0.34695620493434853,1.0908307824964556,24.0
-0.34695620493434853,1.178097245096172,22.0
-0.34695620493434853,1.2653637076958888,19.0
-0.34695620493434853,1.3526301702956056,19.0
-0.34695620493434853,1.439896632895322,18.0
-0.34695620493434853,1.5271630954950384,28.0
-0.34695620493434853,1.6144295580947547,24.0
-0.34695620493434853,1.7016960206944711,15.0
-0.34695620493434853,1.7889624832941875,19.0
-0.34695620493434853,1.8762289458939039,13.0
-0.34695620493434853,1.9634954084936203,18.0
-0.34695620493434853,2.050761871093337,25.0
-0.34695620493434853,2.138028333693054,16.0
-0.34695620493434853,2.2252947962927703,19.0
-0.34695620493434853,2.3125612588924866,16.0
-0.34695620493434853,2.399827721492203,18.0
-0.34695620493434853,2.4870941840919194,19.0
-0.34695620493434853,2.574360646691636,17.0
-0.34695620493434853,2.661627109291352,14.0
-0.34695620493434853,2.7488935718910685,12.0
-0.34695620493434853,2.8361600344907854,31.0
-0.34695620493434853,2.923426497090502,17.0
-0.34695620493434853,3.0106929596902186,20.0
-0.34695620493434853,3.097959422289935,20.0
-0.30726938951884997,-3.097959422289935,34.0
-0.30726938951884997,-3.0106929596902186,22.0
-0.30726938951884997,-2.923426497090502,24.0
-0.30726938951884997,-2.8361600344907854,20.0
-0.30726938951884997,-2.748893571891069,25.0
-0.30726938951884997,-2.6616271092913526,18.0
-0.30726938951884997,-2.574360646691636,16.0
-0.30726938951884997,-2.4870941840919194,14.0
-0.30726938951884997,-2.399827721492203,20.0
-0.30726938951884997,-2.3125612588924866,22.0
-0.30726938951884997,-2.2252947962927703,19.0
-0.30726938951884997,-2.138028333693054,15.0
-0.30726938951884997,-2.0507618710933375,21.0
-0.30726938951884997,-1.9634954084936207,20.0
-0.30726938951884997,-1.8762289458939043,15.0
-0.30726938951884997,-1.7889624832941877,22.0
-0.30726938951884997,-1.7016960206944713,19.0
-0.30726938951884997,-1.6144295580947547,18.0
-0.30726938951884997,-1.5271630954950384,14.0
-0.30726938951884997,-1.439896632895322,16.0
-0.30726938951884997,-1.3526301702956054,15.0
-0.30726938951884997,-1.2653637076958888,20.0
-0.30726938951884997,-1.1780972450961724,28.0
-0.30726938951884997,-1.090830782496456,17.0
-0.30726938951884997,-1.0035643198967397,19.0
-0.30726938951884997,-0.9162978572970231,28.0
-0.30726938951884997,-0.8290313946973065,27.0
-0.30726938951884997,-0.7417649320975901,16.0
-0.30726938951884997,-0.6544984694978737,18.0
-0.30726938951884997,-0.5672320068981571,25.0
-0.30726938951884997,-0.4799655442984405,21.0
-0.30726938951884997,-0.39269908169872414,18.0
-0.30726938951884997,-0.30543261909900776,15.0
-0.30726938951884997,-0.21816615649929139,22.0
-0.30726938951884997,-0.1308996938995748,25.0
-0.30726938951884997,-0.04363323129985819,23.0
-0.30726938951884997,0.04363323129985819,27.0
-0.30726938951884997,0.13089969389957457,27.0
-0.30726938951884997,0.21816615649929116,20.0
-0.30726938951884997,0.30543261909900776,18.0
-0.30726938951884997,0.39269908169872414,16.0
-0.30726938951884997,0.4799655442984405,27.0
-0.30726938951884997,0.5672320068981569,17.0
-0.30726938951884997,0.6544984694978735,24.0
-0.30726938951884997,0.7417649320975901,12.0
-0.30726938951884997,0.8290313946973065,13.0
-0.30726938951884997,0.9162978572970228,22.0
-0.30726938951884997,1.0035643198967392,14.0
-0.30726938951884997,1.0908307824964556,16.0
-0.30726938951884997,1.178097245096172,23.0
-0.30726938951884997,1.2653637076958888,24.0
-0.30726938951884997,1.3526301702956056,25.0
-0.30726938951884997,1.439896632895322,15.0
-0.30726938951884997,1.5271630954950384,25.0
-0.30726938951884997,1.6144295580947547,18.0
-0.30726938951884997,1.7016960206944711,23.0
-0.30726938951884997,1.7889624832941875,19.0
-0.30726938951884997,1.8762289458939039,23.0
-0.30726938951884997,1.9634954084936203,15.0
-0.30726938951884997,2.050761871093337,27.0
-0.30726938951884997,2.138028333693054,19.0
-0.30726938951884997,2.2252947962927703,25.0
-0.30726938951884997,2.3125612588924866,15.0
-0.30726938951884997,2.399827721492203,23.0
-0.30726938951884997,2.4870941840919194,30.0
-0.30726938951884997,2.574360646691636,25.0
-0.30726938951884997,2.661627109291352,24.0
-0.30726938951884997,2.7488935718910685,21.0
-0.30726938951884997,2.8361600344907854,25.0
-0.30726938951884997,2.923426497090502,27.0
-0.30726938951884997,3.0106929596902186,27.0
-0.30726938951884997,3.097959422289935,23.0
-0.2675825741033514,-3.097959422289935,24.0
-0.2675825741033514,-3.0106929596902186,22.0
-0.2675825741033514,-2.923426497090502,26.0
-0.2675825741033514,-2.8361600344907854,17.0
-0.2675825741033514,-2.748893571891069,22.0
-0.2675825741033514,-2.6616271092913526,17.0
-0.2675825741033514,-2.574360646691636,23.0
-0.2675825741033514,-2.4870941840919194,22.0
-0.2675825741033514,-2.399827721492203,17.0
-0.2675825741033514,-2.3125612588924866,28.0
-0.2675825741033514,-2.2252947962927703,21.0
-0.2675825741033514,-2.138028333693054,27.0
-0.2675825741033514,-2.0507618710933375,24.0
-0.2675825741033514,-1.9634954084936207,23.0
-0.2675825741033514,-1.8762289458939043,19.0
-0.2675825741033514,-1.7889624832941877,19.0
-0.2675825741033514,-1.7016960206944713,12.0
-0.2675825741033514,-1.6144295580947547,24.0
-0.2675825741033514,-1.5271630954950384,15.0
-0.2675825741033514,-1.439896632895322,23.0
-0.2675825741033514,-1.3526301702956054,24.0
-0.2675825741033514,-1.2653637076958888,22.0
-0.2675825741033514,-1.1780972450961724,15.0
-0.2675825741033514,-1.090830782496456,15.0
-0.2675825741033514,-1.0035643198967397,19.0
-0.2675825741033514,-0.9162978572970231,22.0
-0.2675825741033514,-0.8290313946973065,23.0
-0.2675825741033514,-0.7417649320975901,27.0
-0.2675825741033514,-0.6544984694978737,24.0
-0.2675825741033514,-0.5672320068981571,27.0
-0.2675825741033514,-0.4799655442984405,21.0
-0.2675825741033514,-0.39269908169872414,23.0
-0.2675825741033514,-0.30543261909900776,23.0
-0.2675825741033514,-0.21816615649929139,18.0
-0.2675825741033514,-0.1308996938995748,21.0
-0.2675825741033514,-0.04363323129985819,23.0
-0.2675825741033514,0.04363323129985819,25.0
-0.2675825741033514,0.13089969389957457,23.0
-0.2675825741033514,0.21816615649929116,20.0
-0.2675825741033514,0.30543261909900776,19.0
-0.2675825741033514,0.39269908169872414,17.0
-0.2675825741033514,0.4799655442984405,18.0
-0.2675825741033514,0.5672320068981569,25.0
-0.2675825741033514,0.6544984694978735,20.0
-0.2675825741033514,0.7417649320975901,21.0
-0.2675825741033514,0.8290313946973065,20.0
-0.2675825741033514,0.9162978572970228,19.0
-0.2675825741033514,1.0035643198967392,19.0
-0.2675825741033514,1.0908307824964556,26.0
-0.2675825741033514,1.178097245096172,20.0
-0.2675825741033514,1.2653637076958888,21.0
-0.2675825741033514,1.3526301702956056,18.0
-0.2675825741033514,1.439896632895322,23.0
-0.2675825741033514,1.5271630954950384,31.0
-0.2675825741033514,1.6144295580947547,23.0
-0.2675825741033514,1.7016960206944711,23.0
-0.2675825741033514,1.7889624832941875,22.0
-0.2675825741033514,1.8762289458939039,23.0
-0.2675825741033514,1.9634954084936203,26.0
-0.2675825741033514,2.050761871093337,24.0
-0.2675825741033514,2.138028333693054,17.0
-0.2675825741033514,2.2252947962927703,10.0
-0.2675825741033514,2.3125612588924866,26.0
-0.2675825741033514,2.399827721492203,22.0
-0.2675825741033514,2.4870941840919194,25.0
-0.2675825741033514,2.574360646691636,33.0
-0.2675825741033514,2.661627109291352,20.0
-0.2675825741033514,2.7488935718910685,16.0
-0.2675825741033514,2.8361600344907854,14.0
-0.2675825741033514,2.923426497090502,14.0
-0.2675825741033514,3.0106929596902186,20.0
-0.2675825741033514,3.097959422289935,15.0
-0.22789575868785283,-3.097959422289935,26.0
-0.22789575868785283,-3.0106929596902186,22.0
-0.22789575868785283,-2.923426497090502,21.0
-0.22789575868785283,-2.8361600344907854,19.0
-0.22789575868785283,-2.748893571891069,25.0
-0.22789575868785283,-2.6616271092913526,25.0
-0.22789575868785283,-2.574360646691636,14.0
-0.22789575868785283,-2.4870941840919194,26.0
-0.22789575868785283,-2.399827721492203,22.0
-0.22789575868785283,-2.3125612588924866,27.0
-0.22789575868785283,-2.2252947962927703,27.0
-0.22789575868785283,-2.138028333693054,30.0
-0.22789575868785283,-2.0507618710933375,29.0
-0.22789575868785283,-1.9634954084936207,23.0
-0.22789575868785283,-1.8762289458939043,21.0
-0.22789575868785283,-1.7889624832941877,15.0
-0.22789575868785283,-1.7016960206944713,23.0
-0.22789575868785283,-1.6144295580947547,16.0
-0.22789575868785283,-1.5271630954950384,26.0
-0.22789575868785283,-1.439896632895322,23.0
-0.22789575868785283,-1.3526301702956054,23.0
-0.22789575868785283,-1.2653637076958888,21.0
-0.22789575868785283,-1.1780972450961724,15.0
-0.22789575868785283,-1.090830782496456,19.0
-0.22789575868785283,-1.0035643198967397,20.0
-0.22789575868785283,-0.9162978572970231,16.0
-0.22789575868785283,-0.8290313946973065,20.0
-0.22789575868785283,-0.7417649320975901,22.0
-0.22789575868785283,-0.6544984694978737,16.0
-0.22789575868785283,-0.5672320068981571,20.0
-0.22789575868785283,-0.4799655442984405,14.0
-0.22789575868785283,-0.39269908169872414,17.0
-0.22789575868785283,-0.30543261909900776,24.0
-0.22789575868785283,-0.21816615649929139,25.0
-0.22789575868785283,-0.1308996938995748,15.0
-0.22789575868785283,-0.04363323129985819,26.0
-0.22789575868785283,0.04363323129985819,17.0
-0.22789575868785283,0.13089969389957457,27.0
-0.22789575868785283,0.21816615649929116,15.0
-0.22789575868785283,0.30543261909900776,28.0
-0.22789575868785283,0.39269908169872414,26.0
-0.22789575868785283,0.4799655442984405,21.0
-0.22789575868785283,0.5672320068981569,16.0
-0.22789575868785283,0.6544984694978735,19.0
-0.22789575868785283,0.7417649320975901,17.0
-0.22789575868785283,0.8290313946973065,15.0
-0.22789575868785283,0.9162978572970228,15.0
-0.22789575868785283,1.0035643198967392,19.0
-0.22789575868785283,1.0908307824964556,20.0
-0.22789575868785283,1.178097245096172,17.0
-0.22789575868785283,1.2653637076958888,18.0
-0.22789575868785283,1.3526301702956056,25.0
-0.22789575868785283,1.439896632895322,22.0
-0.22789575868785283,1.5271630954950384,23.0
-0.22789575868785283,1.6144295580947547,21.0
-0.22789575868785283,1.7016960206944711,12.0
-0.22789575868785283,1.7889624832941875,25.0
-0.22789575868785283,1.8762289458939039,28.0
-0.22789575868785283,1.9634954084936203,23.0
-0.22789575868785283,2.050761871093337,23.0
-0.22789575868785283,2.138028333693054,22.0
-0.22789575868785283,2.2252947962927703,17.0
-0.22789575868785283,2.3125612588924866,16.0
-0.22789575868785283,2.399827721492203,23.0
-0.22789575868785283,2.4870941840919194,31.0
-0.22789575868785283,2.574360646691636,23.0
-0.22789575868785283,2.661627109291352,22.0
-0.22789575868785283,2.7488935718910685,23.0
-0.22789575868785283,2.8361600344907854,15.0
-0.22789575868785283,2.923426497090502,16.0
-0.22789575868785283,3.0106929596902186,29.0
-0.22789575868785283,3.097959422289935,19.0
-0.18820894327235438,-3.097959422289935,27.0
-0.18820894327235438,-3.0106929596902186,34.0
-0.18820894327235438,-2.923426497090502,23.0
-0.18820894327235438,-2.8361600344907854,21.0
-0.18820894327235438,-2.748893571891069,19.0
-0.18820894327235438,-2.6616271092913526,27.0
-0.18820894327235438,-2.574360646691636,22.0
-0.18820894327235438,-2.4870941840919194,22.0
-0.18820894327235438,-2.399827721492203,16.0
-0.18820894327235438,-2.3125612588924866,19.0
-0.18820894327235438,-2.2252947962927703,16.0
-0.18820894327235438,-2.138028333693054,30.0
-0.18820894327235438,-2.0507618710933375,15.0
-0.18820894327235438,-1.9634954084936207,37.0
-0.18820894327235438,-1.8762289458939043,21.0
-0.18820894327235438,-1.7889624832941877,31.0
-0.18820894327235438,-1.7016960206944713,23.0
-0.18820894327235438,-1.6144295580947547,19.0
-0.18820894327235438,-1.5271630954950384,24.0
-0.18820894327235438,-1.439896632895322,24.0
-0.18820894327235438,-1.3526301702956054,26.0
-0.18820894327235438,-1.2653637076958888,29.0
-0.18820894327235438,-1.1780972450961724,15.0
-0.18820894327235438,-1.090830782496456,26.0
-0.18820894327235438,-1.0035643198967397,25.0
-0.18820894327235438,-0.9162978572970231,34.0
-0.18820894327235438,-0.8290313946973065,21.0
-0.18820894327235438,-0.7417649320975901,25.0
-0.18820894327235438,-0.6544984694978737,17.0
-0.18820894327235438,-0.5672320068981571,25.0
-0.18820894327235438,-0.4799655442984405,16.0
-0.18820894327235438,-0.39269908169872414,26.0
-0.18820894327235438,-0.30543261909900776,22.0
-0.18820894327235438,-0.21816615649929139,21.0
-0.18820894327235438,-0.1308996938995748,32.0
-0.18820894327235438,-0.04363323129985819,24.0
-0.18820894327235438,0.04363323129985819,17.0
-0.18820894327235438,0.13089969389957457,22.0
-0.18820894327235438,0.21816615649929116,17.0
-0.18820894327235438,0.30543261909900776,18.0
-0.18820894327235438,0.39269908169872414,26.0
-0.18820894327235438,0.4799655442984405,18.0
-0.18820894327235438,0.5672320068981569,14.0
-0.18820894327235438,0.6544984694978735,15.0
-0.18820894327235438,0.7417649320975901,10.0
-0.18820894327235438,0.8290313946973065,20.0
-0.18820894327235438,0.9162978572970228,20.0
-0.18820894327235438,1.0035643198967392,26.0
-0.18820894327235438,1.0908307824964556,37.0
-0.18820894327235438,1.178097245096172,25.0
-0.18820894327235438,1.2653637076958888,24.0
-0.18820894327235438,1.3526301702956056,23.0
-0.18820894327235438,1.439896632895322,22.0
-0.18820894327235438,1.5271630954950384,23.0
-0.18820894327235438,1.6144295580947547,14.0
-0.18820894327235438,1.7016960206944711,26.0
-0.18820894327235438,1.7889624832941875,18.0
-0.18820894327235438,1.8762289458939039,27.0
-0.18820894327235438,1.9634954084936203,24.0
-0.18820894327235438,2.050761871093337,29.0
-0.18820894327235438,2.138028333693054,27.0
-0.18820894327235438,2.2252947962927703,20.0
-0.18820894327235438,2.3125612588924866,26.0
-0.18820894327235438,2.399827721492203,23.0
-0.18820894327235438,2.4870941840919194,33.0
-0.18820894327235438,2.574360646691636,15.0
-0.18820894327235438,2.661627109291352,16.0
-0.18820894327235438,2.7488935718910685,21.0
-0.18820894327235438,2.8361600344907854,30.0
-0.18820894327235438,2.923426497090502,16.0
-0.18820894327235438,3.0106929596902186,19.0
-0.18820894327235438,3.097959422289935,18.0
-0.14852212785685592,-3.097959422289935,25.0
-0.14852212785685592,-3.0106929596902186,14.0
-0.14852212785685592,-2.923426497090502,23.0
-0.14852212785685592,-2.8361600344907854,26.0
-0.14852212785685592,-2.748893571891069,31.0
-0.14852212785685592,-2.6616271092913526,15.0
-0.14852212785685592,-2.574360646691636,22.0
-0.14852212785685592,-2.4870941840919194,23.0
-0.14852212785685592,-2.399827721492203,21.0
-0.14852212785685592,-2.3125612588924866,20.0
-0.14852212785685592,-2.2252947962927703,26.0
-0.14852212785685592,-2.138028333693054,16.0
-0.14852212785685592,-2.0507618710933375,19.0
-0.14852212785685592,-1.9634954084936207,18.0
-0.14852212785685592,-1.8762289458939043,20.0
-0.14852212785685592,-1.7889624832941877,29.0
-0.14852212785685592,-1.7016960206944713,27.0
-0.14852212785685592,-1.6144295580947547,27.0
-0.14852212785685592,-1.5271630954950384,27.0
-0.14852212785685592,-1.439896632895322,24.0
-0.14852212785685592,-1.3526301702956054,22.0
-0.14852212785685592,-1.2653637076958888,26.0
-0.14852212785685592,-1.1780972450961724,18.0
-0.14852212785685592,-1.090830782496456,27.0
-0.14852212785685592,-1.0035643198967397,23.0
-0.14852212785685592,-0.9162978572970231,28.0
-0.14852212785685592,-0.8290313946973065,22.0
-0.14852212785685592,-0.7417649320975901,29.0
-0.14852212785685592,-0.6544984694978737,23.0
-0.14852212785685592,-0.5672320068981571,24.0
-0.14852212785685592,-0.4799655442984405,21.0
-0.14852212785685592,-0.39269908169872414,27.0
-0.14852212785685592,-0.30543261909900776,28.0
-0.14852212785685592,-0.21816615649929139,24.0
-0.14852212785685592,-0.1308996938995748,16.0
-0.14852212785685592,-0.04363323129985819,18.0
-0.14852212785685592,0.04363323129985819,26.0
-0.14852212785685592,0.13089969389957457,14.0
-0.14852212785685592,0.21816615649929116,25.0
-0.14852212785685592,0.30543261909900776,23.0
-0.14852212785685592,0.39269908169872414,28.0
-0.14852212785685592,0.4799655442984405,17.0
-0.14852212785685592,0.5672320068981569,21.0
-0.14852212785685592,0.6544984694978735,18.0
-0.14852212785685592,0.7417649320975901,19.0
-0.14852212785685592,0.8290313946973065,18.0
-0.14852212785685592,0.9162978572970228,19.0
-0.14852212785685592,1.0035643198967392,25.0
-0.14852212785685592,1.0908307824964556,24.0
-0.14852212785685592,1.178097245096172,23.0
-0.14852212785685592,1.2653637076958888,21.0
-0.14852212785685592,1.3526301702956056,30.0
-0.14852212785685592,1.439896632895322,19.0
-0.14852212785685592,1.5271630954950384,26.0
-0.14852212785685592,1.6144295580947547,19.0
-0.14852212785685592,1.7016960206944711,23.0
-0.14852212785685592,1.7889624832941875,26.0
-0.14852212785685592,1.8762289458939039,24.0
-0.14852212785685592,1.9634954084936203,19.0
-0.14852212785685592,2.050761871093337,20.0
-0.14852212785685592,2.138028333693054,21.0
-0.14852212785685592,2.2252947962927703,18.0
-0.14852212785685592,2.3125612588924866,23.0
-0.14852212785685592,2.399827721492203,33.0
-0.14852212785685592,2.4870941840919194,27.0
-0.14852212785685592,2.574360646691636,22.0
-0.14852212785685592,2.661627109291352,27.0
-0.14852212785685592,2.7488935718910685,18.0
-0.14852212785685592,2.8361600344907854,30.0
-0.14852212785685592,2.923426497090502,29.0
-0.14852212785685592,3.0106929596902186,35.0
-0.14852212785685592,3.097959422289935,31.0
-0.10883531244135736,-3.097959422289935,42.0
-0.10883531244135736,-3.0106929596902186,23.0
-0.10883531244135736,-2.923426497090502,22.0
-0.10883531244135736,-2.8361600344907854,20.0
-0.10883531244135736,-2.748893571891069,15.0
-0.10883531244135736,-2.6616271092913526,21.0
-0.10883531244135736,-2.574360646691636,23.0
-0.10883531244135736,-2.4870941840919194,17.0
-0.10883531244135736,-2.399827721492203,21.0
-0.10883531244135736,-2.3125612588924866,24.0
-0.10883531244135736,-2.2252947962927703,29.0
-0.10883531244135736,-2.138028333693054,20.0
-0.10883531244135736,-2.0507618710933375,19.0
-0.10883531244135736,-1.9634954084936207,17.0
-0.10883531244135736,-1.8762289458939043,33.0
-0.10883531244135736,-1.7889624832941877,19.0
-0.10883531244135736,-1.7016960206944713,29.0
-0.10883531244135736,-1.6144295580947547,37.0
-0.10883531244135736,-1.5271630954950384,19.0
-0.10883531244135736,-1.439896632895322,31.0
-0.10883531244135736,-1.3526301702956054,21.0
-0.10883531244135736,-1.2653637076958888,21.0
-0.10883531244135736,-1.1780972450961724,23.0
-0.10883531244135736,-1.090830782496456,18.0
-0.10883531244135736,-1.0035643198967397,27.0
-0.10883531244135736,-0.9162978572970231,17.0
-0.10883531244135736,-0.8290313946973065,16.0
-0.10883531244135736,-0.7417649320975901,26.0
-0.10883531244135736,-0.6544984694978737,29.0
-0.10883531244135736,-0.5672320068981571,20.0
-0.10883531244135736,-0.4799655442984405,23.0
-0.10883531244135736,-0.39269908169872414,25.0
-0.10883531244135736,-0.30543261909900776,29.0
-0.10883531244135736,-0.21816615649929139,22.0
-0.10883531244135736,-0.1308996938995748,20.0
-0.10883531244135736,-0.04363323129985819,26.0
-0.10883531244135736,0.04363323129985819,34.0
-0.10883531244135736,0.13089969389957457,23.0
-0.10883531244135736,0.21816615649929116,21.0
-0.10883531244135736,0.30543261909900776,21.0
-0.10883531244135736,0.39269908169872414,18.0
-0.10883531244135736,0.4799655442984405,31.0
-0.10883531244135736,0.5672320068981569,15.0
-0.10883531244135736,0.6544984694978735,26.0
-0.10883531244135736,0.7417649320975901,21.0
-0.10883531244135736,0.8290313946973065,20.0
-0.10883531244135736,0.9162978572970228,17.0
-0.10883531244135736,1.0035643198967392,21.0
-0.10883531244135736,1.0908307824964556,24.0
-0.10883531244135736,1.178097245096172,22.0
-0.10883531244135736,1.2653637076958888,35.0
-0.10883531244135736,1.3526301702956056,31.0
-0.10883531244135736,1.439896632895322,27.0
-0.10883531244135736,1.5271630954950384,18.0
-0.10883531244135736,1.6144295580947547,19.0
-0.10883531244135736,1.7016960206944711,23.0
-0.10883531244135736,1.7889624832941875,21.0
-0.10883531244135736,1.8762289458939039,25.0
-0.10883531244135736,1.9634954084936203,28.0
-0.10883531244135736,2.050761871093337,24.0
-0.10883531244135736,2.138028333693054,18.0
-0.10883531244135736,2.2252947962927703,24.0
-0.10883531244135736,2.3125612588924866,15.0
-0.10883531244135736,2.399827721492203,18.0
-0.10883531244135736,2.4870941840919194,19.0
-0.10883531244135736,2.574360646691636,12.0
-0.10883531244135736,2.661627109291352,26.0
-0.10883531244135736,2.7488935718910685,24.0
-0.10883531244135736,2.8361600344907854,33.0
-0.10883531244135736,2.923426497090502,27.0
-0.10883531244135736,3.0106929596902186,20.0
-0.10883531244135736,3.097959422289935,22.0
-0.06914849702585879,-3.097959422289935,28.0
-0.06914849702585879,-3.0106929596902186,21.0
-0.06914849702585879,-2.923426497090502,25.0
-0.06914849702585879,-2.8361600344907854,41.0
-0.06914849702585879,-2.748893571891069,26.0
-0.06914849702585879,-2.6616271092913526,22.0
-0.06914849702585879,-2.574360646691636,29.0
-0.06914849702585879,-2.4870941840919194,28.0
-0.06914849702585879,-2.399827721492203,17.0
-0.06914849702585879,-2.3125612588924866,18.0
-0.06914849702585879,-2.2252947962927703,28.0
-0.06914849702585879,-2.138028333693054,35.0
-0.06914849702585879,-2.0507618710933375,24.0
-0.06914849702585879,-1.9634954084936207,22.0
-0.06914849702585879,-1.8762289458939043,27.0
-0.06914849702585879,-1.7889624832941877,27.0
-0.06914849702585879,-1.7016960206944713,28.0
-0.06914849702585879,-1.6144295580947547,31.0
-0.06914849702585879,-1.5271630954950384,25.0
-0.06914849702585879,-1.439896632895322,16.0
-0.06914849702585879,-1.3526301702956054,20.0
-0.06914849702585879,-1.2653637076958888,30.0
-0.06914849702585879,-1.1780972450961724,21.0
-0.06914849702585879,-1.090830782496456,26.0
-0.06914849702585879,-1.0035643198967397,20.0
-0.06914849702585879,-0.9162978572970231,27.0
-0.06914849702585879,-0.8290313946973065,18.0
-0.06914849702585879,-0.7417649320975901,25.0
-0.06914849702585879,-0.6544984694978737,26.0
-0.06914849702585879,-0.5672320068981571,23.0
-0.06914849702585879,-0.4799655442984405,23.0
-0.06914849702585879,-0.39269908169872414,17.0
-0.06914849702585879,-0.30543261909900776,27.0
-0.06914849702585879,-0.21816615649929139,22.0
-0.06914849702585879,-0.1308996938995748,26.0
-0.06914849702585879,-0.04363323129985819,28.0
-0.06914849702585879,0.04363323129985819,40.0
-0.06914849702585879,0.13089969389957457,19.0
-0.06914849702585879,0.21816615649929116,22.0
-0.06914849702585879,0.30543261909900776,24.0
-0.06914849702585879,0.39269908169872414,21.0
-0.06914849702585879,0.4799655442984405,29.0
-0.06914849702585879,0.5672320068981569,27.0
-0.06914849702585879,0.6544984694978735,20.0
-0.06914849702585879,0.7417649320975901,18.0
-0.06914849702585879,0.8290313946973065,22.0
-0.06914849702585879,0.9162978572970228,20.0
-0.06914849702585879,1.0035643198967392,20.0
-0.06914849702585879,1.0908307824964556,22.0
-0.06914849702585879,1.178097245096172,26.0
-0.06914849702585879,1.2653637076958888,28.0
-0.06914849702585879,1.3526301702956056,20.0
-0.06914849702585879,1.439896632895322,26.0
-0.06914849702585879,1.5271630954950384,26.0
-0.06914849702585879,1.6144295580947547,21.0
-0.06914849702585879,1.7016960206944711,25.0
-0.06914849702585879,1.7889624832941875,26.0
-0.06914849702585879,1.8762289458939039,33.0
-0.06914849702585879,1.9634954084936203,21.0
-0.06914849702585879,2.050761871093337,23.0
-0.06914849702585879,2.138028333693054,14.0
-0.06914849702585879,2.2252947962927703,20.0
-0.06914849702585879,2.3125612588924866,16.0
-0.06914849702585879,2.399827721492203,36.0
-0.06914849702585879,2.4870941840919194,27.0
-0.06914849702585879,2.574360646691636,18.0
-0.06914849702585879,2.661627109291352,26.0
-0.06914849702585879,2.7488935718910685,21.0
-0.06914849702585879,2.8361600344907854,28.0
-0.06914849702585879,2.923426497090502,21.0
-0.06914849702585879,3.0106929596902186,18.0
-0.06914849702585879,3.097959422289935,28.0
-0.029461681610360224,-3.097959422289935,26.0
-0.029461681610360224,-3.0106929596902186,35.0
-0.029461681610360224,-2.923426497090502,22.0
-0.029461681610360224,-2.8361600344907854,24.0
-0.029461681610360224,-2.748893571891069,20.0
-0.029461681610360224,-2.6616271092913526,33.0
-0.029461681610360224,-2.574360646691636,35.0
-0.029461681610360224,-2.4870941840919194,32.0
-0.029461681610360224,-2.399827721492203,17.0
-0.029461681610360224,-2.3125612588924866,30.0
-0.029461681610360224,-2.2252947962927703,21.0
-0.029461681610360224,-2.138028333693054,30.0
-0.029461681610360224,-2.0507618710933375,26.0
-0.029461681610360224,-1.9634954084936207,23.0
-0.029461681610360224,-1.8762289458939043,20.0
-0.029461681610360224,-1.7889624832941877,18.0
-0.029461681610360224,-1.7016960206944713,31.0
-0.029461681610360224,-1.6144295580947547,25.0
-0.029461681610360224,-1.5271630954950384,21.0
-0.029461681610360224,-1.439896632895322,30.0
-0.029461681610360224,-1.3526301702956054,24.0
-0.029461681610360224,-1.2653637076958888,25.0
-0.029461681610360224,-1.1780972450961724,23.0
-0.029461681610360224,-1.090830782496456,23.0
-0.029461681610360224,-1.0035643198967397,24.0
-0.029461681610360224,-0.9162978572970231,19.0
-0.029461681610360224,-0.8290313946973065,20.0
-0.029461681610360224,-0.7417649320975901,24.0
-0.029461681610360224,-0.6544984694978737,30.0
-0.029461681610360224,-0.5672320068981571,29.0
-0.029461681610360224,-0.4799655442984405,40.0
-0.029461681610360224,-0.39269908169872414,19.0
-0.029461681610360224,-0.30543261909900776,29.0
-0.029461681610360224,-0.21816615649929139,23.0
-0.029461681610360224,-0.1308996938995748,27.0
-0.029461681610360224,-0.04363323129985819,16.0
-0.029461681610360224,0.04363323129985819,22.0
-0.029461681610360224,0.13089969389957457,28.0
-0.029461681610360224,0.21816615649929116,25.0
-0.029461681610360224,0.30543261909900776,21.0
-0.029461681610360224,0.39269908169872414,28.0
-0.029461681610360224,0.4799655442984405,27.0
-0.029461681610360224,0.5672320068981569,32.0
-0.029461681610360224,0.6544984694978735,30.0
-0.029461681610360224,0.7417649320975901,24.0
-0.029461681610360224,0.8290313946973065,23.0
-0.029461681610360224,0.9162978572970228,32.0
-0.029461681610360224,1.0035643198967392,16.0
-0.029461681610360224,1.0908307824964556,24.0
-0.029461681610360224,1.178097245096172,21.0
-0.029461681610360224,1.2653637076958888,24.0
-0.029461681610360224,1.3526301702956056,25.0
-0.029461681610360224,1.439896632895322,27.0
-0.029461681610360224,1.5271630954950384,23.0
-0.029461681610360224,1.6144295580947547,29.0
-0.029461681610360224,1.7016960206944711,34.0
-0.029461681610360224,1.7889624832941875,27.0
-0.029461681610360224,1.8762289458939039,30.0
-0.029461681610360224,1.9634954084936203,24.0
-0.029461681610360224,2.050761871093337,30.0
-0.029461681610360224,2.138028333693054,22.0
-0.029461681610360224,2.2252947962927703,25.0
-0.029461681610360224,2.3125612588924866,21.0
-0.029461681610360224,2.399827721492203,28.0
-0.029461681610360224,2.4870941840919194,18.0
-0.029461681610360224,2.574360646691636,28.0
-0.029461681610360224,2.661627109291352,34.0
-0.029461681610360224,2.7488935718910685,24.0
-0.029461681610360224,2.8361600344907854,28.0
-0.029461681610360224,2.923426497090502,25.0
-0.029461681610360224,3.0106929596902186,21.0
-0.029461681610360224,3.097959422289935,25.0
0.010225133805138342,-3.097959422289935,27.0
0.010225133805138342,-3.0106929596902186,27.0
0.010225133805138342,-2.923426497090502,32.0
0.010225133805138342,-2.8361600344907854,28.0
0.010225133805138342,-2.748893571891069,22.0
0.010225133805138342,-2.6616271092913526,27.0
0.010225133805138342,-2.574360646691636,36.0
0.010225133805138342,-2.4870941840919194,30.0
0.010225133805138342,-2.399827721492203,27.0
0.010225133805138342,-2.3125612588924866,29.0
0.010225133805138342,-2.2252947962927703,23.0
0.010225133805138342,-2.138028333693054,24.0
0.010225133805138342,-2.0507618710933375,28.0
0.010225133805138342,-1.9634954084936207,20.0
0.010225133805138342,-1.8762289458939043,24.0
0.010225133805138342,-1.7889624832941877,26.0
0.010225133805138342,-1.7016960206944713,19.0
0.010225133805138342,-1.6144295580947547,22.0
0.010225133805138342,-1.5271630954950384,38.0
0.010225133805138342,-1.439896632895322,19.0
0.010225133805138342,-1.3526301702956054,29.0
0.010225133805138342,-1.2653637076958888,22.0
0.010225133805138342,-1.1780972450961724,22.0
0.010225133805138342,-1.090830782496456,23.0
0.010225133805138342,-1.0035643198967397,24.0
0.010225133805138342,-0.9162978572970231,23.0
0.010225133805138342,-0.8290313946973065,23.0
0.010225133805138342,-0.7417649320975901,28.0
0.010225133805138342,-0.6544984694978737,16.0
0.010225133805138342,-0.5672320068981571,22.0
0.010225133805138342,-0.4799655442984405,22.0
0.010225133805138342,-0.39269908169872414,29.0
0.010225133805138342,-0.30543261909900776,34.0
0.010225133805138342,-0.21816615649929139,21.0
0.010225133805138342,-0.1308996938995748,26.0
0.010225133805138342,-0.04363323129985819,53.0
0.010225133805138342,0.04363323129985819,48.0
0.010225133805138342,0.13089969389957457,23.0
0.010225133805138342,0.21816615649929116,26.0
0.010225133805138342,0.30543261909900776,26.0
0.010225133805138342,0.39269908169872414,35.0
0.010225133805138342,0.4799655442984405,24.0
0.010225133805138342,0.5672320068981569,20.0
0.010225133805138342,0.6544984694978735,20.0
0.010225133805138342,0.7417649320975901,18.0
0.010225133805138342,0.8290313946973065,21.0
0.010225133805138342,0.9162978572970228,22.0
0.010225133805138342,1.0035643198967392,24.0
0.010225133805138342,1.0908307824964556,25.0
0.010225133805138342,1.178097245096172,27.0
0.010225133805138342,1.2653637076958888,24.0
0.010225133805138342,1.3526301702956056,26.0
0.010225133805138342,1.439896632895322,26.0
0.010225133805138342,1.5271630954950384,22.0
0.010225133805138342,1.6144295580947547,23.0
0.010225133805138342,1.7016960206944711,27.0
0.010225133805138342,1.7889624832941875,23.0
0.010225133805138342,1.8762289458939039,24.0
0.010225133805138342,1.9634954084936203,26.0
0.010225133805138342,2.050761871093337,23.0
0.010225133805138342,2.138028333693054,22.0
0.010225133805138342,2.2252947962927703,24.0
0.010225133805138342,2.3125612588924866,26.0
0.010225133805138342,2.399827721492203,23.0
0.010225133805138342,2.4870941840919194,33.0
0.010225133805138342,2.574360646691636,27.0
0.010225133805138342,2.661627109291352,31.0
0.010225133805138342,2.7488935718910685,29.0
0.010225133805138342,2.8361600344907854,38.0
0.010225133805138342,2.923426497090502,29.0
0.010225133805138342,3.0106929596902186,34.0
0.010225133805138342,3.097959422289935,24.0
0.0499119492206368,-3.097959422289935,21.0
0.0499119492206368,-3.0106929596902186,42.0
0.0499119492206368,-2.923426497090502,19.0
0.0499119492206368,-2.8361600344907854,27.0
0.0499119492206368,-2.748893571891069,23.0
0.0499119492206368,-2.6616271092913526,23.0
0.0499119492206368,-2.574360646691636,18.0
0.0499119492206368,-2.4870941840919194,15.0
0.0499119492206368,-2.399827721492203,29.0
0.0499119492206368,-2.3125612588924866,21.0
0.0499119492206368,-2.2252947962927703,16.0
0.0499119492206368,-2.138028333693054,35.0
0.0499119492206368,-2.0507618710933375,13.0
0.0499119492206368,-1.9634954084936207,23.0
0.0499119492206368,-1.8762289458939043,31.0
0.0499119492206368,-1.7889624832941877,20.0
0.0499119492206368,-1.7016960206944713,20.0
0.0499119492206368,-1.6144295580947547,34.0
0.0499119492206368,-1.5271630954950384,23.0
0.0499119492206368,-1.439896632895322,19.0
0.0499119492206368,-1.3526301702956054,25.0
0.0499119492206368,-1.2653637076958888,22.0
0.0499119492206368,-1.1780972450961724,28.0
0.0499119492206368,-1.090830782496456,25.0
0.0499119492206368,-1.0035643198967397,12.0
0.0499119492206368,-0.9162978572970231,24.0
0.0499119492206368,-0.8290313946973065,26.0
0.0499119492206368,-0.7417649320975901,32.0
0.0499119492206368,-0.6544984694978737,21.0
0.0499119492206368,-0.5672320068981571,18.0
0.0499119492206368,-0.4799655442984405,24.0
0.0499119492206368,-0.39269908169872414,27.0
0.0499119492206368,-0.30543261909900776,24.0
0.0499119492206368,-0.21816615649929139,26.0
0.0499119492206368,-0.1308996938995748,19.0
0.0499119492206368,-0.04363323129985819,43.0
0.0499119492206368,0.04363323129985819,37.0
0.0499119492206368,0.13089969389957457,36.0
0.0499119492206368,0.21816615649929116,25.0
0.0499119492206368,0.30543261909900776,19.0
0.0499119492206368,0.39269908169872414,20.0
0.0499119492206368,0.4799655442984405,16.0
0.0499119492206368,0.5672320068981569,26.0
0.0499119492206368,0.6544984694978735,27.0
0.0499119492206368,0.7417649320975901,32.0
0.0499119492206368,0.8290313946973065,29.0
0.0499119492206368,0.9162978572970228,26.0
0.0499119492206368,1.0035643198967392,18.0
0.0499119492206368,1.0908307824964556,30.0
0.0499119492206368,1.178097245096172,19.0
0.0499119492206368,1.2653637076958888,20.0
0.0499119492206368,1.3526301702956056,28.0
0.0499119492206368,1.439896632895322,27.0
0.0499119492206368,1.5271630954950384,20.0
0.0499119492206368,1.6144295580947547,24.0
0.0499119492206368,1.7016960206944711,21.0
0.0499119492206368,1.7889624832941875,26.0
0.0499119492206368,1.8762289458939039,29.0
0.0499119492206368,1.9634954084936203,28.0
0.0499119492206368,2.050761871093337,22.0
0.0499119492206368,2.138028333693054,31.0
0.0499119492206368,2.2252947962927703,34.0
0.0499119492206368,2.3125612588924866,30.0
0.0499119492206368,2.399827721492203,33.0
0.0499119492206368,2.4870941840919194,21.0
0.0499119492206368,2.574360646691636,20.0
0.0499119492206368,2.661627109291352,28.0
0.0499119492206368,2.7488935718910685,13.0
0.0499119492206368,2.8361600344907854,28.0
0.0499119492206368,2.923426497090502,28.0
0.0499119492206368,3.0106929596902186,24.0
0.0499119492206368,3.097959422289935,27.0
0.08959876463613525,-3.097959422289935,30.0
0.08959876463613525,-3.0106929596902186,29.0
0.08959876463613525,-2.923426497090502,27.0
0.08959876463613525,-2.8361600344907854,33.0
0.08959876463613525,-2.748893571891069,29.0
0.08959876463613525,-2.6616271092913526,21.0
0.08959876463613525,-2.574360646691636,27.0
0.08959876463613525,-2.4870941840919194,18.0
0.08959876463613525,-2.399827721492203,24.0
0.08959876463613525,-2.3125612588924866,19.0
0.08959876463613525,-2.2252947962927703,13.0
0.08959876463613525,-2.138028333693054,30.0
0.08959876463613525,-2.0507618710933375,26.0
0.08959876463613525,-1.9634954084936207,25.0
0.08959876463613525,-1.8762289458939043,24.0
0.08959876463613525,-1.7889624832941877,18.0
0.08959876463613525,-1.7016960206944713,25.0
0.08959876463613525,-1.6144295580947547,28.0
0.08959876463613525,-1.5271630954950384,21.0
0.08959876463613525,-1.439896632895322,18.0
0.08959876463613525,-1.3526301702956054,21.0
0.08959876463613525,-1.2653637076958888,22.0
0.08959876463613525,-1.1780972450961724,35.0
0.08959876463613525,-1.090830782496456,29.0
0.08959876463613525,-1.0035643198967397,32.0
0.08959876463613525,-0.9162978572970231,21.0
0.08959876463613525,-0.8290313946973065,29.0
0.08959876463613525,-0.7417649320975901,27.0
0.08959876463613525,-0.6544984694978737,21.0
0.08959876463613525,-0.5672320068981571,27.0
0.08959876463613525,-0.4799655442984405,17.0
0.08959876463613525,-0.39269908169872414,27.0
0.08959876463613525,-0.30543261909900776,21.0
0.08959876463613525,-0.21816615649929139,31.0
0.08959876463613525,-0.1308996938995748,21.0
0.08959876463613525,-0.04363323129985819,25.0
0.08959876463613525,0.04363323129985819,18.0
0.08959876463613525,0.13089969389957457,18.0
0.08959876463613525,0.21816615649929116,33.0
0.08959876463613525,0.30543261909900776,32.0
0.08959876463613525,0.39269908169872414,31.0
0.08959876463613525,0.4799655442984405,25.0
0.08959876463613525,0.5672320068981569,26.0
0.08959876463613525,0.6544984694978735,38.0
0.08959876463613525,0.7417649320975901,29.0
0.08959876463613525,0.8290313946973065,15.0
0.08959876463613525,0.9162978572970228,33.0
0.08959876463613525,1.0035643198967392,32.0
0.08959876463613525,1.0908307824964556,23.0
0.08959876463613525,1.178097245096172,23.0
0.08959876463613525,1.2653637076958888,15.0
0.08959876463613525,1.3526301702956056,22.0
0.08959876463613525,1.439896632895322,15.0
0.08959876463613525,1.5271630954950384,27.0
0.08959876463613525,1.6144295580947547,31.0
0.08959876463613525,1.7016960206944711,25.0
0.08959876463613525,1.7889624832941875,29.0
0.08959876463613525,1.8762289458939039,28.0
0.08959876463613525,1.9634954084936203,25.0
0.08959876463613525,2.050761871093337,19.0
0.08959876463613525,2.138028333693054,23.0
0.08959876463613525,2.2252947962927703,28.0
0.08959876463613525,2.3125612588924866,32.0
0.08959876463613525,2.399827721492203,17.0
0.08959876463613525,2.4870941840919194,33.0
0.08959876463613525,2.574360646691636,21.0
0.08959876463613525,2.661627109291352,25.0
0.08959876463613525,2.7488935718910685,25.0
0.08959876463613525,2.8361600344907854,24.0
0.08959876463613525,2.923426497090502,33.0
0.08959876463613525,3.0106929596902186,30.0
0.08959876463613525,3.097959422289935,22.0
0.12928558005163382,-3.097959422289935,32.0
0.12928558005163382,-3.0106929596902186,24.0
0.12928558005163382,-2.923426497090502,27.0
0.12928558005163382,-2.8361600344907854,27.0
0.12928558005163382,-2.748893571891069,28.0
0.12928558005163382,-2.6616271092913526,26.0
0.12928558005163382,-2.574360646691636,24.0
0.12928558005163382,-2.4870941840919194,19.0
0.12928558005163382,-2.399827721492203,22.0
0.12928558005163382,-2.3125612588924866,25.0
0.12928558005163382,-2.2252947962927703,24.0
0.12928558005163382,-2.138028333693054,25.0
0.12928558005163382,-2.0507618710933375,32.0
0.12928558005163382,-1.9634954084936207,20.0
0.12928558005163382,-1.8762289458939043,27.0
0.12928558005163382,-1.7889624832941877,32.0
0.12928558005163382,-1.7016960206944713,21.0
0.12928558005163382,-1.6144295580947547,31.0
0.12928558005163382,-1.5271630954950384,23.0
0.12928558005163382,-1.439896632895322,18.0
0.12928558005163382,-1.3526301702956054,33.0
0.12928558005163382,-1.2653637076958888,17.0
0.12928558005163382,-1.1780972450961724,30.0
0.12928558005163382,-1.090830782496456,25.0
0.12928558005163382,-1.0035643198967397,21.0
0.12928558005163382,-0.9162978572970231,29.0
0.12928558005163382,-0.8290313946973065,28.0
0.12928558005163382,-0.7417649320975901,29.0
0.12928558005163382,-0.6544984694978737,28.0
0.12928558005163382,-0.5672320068981571,24.0
0.12928558005163382,-0.4799655442984405,25.0
0.12928558005163382,-0.39269908169872414,19.0
0.12928558005163382,-0.30543261909900776,18.0
0.12928558005163382,-0.21816615649929139,12.0
0.12928558005163382,-0.1308996938995748,27.0
0.12928558005163382,-0.04363323129985819,24.0
0.12928558005163382,0.04363323129985819,24.0
0.12928558005163382,0.13089969389957457,20.0
0.12928558005163382,0.21816615649929116,32.0
0.12928558005163382,0.30543261909900776,23.0
0.12928558005163382,0.39269908169872414,23.0
0.12928558005163382,0.4799655442984405,18.0
0.12928558005163382,0.5672320068981569,16.0
0.12928558005163382,0.6544984694978735,18.0
0.12928558005163382,0.7417649320975901,31.0
0.12928558005163382,0.8290313946973065,20.0
0.12928558005163382,0.9162978572970228,15.0
0.12928558005163382,1.0035643198967392,25.0
0.12928558005163382,1.0908307824964556,29.0
0.12928558005163382,1.178097245096172,20.0
0.12928558005163382,1.2653637076958888,14.0
0.12928558005163382,1.3526301702956056,16.0
0.12928558005163382,1.439896632895322,27.0
0.12928558005163382,1.5271630954950384,18.0
0.12928558005163382,1.6144295580947547,18.0
0.12928558005163382,1.7016960206944711,18.0
0.12928558005163382,1.7889624832941875,23.0
0.12928558005163382,1.8762289458939039,21.0
0.12928558005163382,1.9634954084936203,28.0
0.12928558005163382,2.050761871093337,27.0
0.12928558005163382,2.138028333693054,20.0
0.12928558005163382,2.2252947962927703,16.0
0.12928558005163382,2.3125612588924866,26.0
0.12928558005163382,2.399827721492203,24.0
0.12928558005163382,2.4870941840919194,17.0
0.12928558005163382,2.574360646691636,20.0
0.12928558005163382,2.661627109291352,18.0
0.12928558005163382,2.7488935718910685,28.0
0.12928558005163382,2.8361600344907854,26.0
0.12928558005163382,2.923426497090502,27.0
0.12928558005163382,3.0106929596902186,25.0
0.12928558005163382,3.097959422289935,29.0
0.16897239546713239,-3.097959422289935,34.0
0.16897239546713239,-3.0106929596902186,22.0
0.16897239546713239,-2.923426497090502,27.0
0.16897239546713239,-2.8361600344907854,25.0
0.16897239546713239,-2.748893571891069,16.0
0.16897239546713239,-2.6616271092913526,28.0
0.16897239546713239,-2.574360646691636,22.0
0.16897239546713239,-2.4870941840919194,19.0
0.16897239546713239,-2.399827721492203,16.0
0.16897239546713239,-2.3125612588924866,24.0
0.16897239546713239,-2.2252947962927703,27.0
0.16897239546713239,-2.138028333693054,31.0
0.16897239546713239,-2.0507618710933375,21.0
0.16897239546713239,-1.9634954084936207,27.0
0.16897239546713239,-1.8762289458939043,24.0
0.16897239546713239,-1.7889624832941877,28.0
0.16897239546713239,-1.7016960206944713,19.0
0.16897239546713239,-1.6144295580947547,23.0
0.16897239546713239,-1.5271630954950384,22.0
0.16897239546713239,-1.439896632895322,20.0
0.16897239546713239,-1.3526301702956054,26.0
0.16897239546713239,-1.2653637076958888,22.0
0.16897239546713239,-1.1780972450961724,29.0
0.16897239546713239,-1.090830782496456,24.0
0.16897239546713239,-1.0035643198967397,17.0
0.16897239546713239,-0.9162978572970231,15.0
0.16897239546713239,-0.8290313946973065,22.0
0.16897239546713239,-0.7417649320975901,23.0
0.16897239546713239,-0.6544984694978737,33.0
0.16897239546713239,-0.5672320068981571,21.0
0.16897239546713239,-0.4799655442984405,29.0
0.16897239546713239,-0.39269908169872414,25.0
0.16897239546713239,-0.30543261909900776,19.0
0.16897239546713239,-0.21816615649929139,18.0
0.16897239546713239,-0.1308996938995748,21.0
0.16897239546713239,-0.04363323129985819,27.0
0.16897239546713239,0.04363323129985819,25.0
0.16897239546713239,0.13089969389957457,20.0
0.16897239546713239,0.21816615649929116,17.0
0.16897239546713239,0.30543261909900776,16.0
0.16897239546713239,0.39269908169872414,29.0
0.16897239546713239,0.4799655442984405,22.0
0.16897239546713239,0.5672320068981569,21.0
0.16897239546713239,0.6544984694978735,26.0
0.16897239546713239,0.7417649320975901,25.0
0.16897239546713239,0.8290313946973065,22.0
0.16897239546713239,0.9162978572970228,20.0
0.16897239546713239,1.0035643198967392,23.0
0.16897239546713239,1.0908307824964556,18.0
0.16897239546713239,1.178097245096172,28.0
0.16897239546713239,1.2653637076958888,12.0
0.16897239546713239,1.3526301702956056,28.0
0.16897239546713239,1.439896632895322,23.0
0.16897239546713239,1.5271630954950384,26.0
0.16897239546713239,1.6144295580947547,18.0
0.16897239546713239,1.7016960206944711,21.0
0.16897239546713239,1.7889624832941875,26.0
0.16897239546713239,1.8762289458939039,24.0
0.16897239546713239,1.9634954084936203,17.0
0.16897239546713239,2.050761871093337,30.0
0.16897239546713239,2.138028333693054,21.0
0.16897239546713239,2.2252947962927703,26.0
0.16897239546713239,2.3125612588924866,18.0
0.16897239546713239,2.399827721492203,29.0
0.16897239546713239,2.4870941840919194,21.0
0.16897239546713239,2.574360646691636,24.0
0.16897239546713239,2.661627109291352,29.0
0.16897239546713239,2.7488935718910685,27.0
0.16897239546713239,2.8361600344907854,24.0
0.16897239546713239,2.923426497090502,25.0
0.16897239546713239,3.0106929596902186,19.0
0.16897239546713239,3.097959422289935,21.0
0.20865921088263095,-3.097959422289935,25.0
0.20865921088263095,-3.0106929596902186,18.0
0.20865921088263095,-2.923426497090502,15.0
0.20865921088263095,-2.8361600344907854,28.0
0.20865921088263095,-2.748893571891069,17.0
0.20865921088263095,-2.6616271092913526,17.0
0.20865921088263095,-2.574360646691636,22.0
0.20865921088263095,-2.4870941840919194,21.0
0.20865921088263095,-2.399827721492203,24.0
0.20865921088263095,-2.3125612588924866,28.0
0.20865921088263095,-2.2252947962927703,27.0
0.20865921088263095,-2.138028333693054,19.0
0.20865921088263095,-2.0507618710933375,16.0
0.20865921088263095,-1.9634954084936207,21.0
0.20865921088263095,-1.8762289458939043,15.0
0.20865921088263095,-1.7889624832941877,23.0
0.20865921088263095,-1.7016960206944713,19.0
0.20865921088263095,-1.6144295580947547,20.0
0.20865921088263095,-1.5271630954950384,25.0
0.20865921088263095,-1.439896632895322,27.0
0.20865921088263095,-1.3526301702956054,22.0
0.20865921088263095,-1.2653637076958888,18.0
0.20865921088263095,-1.1780972450961724,26.0
0.20865921088263095,-1.090830782496456,20.0
0.20865921088263095,-1.0035643198967397,22.0
0.20865921088263095,-0.9162978572970231,24.0
0.20865921088263095,-0.8290313946973065,24.0
0.20865921088263095,-0.7417649320975901,26.0
0.20865921088263095,-0.6544984694978737,22.0
0.20865921088263095,-0.5672320068981571,24.0
0.20865921088263095,-0.4799655442984405,33.0
0.20865921088263095,-0.39269908169872414,17.0
0.20865921088263095,-0.30543261909900776,13.0
0.20865921088263095,-0.21816615649929139,24.0
0.20865921088263095,-0.1308996938995748,20.0
0.20865921088263095,-0.04363323129985819,23.0
0.20865921088263095,0.04363323129985819,20.0
0.20865921088263095,0.13089969389957457,23.0
0.20865921088263095,0.21816615649929116,15.0
0.20865921088263095,0.30543261909900776,18.0
0.20865921088263095,0.39269908169872414,15.0
0.20865921088263095,0.4799655442984405,20.0
0.20865921088263095,0.5672320068981569,19.0
0.20865921088263095,0.6544984694978735,27.0
0.20865921088263095,0.7417649320975901,27.0
0.20865921088263095,0.8290313946973065,22.0
0.20865921088263095,0.9162978572970228,22.0
0.20865921088263095,1.0035643198967392,22.0
0.20865921088263095,1.0908307824964556,22.0
0.20865921088263095,1.178097245096172,26.0
0.20865921088263095,1.2653637076958888,25.0
0.20865921088263095,1.3526301702956056,18.0
0.20865921088263095,1.439896632895322,28.0
0.20865921088263095,1.5271630954950384,23.0
0.20865921088263095,1.6144295580947547,20.0
0.20865921088263095,1.7016960206944711,25.0
0.20865921088263095,1.7889624832941875,22.0
0.20865921088263095,1.8762289458939039,18.0
0.20865921088263095,1.9634954084936203,20.0
0.20865921088263095,2.050761871093337,24.0
0.20865921088263095,2.138028333693054,26.0
0.20865921088263095,2.2252947962927703,20.0
0.20865921088263095,2.3125612588924866,16.0
0.20865921088263095,2.399827721492203,21.0
0.20865921088263095,2.4870941840919194,23.0
0.20865921088263095,2.574360646691636,20.0
0.20865921088263095,2.661627109291352,21.0
0.20865921088263095,2.7488935718910685,22.0
0.20865921088263095,2.8361600344907854,28.0
0.20865921088263095,2.923426497090502,21.0
0.20865921088263095,3.0106929596902186,25.0
0.20865921088263095,3.097959422289935,22.0
0.24834602629812952,-3.097959422289935,20.0
0.24834602629812952,-3.0106929596902186,18.0
0.24834602629812952,-2.923426497090502,19.0
0.24834602629812952,-2.8361600344907854,33.0
0.24834602629812952,-2.748893571891069,14.0
0.24834602629812952,-2.6616271092913526,20.0
0.24834602629812952,-2.574360646691636,22.0
0.24834602629812952,-2.4870941840919194,22.0
0.24834602629812952,-2.399827721492203,23.0
0.24834602629812952,-2.3125612588924866,21.0
0.24834602629812952,-2.2252947962927703,19.0
0.24834602629812952,-2.138028333693054,29.0
0.24834602629812952,-2.0507618710933375,26.0
0.24834602629812952,-1.9634954084936207,27.0
0.24834602629812952,-1.8762289458939043,15.0
0.24834602629812952,-1.7889624832941877,19.0
0.24834602629812952,-1.7016960206944713,14.0
0.24834602629812952,-1.6144295580947547,21.0
0.24834602629812952,-1.5271630954950384,26.0
0.24834602629812952,-1.439896632895322,25.0
0.24834602629812952,-1.3526301702956054,24.0
0.24834602629812952,-1.2653637076958888,20.0
0.24834602629812952,-1.1780972450961724,16.0
0.24834602629812952,-1.090830782496456,28.0
0.24834602629812952,-1.0035643198967397,19.0
0.24834602629812952,-0.9162978572970231,12.0
0.24834602629812952,-0.8290313946973065,21.0
0.24834602629812952,-0.7417649320975901,28.0
0.24834602629812952,-0.6544984694978737,24.0
0.24834602629812952,-0.5672320068981571,20.0
0.24834602629812952,-0.4799655442984405,30.0
0.24834602629812952,-0.39269908169872414,16.0
0.24834602629812952,-0.30543261909900776,20.0
0.24834602629812952,-0.21816615649929139,28.0
0.24834602629812952,-0.1308996938995748,27.0
0.24834602629812952,-0.04363323129985819,22.0
0.24834602629812952,0.04363323129985819,10.0
0.24834602629812952,0.13089969389957457,23.0
0.24834602629812952,0.21816615649929116,27.0
0.24834602629812952,0.30543261909900776,10.0
0.24834602629812952,0.39269908169872414,28.0
0.24834602629812952,0.4799655442984405,23.0
0.24834602629812952,0.5672320068981569,25.0
0.24834602629812952,0.6544984694978735,16.0
0.24834602629812952,0.7417649320975901,26.0
0.24834602629812952,0.8290313946973065,22.0
0.24834602629812952,0.9162978572970228,21.0
0.24834602629812952,1.0035643198967392,28.0
0.24834602629812952,1.0908307824964556,13.0
0.24834602629812952,1.178097245096172,17.0
0.24834602629812952,1.2653637076958888,19.0
0.24834602629812952,1.3526301702956056,21.0
0.24834602629812952,1.439896632895322,18.0
0.24834602629812952,1.5271630954950384,18.0
0.24834602629812952,1.6144295580947547,14.0
0.24834602629812952,1.7016960206944711,27.0
0.24834602629812952,1.7889624832941875,18.0
0.24834602629812952,1.8762289458939039,20.0
0.24834602629812952,1.9634954084936203,16.0
0.24834602629812952,2.050761871093337,23.0
0.24834602629812952,2.138028333693054,25.0
0.24834602629812952,2.2252947962927703,22.0
0.24834602629812952,2.3125612588924866,14.0
0.24834602629812952,2.399827721492203,27.0
0.24834602629812952,2.4870941840919194,13.0
0.24834602629812952,2.574360646691636,26.0
0.24834602629812952,2.661627109291352,22.0
0.24834602629812952,2.7488935718910685,28.0
0.24834602629812952,2.8361600344907854,25.0
0.24834602629812952,2.923426497090502,18.0
0.24834602629812952,3.0106929596902186,28.0
0.24834602629812952,3.097959422289935,24.0
0.288032841713628,-3.097959422289935,19.0
0.288032841713628,-3.0106929596902186,17.0
0.288032841713628,-2.923426497090502,23.0
0.288032841713628,-2.8361600344907854,19.0
0.288032841713628,-2.748893571891069,10.0
0.288032841713628,-2.6616271092913526,18.0
0.288032841713628,-2.574360646691636,17.0
0.288032841713628,-2.4870941840919194,18.0
0.288032841713628,-2.399827721492203,13.0
0.288032841713628,-2.3125612588924866,17.0
0.288032841713628,-2.2252947962927703,22.0
0.288032841713628,-2.138028333693054,25.0
0.288032841713628,-2.0507618710933375,19.0
0.288032841713628,-1.9634954084936207,20.0
0.288032841713628,-1.8762289458939043,18.0
0.288032841713628,-1.7889624832941877,24.0
0.288032841713628,-1.7016960206944713,13.0
0.288032841713628,-1.6144295580947547,17.0
0.288032841713628,-1.5271630954950384,16.0
0.288032841713628,-1.439896632895322,9.0
0.288032841713628,-1.3526301702956054,13.0
0.288032841713628,-1.2653637076958888,17.0
0.288032841713628,-1.1780972450961724,19.0
0.288032841713628,-1.090830782496456,21.0
0.288032841713628,-1.0035643198967397,16.0
0.288032841713628,-0.9162978572970231,21.0
0.288032841713628,-0.8290313946973065,26.0
0.288032841713628,-0.7417649320975901,21.0
0.288032841713628,-0.6544984694978737,26.0
0.288032841713628,-0.5672320068981571,14.0
0.288032841713628,-0.4799655442984405,26.0
0.288032841713628,-0.39269908169872414,17.0
0.288032841713628,-0.30543261909900776,23.0
0.288032841713628,-0.21816615649929139,26.0
0.288032841713628,-0.1308996938995748,20.0
0.288032841713628,-0.04363323129985819,31.0
0.288032841713628,0.04363323129985819,18.0
0.288032841713628,0.13089969389957457,16.0
0.288032841713628,0.21816615649929116,30.0
0.288032841713628,0.30543261909900776,20.0
0.288032841713628,0.39269908169872414,16.0
0.288032841713628,0.4799655442984405,20.0
0.288032841713628,0.5672320068981569,28.0
0.288032841713628,0.6544984694978735,18.0
0.288032841713628,0.7417649320975901,24.0
0.288032841713628,0.8290313946973065,13.0
0.288032841713628,0.9162978572970228,18.0
0.288032841713628,1.0035643198967392,28.0
0.288032841713628,1.0908307824964556,23.0
0.288032841713628,1.178097245096172,22.0
0.288032841713628,1.2653637076958888,15.0
0.288032841713628,1.3526301702956056,27.0
0.288032841713628,1.439896632895322,30.0
0.288032841713628,1.5271630954950384,18.0
0.288032841713628,1.6144295580947547,29.0
0.288032841713628,1.7016960206944711,26.0
0.288032841713628,1.7889624832941875,24.0
0.288032841713628,1.8762289458939039,25.0
0.288032841713628,1.9634954084936203,17.0
0.288032841713628,2.050761871093337,26.0
0.288032841713628,2.138028333693054,26.0
0.288032841713628,2.2252947962927703,16.0
0.288032841713628,2.3125612588924866,20.0
0.288032841713628,2.399827721492203,29.0
0.288032841713628,2.4870941840919194,26.0
0.288032841713628,2.574360646691636,18.0
0.288032841713628,2.661627109291352,17.0
0.288032841713628,2.7488935718910685,15.0
0.288032841713628,2.8361600344907854,25.0
0.288032841713628,2.923426497090502,11.0
0.288032841713628,3.0106929596902186,20.0
0.288032841713628,3.097959422289935,31.0
0.32771965712912643,-3.097959422289935,25.0
0.32771965712912643,-3.0106929596902186,26.0
0.32771965712912643,-2.923426497090502,19.0
0.32771965712912643,-2.8361600344907854,24.0
0.32771965712912643,-2.748893571891069,19.0
0.32771965712912643,-2.6616271092913526,20.0
0.32771965712912643,-2.574360646691636,23.0
0.32771965712912643,-2.4870941840919194,25.0
0.32771965712912643,-2.399827721492203,21.0
0.32771965712912643,-2.3125612588924866,17.0
0.32771965712912643,-2.2252947962927703,15.0
0.32771965712912643,-2.138028333693054,13.0
0.32771965712912643,-2.0507618710933375,20.0
0.32771965712912643,-1.9634954084936207,18.0
0.32771965712912643,-1.8762289458939043,19.0
0.32771965712912643,-1.7889624832941877,19.0
0.32771965712912643,-1.7016960206944713,22.0
0.32771965712912643,-1.6144295580947547,21.0
0.32771965712912643,-1.5271630954950384,19.0
0.32771965712912643,-1.439896632895322,18.0
0.32771965712912643,-1.3526301702956054,13.0
0.32771965712912643,-1.2653637076958888,13.0
0.32771965712912643,-1.1780972450961724,18.0
0.32771965712912643,-1.090830782496456,24.0
0.32771965712912643,-1.0035643198967397,17.0
0.32771965712912643,-0.9162978572970231,23.0
0.32771965712912643,-0.8290313946973065,19.0
0.32771965712912643,-0.7417649320975901,14.0
0.32771965712912643,-0.6544984694978737,18.0
0.32771965712912643,-0.5672320068981571,17.0
0.32771965712912643,-0.4799655442984405,22.0
0.32771965712912643,-0.39269908169872414,9.0
0.32771965712912643,-0.30543261909900776,22.0
0.32771965712912643,-0.21816615649929139,20.0
0.32771965712912643,-0.1308996938995748,22.0
0.32771965712912643,-0.04363323129985819,23.0
0.32771965712912643,0.04363323129985819,22.0
0.32771965712912643,0.13089969389957457,23.0
0.32771965712912643,0.21816615649929116,22.0
0.32771965712912643,0.30543261909900776,25.0
0.32771965712912643,0.39269908169872414,21.0
0.32771965712912643,0.4799655442984405,20.0
0.32771965712912643,0.5672320068981569,16.0
0.32771965712912643,0.6544984694978735,15.0
0.32771965712912643,0.7417649320975901,15.0
0.32771965712912643,0.8290313946973065,26.0
0.32771965712912643,0.9162978572970228,19.0
0.32771965712912643,1.0035643198967392,28.0
0.32771965712912643,1.0908307824964556,19.0
0.32771965712912643,1.178097245096172,24.0
0.32771965712912643,1.2653637076958888,22.0
0.32771965712912643,1.3526301702956056,23.0
0.32771965712912643,1.439896632895322,19.0
0.32771965712912643,1.5271630954950384,21.0
0.32771965712912643,1.6144295580947547,19.0
0.32771965712912643,1.7016960206944711,15.0
0.32771965712912643,1.7889624832941875,21.0
0.32771965712912643,1.8762289458939039,16.0
0.32771965712912643,1.9634954084936203,29.0
0.32771965712912643,2.050761871093337,11.0
0.32771965712912643,2.138028333693054,20.0
0.32771965712912643,2.2252947962927703,16.0
0.32771965712912643,2.3125612588924866,15.0
0.32771965712912643,2.399827721492203,18.0
0.32771965712912643,2.4870941840919194,22.0
0.32771965712912643,2.574360646691636,16.0
0.32771965712912643,2.661627109291352,18.0
0.32771965712912643,2.7488935718910685,25.0
0.32771965712912643,2.8361600344907854,23.0
0.32771965712912643,2.923426497090502,19.0
0.32771965712912643,3.0106929596902186,26.0
0.32771965712912643,3.097959422289935,18.0
0.367406472544625,-3.097959422289935,18.0
0.367406472544625,-3.0106929596902186,16.0
0.367406472544625,-2.923426497090502,18.0
0.367406472544625,-2.8361600344907854,25.0
0.367406472544625,-2.748893571891069,22.0
0.367406472544625,-2.6616271092913526,14.0
0.367406472544625,-2.574360646691636,22.0
0.367406472544625,-2.4870941840919194,22.0
0.367406472544625,-2.399827721492203,21.0
0.367406472544625,-2.3125612588924866,20.0
0.367406472544625,-2.2252947962927703,17.0
0.367406472544625,-2.138028333693054,25.0
0.367406472544625,-2.0507618710933375,20.0
0.367406472544625,-1.9634954084936207,19.0
0.367406472544625,-1.8762289458939043,19.0
0.367406472544625,-1.7889624832941877,20.0
0.367406472544625,-1.7016960206944713,23.0
0.367406472544625,-1.6144295580947547,15.0
0.367406472544625,-1.5271630954950384,15.0
0.367406472544625,-1.439896632895322,21.0
0.367406472544625,-1.3526301702956054,16.0
0.367406472544625,-1.2653637076958888,18.0
0.367406472544625,-1.1780972450961724,19.0
0.367406472544625,-1.090830782496456,19.0
0.367406472544625,-1.0035643198967397,15.0
0.367406472544625,-0.9162978572970231,12.0
0.367406472544625,-0.8290313946973065,22.0
0.367406472544625,-0.7417649320975901,20.0
0.367406472544625,-0.6544984694978737,23.0
0.367406472544625,-0.5672320068981571,14.0
0.367406472544625,-0.4799655442984405,19.0
0.367406472544625,-0.39269908169872414,21.0
0.367406472544625,-0.30543261909900776,22.0
0.367406472544625,-0.21816615649929139,14.0
0.367406472544625,-0.1308996938995748,22.0
0.367406472544625,-0.04363323129985819,17.0
0.367406472544625,0.04363323129985819,10.0
0.367406472544625,0.13089969389957457,26.0
0.367406472544625,0.21816615649929116,17.0
0.367406472544625,0.30543261909900776,17.0
0.367406472544625,0.39269908169872414,18.0
0.367406472544625,0.4799655442984405,26.0
0.367406472544625,0.5672320068981569,25.0
0.367406472544625,0.6544984694978735,16.0
0.367406472544625,0.7417649320975901,14.0
0.367406472544625,0.8290313946973065,24.0
0.367406472544625,0.9162978572970228,25.0
0.367406472544625,1.0035643198967392,26.0
0.367406472544625,1.0908307824964556,15.0
0.367406472544625,1.178097245096172,25.0
0.367406472544625,1.2653637076958888,14.0
0.367406472544625,1.3526301702956056,16.0
0.367406472544625,1.439896632895322,20.0
0.367406472544625,1.5271630954950384,20.0
0.367406472544625,1.6144295580947547,24.0
0.367406472544625,1.7016960206944711,24.0
0.367406472544625,1.7889624832941875,20.0
0.367406472544625,1.8762289458939039,17.0
0.367406472544625,1.9634954084936203,22.0
0.367406472544625,2.050761871093337,15.0
0.367406472544625,2.138028333693054,16.0
0.367406472544625,2.2252947962927703,13.0
0.367406472544625,2.3125612588924866,22.0
0.367406472544625,2.399827721492203,22.0
0.367406472544625,2.4870941840919194,20.0
0.367406472544625,2.574360646691636,30.0
0.367406472544625,2.661627109291352,12.0
0.367406472544625,2.7488935718910685,21.0
0.367406472544625,2.8361600344907854,16.0
0.367406472544625,2.923426497090502,24.0
0.367406472544625,3.0106929596902186,26.0
0.367406472544625,3.097959422289935,23.0
0.4070932879601237,-3.097959422289935,19.0
0.4070932879601237,-3.0106929596902186,19.0
0.4070932879601237,-2.923426497090502,25.0
0.4070932879601237,-2.8361600344907854,21.0
0.4070932879601237,-2.748893571891069,16.0
0.4070932879601237,-2.6616271092913526,19.0
0.4070932879601237,-2.574360646691636,26.0
0.4070932879601237,-2.4870941840919194,17.0
0.4070932879601237,-2.399827721492203,14.0
0.4070932879601237,-2.3125612588924866,19.0
0.4070932879601237,-2.2252947962927703,28.0
0.4070932879601237,-2.138028333693054,20.0
0.4070932879601237,-2.0507618710933375,21.0
0.4070932879601237,-1.9634954084936207,20.0
0.4070932879601237,-1.8762289458939043,15.0
0.4070932879601237,-1.7889624832941877,20.0
0.4070932879601237,-1.7016960206944713,23.0
0.4070932879601237,-1.6144295580947547,13.0
0.4070932879601237,-1.5271630954950384,20.0
0.4070932879601237,-1.439896632895322,19.0
0.4070932879601237,-1.3526301702956054,14.0
0.4070932879601237,-1.2653637076958888,16.0
0.4070932879601237,-1.1780972450961724,18.0
0.4070932879601237,-1.090830782496456,21.0
0.4070932879601237,-1.0035643198967397,17.0
0.4070932879601237,-0.9162978572970231,22.0
0.4070932879601237,-0.8290313946973065,19.0
0.4070932879601237,-0.7417649320975901,13.0
0.4070932879601237,-0.6544984694978737,17.0
0.4070932879601237,-0.5672320068981571,21.0
0.4070932879601237,-0.4799655442984405,23.0
0.4070932879601237,-0.39269908169872414,22.0
0.4070932879601237,-0.30543261909900776,15.0
0.4070932879601237,-0.21816615649929139,18.0
0.4070932879601237,-0.1308996938995748,17.0
0.4070932879601237,-0.04363323129985819,27.0
0.4070932879601237,0.04363323129985819,14.0
0.4070932879601237,0.13089969389957457,23.0
0.4070932879601237,0.21816615649929116,20.0
0.4070932879601237,0.30543261909900776,14.0
0.4070932879601237,0.39269908169872414,24.0
0.4070932879601237,0.4799655442984405,22.0
0.4070932879601237,0.5672320068981569,19.0
0.4070932879601237,0.6544984694978735,19.0
0.4070932879601237,0.7417649320975901,27.0
0.4070932879601237,0.8290313946973065,24.0
0.4070932879601237,0.9162978572970228,25.0
0.4070932879601237,1.0035643198967392,18.0
0.4070932879601237,1.0908307824964556,26.0
0.4070932879601237,1.178097245096172,20.0
0.4070932879601237,1.2653637076958888,20.0
0.4070932879601237,1.3526301702956056,27.0
0.4070932879601237,1.439896632895322,23.0
0.4070932879601237,1.5271630954950384,10.0
0.4070932879601237,1.6144295580947547,22.0
0.4070932879601237,1.7016960206944711,23.0
0.4070932879601237,1.7889624832941875,18.0
0.4070932879601237,1.8762289458939039,18.0
0.4070932879601237,1.9634954084936203,15.0
0.4070932879601237,2.050761871093337,13.0
0.4070932879601237,2.138028333693054,16.0
0.4070932879601237,2.2252947962927703,19.0
0.4070932879601237,2.3125612588924866,17.0
0.4070932879601237,2.399827721492203,17.0
0.4070932879601237,2.4870941840919194,16.0
0.4070932879601237,2.574360646691636,15.0
0.4070932879601237,2.661627109291352,19.0
0.4070932879601237,2.7488935718910685,20.0
0.4070932879601237,2.8361600344907854,22.0
0.4070932879601237,2.923426497090502,11.0
0.4070932879601237,3.0106929596902186,24.0
0.4070932879601237,3.097959422289935,21.0
0.44678010337562224,-3.097959422289935,21.0
0.44678010337562224,-3.0106929596902186,16.0
0.44678010337562224,-2.923426497090502,16.0
0.44678010337562224,-2.8361600344907854,14.0
0.44678010337562224,-2.748893571891069,12.0
0.44678010337562224,-2.6616271092913526,19.0
0.44678010337562224,-2.574360646691636,20.0
0.44678010337562224,-2.4870941840919194,14.0
0.44678010337562224,-2.399827721492203,22.0
0.44678010337562224,-2.3125612588924866,27.0
0.44678010337562224,-2.2252947962927703,22.0
0.44678010337562224,-2.138028333693054,20.0
0.44678010337562224,-2.0507618710933375,17.0
0.44678010337562224,-1.9634954084936207,13.0
0.44678010337562224,-1.8762289458939043,17.0
0.44678010337562224,-1.7889624832941877,14.0
0.44678010337562224,-1.7016960206944713,20.0
0.44678010337562224,-1.6144295580947547,14.0
0.44678010337562224,-1.5271630954950384,23.0
0.44678010337562224,-1.439896632895322,26.0
0.44678010337562224,-1.3526301702956054,13.0
0.44678010337562224,-1.2653637076958888,23.0
0.44678010337562224,-1.1780972450961724,19.0
0.44678010337562224,-1.090830782496456,21.0
0.44678010337562224,-1.0035643198967397,15.0
0.44678010337562224,-0.9162978572970231,16.0
0.44678010337562224,-0.8290313946973065,16.0
0.44678010337562224,-0.7417649320975901,13.0
0.44678010337562224,-0.6544984694978737,13.0
0.44678010337562224,-0.5672320068981571,18.0
0.44678010337562224,-0.4799655442984405,15.0
0.44678010337562224,-0.39269908169872414,20.0
0.44678010337562224,-0.30543261909900776,22.0
0.44678010337562224,-0.21816615649929139,19.0
0.44678010337562224,-0.1308996938995748,16.0
0.44678010337562224,-0.04363323129985819,21.0
0.44678010337562224,0.04363323129985819,14.0
0.44678010337562224,0.13089969389957457,23.0
0.44678010337562224,0.21816615649929116,15.0
0.44678010337562224,0.30543261909900776,22.0
0.44678010337562224,0.39269908169872414,18.0
0.44678010337562224,0.4799655442984405,16.0
0.44678010337562224,0.5672320068981569,18.0
0.44678010337562224,0.6544984694978735,17.0
0.44678010337562224,0.7417649320975901,24.0
0.44678010337562224,0.8290313946973065,18.0
0.44678010337562224,0.9162978572970228,15.0
0.44678010337562224,1.0035643198967392,23.0
0.44678010337562224,1.0908307824964556,12.0
0.44678010337562224,1.178097245096172,12.0
0.44678010337562224,1.2653637076958888,12.0
0.44678010337562224,1.3526301702956056,18.0
0.44678010337562224,1.439896632895322,21.0
0.44678010337562224,1.5271630954950384,17.0
0.44678010337562224,1.6144295580947547,17.0
0.44678010337562224,1.7016960206944711,19.0
0.44678010337562224,1.7889624832941875,14.0
0.44678010337562224,1.8762289458939039,37.0
0.44678010337562224,1.9634954084936203,25.0
0.44678010337562224,2.050761871093337,16.0
0.44678010337562224,2.138028333693054,12.0
0.44678010337562224,2.2252947962927703,18.0
0.44678010337562224,2.3125612588924866,20.0
0.44678010337562224,2.399827721492203,12.0
0.44678010337562224,2.4870941840919194,15.0
0.44678010337562224,2.574360646691636,17.0
0.44678010337562224,2.661627109291352,29.0
0.44678010337562224,2.7488935718910685,17.0
0.44678010337562224,2.8361600344907854,22.0
0.44678010337562224,2.923426497090502,21.0
0.44678010337562224,3.0106929596902186,22.0
0.44678010337562224,3.097959422289935,14.0
0.4864669187911206,-3.097959422289935,12.0
0.4864669187911206,-3.0106929596902186,19.0
0.4864669187911206,-2.923426497090502,20.0
0.4864669187911206,-2.8361600344907854,14.0
0.4864669187911206,-2.748893571891069,19.0
0.4864669187911206,-2.6616271092913526,19.0
0.4864669187911206,-2.574360646691636,15.0
0.4864669187911206,-2.4870941840919194,13.0
0.4864669187911206,-2.399827721492203,14.0
0.4864669187911206,-2.3125612588924866,20.0
0.4864669187911206,-2.2252947962927703,17.0
0.4864669187911206,-2.138028333693054,16.0
0.4864669187911206,-2.0507618710933375,20.0
0.4864669187911206,-1.9634954084936207,13.0
0.4864669187911206,-1.8762289458939043,20.0
0.4864669187911206,-1.7889624832941877,18.0
0.4864669187911206,-1.7016960206944713,16.0
0.4864669187911206,-1.6144295580947547,20.0
0.4864669187911206,-1.5271630954950384,15.0
0.4864669187911206,-1.439896632895322,21.0
0.4864669187911206,-1.3526301702956054,22.0
0.4864669187911206,-1.2653637076958888,22.0
0.4864669187911206,-1.1780972450961724,24.0
0.4864669187911206,-1.090830782496456,22.0
0.4864669187911206,-1.0035643198967397,17.0
0.4864669187911206,-0.9162978572970231,21.0
0.4864669187911206,-0.8290313946973065,21.0
0.4864669187911206,-0.7417649320975901,15.0
0.4864669187911206,-0.6544984694978737,20.0
0.4864669187911206,-0.5672320068981571,22.0
0.4864669187911206,-0.4799655442984405,16.0
0.4864669187911206,-0.39269908169872414,25.0
0.4864669187911206,-0.30543261909900776,16.0
0.4864669187911206,-0.21816615649929139,13.0
0.4864669187911206,-0.1308996938995748,16.0
0.4864669187911206,-0.04363323129985819,24.0
0.4864669187911206,0.04363323129985819,14.0
0.4864669187911206,0.13089969389957457,23.0
0.4864669187911206,0.21816615649929116,11.0
0.4864669187911206,0.30543261909900776,14.0
0.4864669187911206,0.39269908169872414,16.0
0.4864669187911206,0.4799655442984405,20.0
0.4864669187911206,0.5672320068981569,13.0
0.4864669187911206,0.6544984694978735,17.0
0.4864669187911206,0.7417649320975901,19.0
0.4864669187911206,0.8290313946973065,26.0
0.4864669187911206,0.9162978572970228,21.0
0.4864669187911206,1.0035643198967392,17.0
0.4864669187911206,1.0908307824964556,13.0
0.4864669187911206,1.178097245096172,19.0
0.4864669187911206,1.2653637076958888,10.0
0.4864669187911206,1.3526301702956056,16.0
0.4864669187911206,1.439896632895322,20.0
0.4864669187911206,1.5271630954950384,14.0
0.4864669187911206,1.6144295580947547,13.0
0.4864669187911206,1.7016960206944711,19.0
0.4864669187911206,1.7889624832941875,14.0
0.4864669187911206,1.8762289458939039,13.0
0.4864669187911206,1.9634954084936203,20.0
0.4864669187911206,2.050761871093337,16.0
0.4864669187911206,2.138028333693054,16.0
0.4864669187911206,2.2252947962927703,19.0
0.4864669187911206,2.3125612588924866,20.0
0.4864669187911206,2.399827721492203,23.0
0.4864669187911206,2.4870941840919194,16.0
0.4864669187911206,2.574360646691636,24.0
0.4864669187911206,2.661627109291352,18.0
0.4864669187911206,2.7488935718910685,16.0
0.4864669187911206,2.8361600344907854,8.0
0.4864669187911206,2.923426497090502,21.0
0.4864669187911206,3.0106929596902186,19.0
0.4864669187911206,3.097959422289935,22.0
0.5261537342066192,-3.097959422289935,15.0
0.5261537342066192,-3.0106929596902186,18.0
0.5261537342066192,-2.923426497090502,11.0
0.5261537342066192,-2.8361600344907854,15.0
0.5261537342066192,-2.748893571891069,15.0
0.5261537342066192,-2.6616271092913526,19.0
0.5261537342066192,-2.574360646691636,13.0
0.5261537342066192,-2.4870941840919194,16.0
0.5261537342066192,-2.399827721492203,22.0
0.5261537342066192,-2.3125612588924866,18.0
0.5261537342066192,-2.2252947962927703,18.0
0.5261537342066192,-2.138028333693054,13.0
0.5261537342066192,-2.0507618710933375,19.0
0.5261537342066192,-1.9634954084936207,13.0
0.5261537342066192,-1.8762289458939043,13.0
0.5261537342066192,-1.7889624832941877,19.0
0.5261537342066192,-1.7016960206944713,16.0
0.5261537342066192,-1.6144295580947547,20.0
0.5261537342066192,-1.5271630954950384,23.0
0.5261537342066192,-1.439896632895322,14.0
0.5261537342066192,-1.3526301702956054,19.0
0.5261537342066192,-1.2653637076958888,23.0
0.5261537342066192,-1.1780972450961724,20.0
0.5261537342066192,-1.090830782496456,20.0
0.5261537342066192,-1.0035643198967397,16.0
0.5261537342066192,-0.9162978572970231,24.0
0.5261537342066192,-0.8290313946973065,12.0
0.5261537342066192,-0.7417649320975901,17.0
0.5261537342066192,-0.6544984694978737,21.0
0.5261537342066192,-0.5672320068981571,28.0
0.5261537342066192,-0.4799655442984405,19.0
0.5261537342066192,-0.39269908169872414,17.0
0.5261537342066192,-0.30543261909900776,15.0
0.5261537342066192,-0.21816615649929139,19.0
0.5261537342066192,-0.1308996938995748,14.0
0.5261537342066192,-0.04363323129985819,16.0
0.5261537342066192,0.04363323129985819,13.0
0.5261537342066192,0.13089969389957457,14.0
0.5261537342066192,0.21816615649929116,15.0
0.5261537342066192,0.30543261909900776,16.0
0.5261537342066192,0.39269908169872414,18.0
0.5261537342066192,0.4799655442984405,16.0
0.5261537342066192,0.5672320068981569,28.0
0.5261537342066192,0.6544984694978735,20.0
0.5261537342066192,0.7417649320975901,22.0
0.5261537342066192,0.8290313946973065,14.0
0.5261537342066192,0.9162978572970228,13.0
0.5261537342066192,1.0035643198967392,20.0
0.5261537342066192,1.0908307824964556,15.0
0.5261537342066192,1.178097245096172,14.0
0.5261537342066192,1.2653637076958888,17.0
0.5261537342066192,1.3526301702956056,15.0
0.5261537342066192,1.439896632895322,20.0
0.5261537342066192,1.5271630954950384,17.0
0.5261537342066192,1.6144295580947547,14.0
0.5261537342066192,1.7016960206944711,17.0
0.5261537342066192,1.7889624832941875,20.0
0.5261537342066192,1.8762289458939039,17.0
0.5261537342066192,1.9634954084936203,16.0
0.5261537342066192,2.050761871093337,22.0
0.5261537342066192,2.138028333693054,20.0
0.5261537342066192,2.2252947962927703,20.0
0.5261537342066192,2.3125612588924866,16.0
0.5261537342066192,2.399827721492203,17.0
0.5261537342066192,2.4870941840919194,16.0
0.5261537342066192,2.574360646691636,10.0
0.5261537342066192,2.661627109291352,22.0
0.5261537342066192,2.7488935718910685,19.0
0.5261537342066192,2.8361600344907854,19.0
0.5261537342066192,2.923426497090502,13.0
0.5261537342066192,3.0106929596902186,14.0
0.5261537342066192,3.097959422289935,12.0
0.5658405496221177,-3.097959422289935,7.0
0.5658405496221177,-3.0106929596902186,13.0
0.5658405496221177,-2.923426497090502,19.0
0.5658405496221177,-2.8361600344907854,21.0
0.5658405496221177,-2.748893571891069,16.0
0.5658405496221177,-2.6616271092913526,17.0
0.5658405496221177,-2.574360646691636,16.0
0.5658405496221177,-2.4870941840919194,14.0
0.5658405496221177,-2.399827721492203,19.0
0.5658405496221177,-2.3125612588924866,16.0
0.5658405496221177,-2.2252947962927703,8.0
0.5658405496221177,-2.138028333693054,19.0
0.5658405496221177,-2.0507618710933375,26.0
0.5658405496221177,-1.9634954084936207,21.0
0.5658405496221177,-1.8762289458939043,13.0
0.5658405496221177,-1.7889624832941877,13.0
0.5658405496221177,-1.7016960206944713,11.0
0.5658405496221177,-1.6144295580947547,20.0
0.5658405496221177,-1.5271630954950384,17.0
0.5658405496221177,-1.439896632895322,13.0
0.5658405496221177,-1.3526301702956054,13.0
0.5658405496221177,-1.2653637076958888,14.0
0.5658405496221177,-1.1780972450961724,21.0
0.5658405496221177,-1.090830782496456,23.0
0.5658405496221177,-1.0035643198967397,13.0
0.5658405496221177,-0.9162978572970231,20.0
0.5658405496221177,-0.8290313946973065,14.0
0.5658405496221177,-0.7417649320975901,19.0
0.5658405496221177,-0.6544984694978737,11.0
0.5658405496221177,-0.5672320068981571,16.0
0.5658405496221177,-0.4799655442984405,16.0
0.5658405496221177,-0.39269908169872414,19.0
0.5658405496221177,-0.30543261909900776,20.0
0.5658405496221177,-0.21816615649929139,16.0
0.5658405496221177,-0.1308996938995748,26.0
0.5658405496221177,-0.04363323129985819,17.0
0.5658405496221177,0.04363323129985819,16.0
0.5658405496221177,0.13089969389957457,19.0
0.5658405496221177,0.21816615649929116,13.0
0.5658405496221177,0.30543261909900776,12.0
0.5658405496221177,0.39269908169872414,18.0
0.5658405496221177,0.4799655442984405,10.0
0.5658405496221177,0.5672320068981569,16.0
0.5658405496221177,0.6544984694978735,12.0
0.5658405496221177,0.7417649320975901,15.0
0.5658405496221177,0.8290313946973065,12.0
0.5658405496221177,0.9162978572970228,16.0
0.5658405496221177,1.0035643198967392,21.0
0.5658405496221177,1.0908307824964556,12.0
0.5658405496221177,1.178097245096172,19.0
0.5658405496221177,1.2653637076958888,21.0
0.5658405496221177,1.3526301702956056,10.0
0.5658405496221177,1.439896632895322,11.0
0.5658405496221177,1.5271630954950384,18.0
0.5658405496221177,1.6144295580947547,13.0
0.5658405496221177,1.7016960206944711,18.0
0.5658405496221177,1.7889624832941875,13.0
0.5658405496221177,1.8762289458939039,13.0
0.5658405496221177,1.9634954084936203,18.0
0.5658405496221177,2.050761871093337,16.0
0.5658405496221177,2.138028333693054,17.0
0.5658405496221177,2.2252947962927703,8.0
0.5658405496221177,2.3125612588924866,26.0
0.5658405496221177,2.399827721492203,15.0
0.5658405496221177,2.4870941840919194,12.0
0.5658405496221177,2.574360646691636,21.0
0.5658405496221177,2.661627109291352,10.0
0.5658405496221177,2.7488935718910685,19.0
0.5658405496221177,2.8361600344907854,14.0
0.5658405496221177,2.923426497090502,14.0
0.5658405496221177,3.0106929596902186,17.0
0.5658405496221177,3.097959422289935,20.0
0.6055273650376163,-3.097959422289935,14.0
0.6055273650376163,-3.0106929596902186,17.0
0.6055273650376163,-2.923426497090502,9.0
0.6055273650376163,-2.8361600344907854,15.0
0.6055273650376163,-2.748893571891069,19.0
0.6055273650376163,-2.6616271092913526,13.0
0.6055273650376163,-2.574360646691636,16.0
0.6055273650376163,-2.4870941840919194,15.0
0.6055273650376163,-2.399827721492203,19.0
0.6055273650376163,-2.3125612588924866,12.0
0.6055273650376163,-2.2252947962927703,8.0
0.6055273650376163,-2.138028333693054,19.0
0.6055273650376163,-2.0507618710933375,14.0
0.6055273650376163,-1.9634954084936207,18.0
0.6055273650376163,-1.8762289458939043,23.0
0.6055273650376163,-1.7889624832941877,16.0
0.6055273650376163,-1.7016960206944713,10.0
0.6055273650376163,-1.6144295580947547,9.0
0.6055273650376163,-1.5271630954950384,12.0
0.6055273650376163,-1.439896632895322,16.0
0.6055273650376163,-1.3526301702956054,9.0
0.6055273650376163,-1.2653637076958888,17.0
0.6055273650376163,-1.1780972450961724,21.0
0.6055273650376163,-1.090830782496456,14.0
0.6055273650376163,-1.0035643198967397,17.0
0.6055273650376163,-0.9162978572970231,21.0
0.6055273650376163,-0.8290313946973065,15.0
0.6055273650376163,-0.7417649320975901,14.0
0.6055273650376163,-0.6544984694978737,13.0
0.6055273650376163,-0.5672320068981571,17.0
0.6055273650376163,-0.4799655442984405,19.0
0.6055273650376163,-0.39269908169872414,16.0
0.6055273650376163,-0.30543261909900776,10.0
0.6055273650376163,-0.21816615649929139,14.0
0.6055273650376163,-0.1308996938995748,19.0
0.6055273650376163,-0.04363323129985819,9.0
0.6055273650376163,0.04363323129985819,12.0
0.6055273650376163,0.13089969389957457,15.0
0.6055273650376163,0.21816615649929116,16.0
0.6055273650376163,0.30543261909900776,13.0
0.6055273650376163,0.39269908169872414,11.0
0.6055273650376163,0.4799655442984405,16.0
0.6055273650376163,0.5672320068981569,13.0
0.6055273650376163,0.6544984694978735,15.0
0.6055273650376163,0.7417649320975901,11.0
0.6055273650376163,0.8290313946973065,14.0
0.6055273650376163,0.9162978572970228,16.0
0.6055273650376163,1.0035643198967392,14.0
0.6055273650376163,1.0908307824964556,20.0
0.6055273650376163,1.178097245096172,13.0
0.6055273650376163,1.2653637076958888,17.0
0.6055273650376163,1.3526301702956056,15.0
0.6055273650376163,1.439896632895322,13.0
0.6055273650376163,1.5271630954950384,17.0
0.6055273650376163,1.6144295580947547,17.0
0.6055273650376163,1.7016960206944711,12.0
0.6055273650376163,1.7889624832941875,17.0
0.6055273650376163,1.8762289458939039,15.0
0.6055273650376163,1.9634954084936203,15.0
0.6055273650376163,2.050761871093337,11.0
0.6055273650376163,2.138028333693054,15.0
0.6055273650376163,2.2252947962927703,14.0
0.6055273650376163,2.3125612588924866,13.0
0.6055273650376163,2.399827721492203,18.0
0.6055273650376163,2.4870941840919194,11.0
0.6055273650376163,2.574360646691636,15.0
0.6055273650376163,2.661627109291352,8.0
0.6055273650376163,2.7488935718910685,14.0
0.6055273650376163,2.8361600344907854,17.0
0.6055273650376163,2.923426497090502,14.0
0.6055273650376163,3.0106929596902186,15.0
0.6055273650376163,3.097959422289935,18.0
0.6452141804531148,-3.097959422289935,14.0
0.6452141804531148,-3.0106929596902186,13.0
0.6452141804531148,-2.923426497090502,13.0
0.6452141804531148,-2.8361600344907854,14.0
0.6452141804531148,-2.748893571891069,13.0
0.6452141804531148,-2.6616271092913526,13.0
0.6452141804531148,-2.574360646691636,16.0
0.6452141804531148,-2.4870941840919194,17.0
0.6452141804531148,-2.399827721492203,23.0
0.6452141804531148,-2.3125612588924866,17.0
0.6452141804531148,-2.2252947962927703,19.0
0.6452141804531148,-2.138028333693054,17.0
0.6452141804531148,-2.0507618710933375,17.0
0.6452141804531148,-1.9634954084936207,13.0
0.6452141804531148,-1.8762289458939043,11.0
0.6452141804531148,-1.7889624832941877,12.0
0.6452141804531148,-1.7016960206944713,11.0
0.6452141804531148,-1.6144295580947547,20.0
0.6452141804531148,-1.5271630954950384,22.0
0.6452141804531148,-1.439896632895322,14.0
0.6452141804531148,-1.3526301702956054,13.0
0.6452141804531148,-1.2653637076958888,27.0
0.6452141804531148,-1.1780972450961724,9.0
0.6452141804531148,-1.090830782496456,10.0
0.6452141804531148,-1.0035643198967397,11.0
0.6452141804531148,-0.9162978572970231,10.0
0.6452141804531148,-0.8290313946973065,18.0
0.6452141804531148,-0.7417649320975901,10.0
0.6452141804531148,-0.6544984694978737,24.0
0.6452141804531148,-0.5672320068981571,14.0
0.6452141804531148,-0.4799655442984405,16.0
0.6452141804531148,-0.39269908169872414,19.0
0.6452141804531148,-0.30543261909900776,13.0
0.6452141804531148,-0.21816615649929139,11.0
0.6452141804531148,-0.1308996938995748,16.0
0.6452141804531148,-0.04363323129985819,23.0
0.6452141804531148,0.04363323129985819,16.0
0.6452141804531148,0.13089969389957457,9.0
0.6452141804531148,0.21816615649929116,15.0
0.6452141804531148,0.30543261909900776,13.0
0.6452141804531148,0.39269908169872414,16.0
0.6452141804531148,0.4799655442984405,10.0
0.6452141804531148,0.5672320068981569,10.0
0.6452141804531148,0.6544984694978735,13.0
0.6452141804531148,0.7417649320975901,18.0
0.6452141804531148,0.8290313946973065,18.0
0.6452141804531148,0.9162978572970228,15.0
0.6452141804531148,1.0035643198967392,15.0
0.6452141804531148,1.0908307824964556,8.0
0.6452141804531148,1.178097245096172,17.0
0.6452141804531148,1.2653637076958888,19.0
0.6452141804531148,1.3526301702956056,11.0
0.6452141804531148,1.439896632895322,13.0
0.6452141804531148,1.5271630954950384,18.0
0.6452141804531148,1.6144295580947547,13.0
0.6452141804531148,1.7016960206944711,15.0
0.6452141804531148,1.7889624832941875,12.0
0.6452141804531148,1.8762289458939039,14.0
0.6452141804531148,1.9634954084936203,17.0
0.6452141804531148,2.050761871093337,13.0
0.6452141804531148,2.138028333693054,16.0
0.6452141804531148,2.2252947962927703,18.0
0.6452141804531148,2.3125612588924866,16.0
0.6452141804531148,2.399827721492203,12.0
0.6452141804531148,2.4870941840919194,21.0
0.6452141804531148,2.574360646691636,14.0
0.6452141804531148,2.661627109291352,15.0
0.6452141804531148,2.7488935718910685,15.0
0.6452141804531148,2.8361600344907854,15.0
0.6452141804531148,2.923426497090502,18.0
0.6452141804531148,3.0106929596902186,15.0
0.6452141804531148,3.097959422289935,18.0
0.6849009958686132,-3.097959422289935,14.0
0.6849009958686132,-3.0106929596902186,10.0
0.6849009958686132,-2.923426497090502,10.0
0.6849009958686132,-2.8361600344907854,12.0
0.6849009958686132,-2.748893571891069,9.0
0.6849009958686132,-2.6616271092913526,14.0
0.6849009958686132,-2.574360646691636,16.0
0.6849009958686132,-2.4870941840919194,17.0
0.6849009958686132,-2.399827721492203,21.0
0.6849009958686132,-2.3125612588924866,13.0
0.6849009958686132,-2.2252947962927703,15.0
0.6849009958686132,-2.138028333693054,11.0
0.6849009958686132,-2.0507618710933375,14.0
0.6849009958686132,-1.9634954084936207,15.0
0.6849009958686132,-1.8762289458939043,16.0
0.6849009958686132,-1.7889624832941877,11.0
0.6849009958686132,-1.7016960206944713,17.0
0.6849009958686132,-1.6144295580947547,13.0
0.6849009958686132,-1.5271630954950384,17.0
0.6849009958686132,-1.439896632895322,7.0
0.6849009958686132,-1.3526301702956054,15.0
0.6849009958686132,-1.2653637076958888,19.0
0.6849009958686132,-1.1780972450961724,18.0
0.6849009958686132,-1.090830782496456,16.0
0.6849009958686132,-1.0035643198967397,14.0
0.6849009958686132,-0.9162978572970231,14.0
0.6849009958686132,-0.8290313946973065,9.0
0.6849009958686132,-0.7417649320975901,15.0
0.6849009958686132,-0.6544984694978737,11.0
0.6849009958686132,-0.5672320068981571,14.0
0.6849009958686132,-0.4799655442984405,12.0
0.6849009958686132,-0.39269908169872414,14.0
0.6849009958686132,-0.30543261909900776,8.0
0.6849009958686132,-0.21816615649929139,12.0
0.6849009958686132,-0.1308996938995748,14.0
0.6849009958686132,-0.04363323129985819,14.0
0.6849009958686132,0.04363323129985819,12.0
0.6849009958686132,0.13089969389957457,20.0
0.6849009958686132,0.21816615649929116,13.0
0.6849009958686132,0.30543261909900776,12.0
0.6849009958686132,0.39269908169872414,18.0
0.6849009958686132,0.4799655442984405,15.0
0.6849009958686132,0.5672320068981569,12.0
0.6849009958686132,0.6544984694978735,14.0
0.6849009958686132,0.7417649320975901,17.0
0.6849009958686132,0.8290313946973065,15.0
0.6849009958686132,0.9162978572970228,12.0
0.6849009958686132,1.0035643198967392,10.0
0.6849009958686132,1.0908307824964556,16.0
0.6849009958686132,1.178097245096172,10.0
0.6849009958686132,1.2653637076958888,14.0
0.6849009958686132,1.3526301702956056,3.0
0.6849009958686132,1.439896632895322,12.0
0.6849009958686132,1.5271630954950384,20.0
0.6849009958686132,1.6144295580947547,12.0
0.6849009958686132,1.7016960206944711,5.0
0.6849009958686132,1.7889624832941875,10.0
0.6849009958686132,1.8762289458939039,19.0
0.6849009958686132,1.9634954084936203,8.0
0.6849009958686132,2.050761871093337,8.0
0.6849009958686132,2.138028333693054,8.0
0.6849009958686132,2.2252947962927703,17.0
0.6849009958686132,2.3125612588924866,11.0
0.6849009958686132,2.399827721492203,15.0
0.6849009958686132,2.4870941840919194,18.0
0.6849009958686132,2.574360646691636,20.0
0.6849009958686132,2.661627109291352,16.0
0.6849009958686132,2.7488935718910685,15.0
0.6849009958686132,2.8361600344907854,16.0
0.6849009958686132,2.923426497090502,18.0
0.6849009958686132,3.0106929596902186,9.0
0.6849009958686132,3.097959422289935,10.0
0.7245878112841118,-3.097959422289935,13.0
0.7245878112841118,-3.0106929596902186,10.0
0.7245878112841118,-2.923426497090502,7.0
0.7245878112841118,-2.8361600344907854,13.0
0.7245878112841118,-2.748893571891069,17.0
0.7245878112841118,-2.6616271092913526,8.0
0.7245878112841118,-2.574360646691636,12.0
0.7245878112841118,-2.4870941840919194,8.0
0.7245878112841118,-2.399827721492203,12.0
0.7245878112841118,-2.3125612588924866,12.0
0.7245878112841118,-2.2252947962927703,11.0
0.7245878112841118,-2.138028333693054,18.0
0.7245878112841118,-2.0507618710933375,8.0
0.7245878112841118,-1.9634954084936207,13.0
0.7245878112841118,-1.8762289458939043,16.0
0.7245878112841118,-1.7889624832941877,11.0
0.7245878112841118,-1.7016960206944713,15.0
0.7245878112841118,-1.6144295580947547,13.0
0.7245878112841118,-1.5271630954950384,13.0
0.7245878112841118,-1.439896632895322,17.0
0.7245878112841118,-1.3526301702956054,14.0
0.7245878112841118,-1.2653637076958888,8.0
0.7245878112841118,-1.1780972450961724,16.0
0.7245878112841118,-1.090830782496456,9.0
0.7245878112841118,-1.0035643198967397,9.0
0.7245878112841118,-0.9162978572970231,11.0
0.7245878112841118,-0.8290313946973065,11.0
0.7245878112841118,-0.7417649320975901,20.0
0.7245878112841118,-0.6544984694978737,13.0
0.7245878112841118,-0.5672320068981571,16.0
0.7245878112841118,-0.4799655442984405,18.0
0.7245878112841118,-0.39269908169872414,11.0
0.7245878112841118,-0.30543261909900776,13.0
0.7245878112841118,-0.21816615649929139,15.0
0.7245878112841118,-0.1308996938995748,16.0
0.7245878112841118,-0.04363323129985819,6.0
0.7245878112841118,0.04363323129985819,6.0
0.7245878112841118,0.13089969389957457,16.0
0.7245878112841118,0.21816615649929116,7.0
0.7245878112841118,0.30543261909900776,11.0
0.7245878112841118,0.39269908169872414,18.0
0.7245878112841118,0.4799655442984405,12.0
0.7245878112841118,0.5672320068981569,13.0
0.7245878112841118,0.6544984694978735,3.0
0.7245878112841118,0.7417649320975901,16.0
0.7245878112841118,0.8290313946973065,17.0
0.7245878112841118,0.9162978572970228,15.0
0.7245878112841118,1.0035643198967392,18.0
0.7245878112841118,1.0908307824964556,11.0
0.7245878112841118,1.178097245096172,13.0
0.7245878112841118,1.2653637076958888,6.0
0.7245878112841118,1.3526301702956056,12.0
0.7245878112841118,1.439896632895322,12.0
0.7245878112841118,1.5271630954950384,13.0
0.7245878112841118,1.6144295580947547,19.0
0.7245878112841118,1.7016960206944711,13.0
0.7245878112841118,1.7889624832941875,9.0
0.7245878112841118,1.8762289458939039,9.0
0.7245878112841118,1.9634954084936203,14.0
0.7245878112841118,2.050761871093337,19.0
0.7245878112841118,2.138028333693054,10.0
0.7245878112841118,2.2252947962927703,17.0
0.7245878112841118,2.3125612588924866,13.0
0.7245878112841118,2.399827721492203,11.0
0.7245878112841118,2.4870941840919194,17.0
0.7245878112841118,2.574360646691636,17.0
0.7245878112841118,2.661627109291352,21.0
0.7245878112841118,2.7488935718910685,20.0
0.7245878112841118,2.8361600344907854,16.0
0.7245878112841118,2.923426497090502,10.0
0.7245878112841118,3.0106929596902186,13.0
0.7245878112841118,3.097959422289935,22.0
0.7642746266996103,-3.097959422289935,14.0
0.7642746266996103,-3.0106929596902186,12.0
0.7642746266996103,-2.923426497090502,12.0
0.7642746266996103,-2.8361600344907854,7.0
0.7642746266996103,-2.748893571891069,15.0
0.7642746266996103,-2.6616271092913526,12.0
0.7642746266996103,-2.574360646691636,11.0
0.7642746266996103,-2.4870941840919194,6.0
0.7642746266996103,-2.399827721492203,18.0
0.7642746266996103,-2.3125612588924866,9.0
0.7642746266996103,-2.2252947962927703,13.0
0.7642746266996103,-2.138028333693054,13.0
0.7642746266996103,-2.0507618710933375,8.0
0.7642746266996103,-1.9634954084936207,11.0
0.7642746266996103,-1.8762289458939043,10.0
0.7642746266996103,-1.7889624832941877,11.0
0.7642746266996103,-1.7016960206944713,16.0
0.7642746266996103,-1.6144295580947547,13.0
0.7642746266996103,-1.5271630954950384,16.0
0.7642746266996103,-1.439896632895322,9.0
0.7642746266996103,-1.3526301702956054,7.0
0.7642746266996103,-1.2653637076958888,12.0
0.7642746266996103,-1.1780972450961724,6.0
0.7642746266996103,-1.090830782496456,12.0
0.7642746266996103,-1.0035643198967397,15.0
0.7642746266996103,-0.9162978572970231,10.0
0.7642746266996103,-0.8290313946973065,12.0
0.7642746266996103,-0.7417649320975901,7.0
0.7642746266996103,-0.6544984694978737,10.0
0.7642746266996103,-0.5672320068981571,16.0
0.7642746266996103,-0.4799655442984405,11.0
0.7642746266996103,-0.39269908169872414,12.0
0.7642746266996103,-0.30543261909900776,17.0
0.7642746266996103,-0.21816615649929139,12.0
0.7642746266996103,-0.1308996938995748,14.0
0.7642746266996103,-0.04363323129985819,15.0
0.7642746266996103,0.04363323129985819,8.0
0.7642746266996103,0.13089969389957457,19.0
0.7642746266996103,0.21816615649929116,9.0
0.7642746266996103,0.30543261909900776,12.0
0.7642746266996103,0.39269908169872414,12.0
0.7642746266996103,0.4799655442984405,20.0
0.7642746266996103,0.5672320068981569,19.0
0.7642746266996103,0.6544984694978735,18.0
0.7642746266996103,0.7417649320975901,12.0
0.7642746266996103,0.8290313946973065,8.0
0.7642746266996103,0.9162978572970228,10.0
0.7642746266996103,1.0035643198967392,12.0
0.7642746266996103,1.0908307824964556,12.0
0.7642746266996103,1.178097245096172,13.0
0.7642746266996103,1.2653637076958888,13.0
0.7642746266996103,1.3526301702956056,11.0
0.7642746266996103,1.439896632895322,16.0
0.7642746266996103,1.5271630954950384,10.0
0.7642746266996103,1.6144295580947547,9.0
0.7642746266996103,1.7016960206944711,13.0
0.7642746266996103,1.7889624832941875,10.0
0.7642746266996103,1.8762289458939039,18.0
0.7642746266996103,1.9634954084936203,13.0
0.7642746266996103,2.050761871093337,8.0
0.7642746266996103,2.138028333693054,17.0
0.7642746266996103,2.2252947962927703,14.0
0.7642746266996103,2.3125612588924866,12.0
0.7642746266996103,2.399827721492203,12.0
0.7642746266996103,2.4870941840919194,14.0
0.7642746266996103,2.574360646691636,12.0
0.7642746266996103,2.661627109291352,11.0
0.7642746266996103,2.7488935718910685,15.0
0.7642746266996103,2.8361600344907854,18.0
0.7642746266996103,2.923426497090502,11.0
0.7642746266996103,3.0106929596902186,13.0
0.7642746266996103,3.097959422289935,16.0
0.8039614421151089,-3.097959422289935,10.0
0.8039614421151089,-3.0106929596902186,6.0
0.8039614421151089,-2.923426497090502,10.0
0.8039614421151089,-2.8361600344907854,12.0
0.8039614421151089,-2.748893571891069,15.0
0.8039614421151089,-2.6616271092913526,19.0
0.8039614421151089,-2.574360646691636,8.0
0.8039614421151089,-2.4870941840919194,12.0
0.8039614421151089,-2.399827721492203,13.0
0.8039614421151089,-2.3125612588924866,15.0
0.8039614421151089,-2.2252947962927703,9.0
0.8039614421151089,-2.138028333693054,9.0
0.8039614421151089,-2.0507618710933375,6.0
0.8039614421151089,-1.9634954084936207,22.0
0.8039614421151089,-1.8762289458939043,11.0
0.8039614421151089,-1.7889624832941877,11.0
0.8039614421151089,-1.7016960206944713,15.0
0.8039614421151089,-1.6144295580947547,10.0
0.8039614421151089,-1.5271630954950384,16.0
0.8039614421151089,-1.439896632895322,14.0
0.8039614421151089,-1.3526301702956054,18.0
0.8039614421151089,-1.2653637076958888,10.0
0.8039614421151089,-1.1780972450961724,6.0
0.8039614421151089,-1.090830782496456,14.0
0.8039614421151089,-1.0035643198967397,8.0
0.8039614421151089,-0.9162978572970231,15.0
0.8039614421151089,-0.8290313946973065,13.0
0.8039614421151089,-0.7417649320975901,8.0
0.8039614421151089,-0.6544984694978737,12.0
0.8039614421151089,-0.5672320068981571,10.0
0.8039614421151089,-0.4799655442984405,18.0
0.8039614421151089,-0.39269908169872414,11.0
0.8039614421151089,-0.30543261909900776,21.0
0.8039614421151089,-0.21816615649929139,11.0
0.8039614421151089,-0.1308996938995748,15.0
0.8039614421151089,-0.04363323129985819,12.0
0.8039614421151089,0.04363323129985819,13.0
0.8039614421151089,0.13089969389957457,10.0
0.8039614421151089,0.21816615649929116,12.0
0.8039614421151089,0.30543261909900776,10.0
0.8039614421151089,0.39269908169872414,8.0
0.8039614421151089,0.4799655442984405,10.0
0.8039614421151089,0.5672320068981569,10.0
0.8039614421151089,0.6544984694978735,13.0
0.8039614421151089,0.7417649320975901,8.0
0.8039614421151089,0.8290313946973065,8.0
0.8039614421151089,0.9162978572970228,16.0
0.8039614421151089,1.0035643198967392,9.0
0.8039614421151089,1.0908307824964556,10.0
0.8039614421151089,1.178097245096172,11.0
0.8039614421151089,1.2653637076958888,12.0
0.8039614421151089,1.3526301702956056,16.0
0.8039614421151089,1.439896632895322,7.0
0.8039614421151089,1.5271630954950384,19.0
0.8039614421151089,1.6144295580947547,7.0
0.8039614421151089,1.7016960206944711,14.0
0.8039614421151089,1.7889624832941875,13.0
0.8039614421151089,1.8762289458939039,17.0
0.8039614421151089,1.9634954084936203,13.0
0.8039614421151089,2.050761871093337,17.0
0.8039614421151089,2.138028333693054,11.0
0.8039614421151089,2.2252947962927703,10.0
0.8039614421151089,2.3125612588924866,15.0
0.8039614421151089,2.399827721492203,11.0
0.8039614421151089,2.4870941840919194,11.0
0.8039614421151089,2.574360646691636,5.0
0.8039614421151089,2.661627109291352,13.0
0.8039614421151089,2.7488935718910685,7.0
0.8039614421151089,2.8361600344907854,7.0
0.8039614421151089,2.923426497090502,11.0
0.8039614421151089,3.0106929596902186,9.0
0.8039614421151089,3.097959422289935,14.0
0.8436482575306075,-3.097959422289935,9.0
0.8436482575306075,-3.0106929596902186,12.0
0.8436482575306075,-2.923426497090502,8.0
0.8436482575306075,-2.8361600344907854,13.0
0.8436482575306075,-2.748893571891069,15.0
0.8436482575306075,-2.6616271092913526,11.0
0.8436482575306075,-2.574360646691636,7.0
0.8436482575306075,-2.4870941840919194,11.0
0.8436482575306075,-2.399827721492203,7.0
0.8436482575306075,-2.3125612588924866,8.0
0.8436482575306075,-2.2252947962927703,11.0
0.8436482575306075,-2.138028333693054,11.0
0.8436482575306075,-2.0507618710933375,8.0
0.8436482575306075,-1.9634954084936207,6.0
0.8436482575306075,-1.8762289458939043,13.0
0.8436482575306075,-1.7889624832941877,11.0
0.8436482575306075,-1.7016960206944713,13.0
0.8436482575306075,-1.6144295580947547,11.0
0.8436482575306075,-1.5271630954950384,8.0
0.8436482575306075,-1.439896632895322,13.0
0.8436482575306075,-1.3526301702956054,9.0
0.8436482575306075,-1.2653637076958888,10.0
0.8436482575306075,-1.1780972450961724,9.0
0.8436482575306075,-1.090830782496456,12.0
0.8436482575306075,-1.0035643198967397,10.0
0.8436482575306075,-0.9162978572970231,10.0
0.8436482575306075,-0.8290313946973065,8.0
0.8436482575306075,-0.7417649320975901,10.0
0.8436482575306075,-0.6544984694978737,16.0
0.8436482575306075,-0.5672320068981571,10.0
0.8436482575306075,-0.4799655442984405,7.0
0.8436482575306075,-0.39269908169872414,5.0
0.8436482575306075,-0.30543261909900776,17.0
0.8436482575306075,-0.21816615649929139,9.0
0.8436482575306075,-0.1308996938995748,6.0
0.8436482575306075,-0.04363323129985819,6.0
0.8436482575306075,0.04363323129985819,14.0
0.8436482575306075,0.13089969389957457,13.0
0.8436482575306075,0.21816615649929116,10.0
0.8436482575306075,0.30543261909900776,8.0
0.8436482575306075,0.39269908169872414,8.0
0.8436482575306075,0.4799655442984405,14.0
0.8436482575306075,0.5672320068981569,12.0
0.8436482575306075,0.6544984694978735,9.0
0.8436482575306075,0.7417649320975901,14.0
0.8436482575306075,0.8290313946973065,14.0
0.8436482575306075,0.9162978572970228,11.0
0.8436482575306075,1.0035643198967392,12.0
0.8436482575306075,1.0908307824964556,14.0
0.8436482575306075,1.178097245096172,5.0
0.8436482575306075,1.2653637076958888,16.0
0.8436482575306075,1.3526301702956056,8.0
0.8436482575306075,1.439896632895322,7.0
0.8436482575306075,1.5271630954950384,5.0
0.8436482575306075,1.6144295580947547,6.0
0.8436482575306075,1.7016960206944711,17.0
0.8436482575306075,1.7889624832941875,7.0
0.8436482575306075,1.8762289458939039,13.0
0.8436482575306075,1.9634954084936203,10.0
0.8436482575306075,2.050761871093337,11.0
0.8436482575306075,2.138028333693054,6.0
0.8436482575306075,2.2252947962927703,8.0
0.8436482575306075,2.3125612588924866,9.0
0.8436482575306075,2.399827721492203,11.0
0.8436482575306075,2.4870941840919194,5.0
0.8436482575306075,2.574360646691636,11.0
0.8436482575306075,2.661627109291352,5.0
0.8436482575306075,2.7488935718910685,9.0
0.8436482575306075,2.8361600344907854,11.0
0.8436482575306075,2.923426497090502,6.0
0.8436482575306075,3.0106929596902186,10.0
0.8436482575306075,3.097959422289935,11.0
0.883335072946106,-3.097959422289935,6.0
0.883335072946106,-3.0106929596902186,7.0
0.883335072946106,-2.923426497090502,15.0
0.883335072946106,-2.8361600344907854,7.0
0.883335072946106,-2.748893571891069,8.0
0.883335072946106,-2.6616271092913526,5.0
0.883335072946106,-2.574360646691636,6.0
0.883335072946106,-2.4870941840919194,7.0
0.883335072946106,-2.399827721492203,7.0
0.883335072946106,-2.3125612588924866,8.0
0.883335072946106,-2.2252947962927703,11.0
0.883335072946106,-2.138028333693054,9.0
0.883335072946106,-2.0507618710933375,4.0
0.883335072946106,-1.9634954084936207,6.0
0.883335072946106,-1.8762289458939043,6.0
0.883335072946106,-1.7889624832941877,10.0
0.883335072946106,-1.7016960206944713,8.0
0.883335072946106,-1.6144295580947547,19.0
0.883335072946106,-1.5271630954950384,8.0
0.883335072946106,-1.439896632895322,12.0
0.883335072946106,-1.3526301702956054,13.0
0.883335072946106,-1.2653637076958888,5.0
0.883335072946106,-1.1780972450961724,14.0
0.883335072946106,-1.090830782496456,4.0
0.883335072946106,-1.0035643198967397,12.0
0.883335072946106,-0.9162978572970231,6.0
0.883335072946106,-0.8290313946973065,11.0
0.883335072946106,-0.7417649320975901,7.0
0.883335072946106,-0.6544984694978737,16.0
0.883335072946106,-0.5672320068981571,11.0
0.883335072946106,-0.4799655442984405,9.0
0.883335072946106,-0.39269908169872414,9.0
0.883335072946106,-0.30543261909900776,9.0
0.883335072946106,-0.21816615649929139,14.0
0.883335072946106,-0.1308996938995748,13.0
0.883335072946106,-0.04363323129985819,16.0
0.883335072946106,0.04363323129985819,15.0
0.883335072946106,0.13089969389957457,9.0
0.883335072946106,0.21816615649929116,7.0
0.883335072946106,0.30543261909900776,10.0
0.883335072946106,0.39269908169872414,8.0
0.883335072946106,0.4799655442984405,14.0
0.883335072946106,0.5672320068981569,9.0
0.883335072946106,0.6544984694978735,7.0
0.883335072946106,0.7417649320975901,12.0
0.883335072946106,0.8290313946973065,12.0
0.883335072946106,0.9162978572970228,11.0
0.883335072946106,1.0035643198967392,7.0
0.883335072946106,1.0908307824964556,6.0
0.883335072946106,1.178097245096172,15.0
0.883335072946106,1.2653637076958888,11.0
0.883335072946106,1.3526301702956056,10.0
0.883335072946106,1.439896632895322,12.0
0.883335072946106,1.5271630954950384,8.0
0.883335072946106,1.6144295580947547,7.0
0.883335072946106,1.7016960206944711,4.0
0.883335072946106,1.7889624832941875,11.0
0.883335072946106,1.8762289458939039,8.0
0.883335072946106,1.9634954084936203,10.0
0.883335072946106,2.050761871093337,9.0
0.883335072946106,2.138028333693054,13.0
0.883335072946106,2.2252947962927703,13.0
0.883335072946106,2.3125612588924866,9.0
0.883335072946106,2.399827721492203,18.0
0.883335072946106,2.4870941840919194,9.0
0.883335072946106,2.574360646691636,3.0
0.883335072946106,2.661627109291352,13.0
0.883335072946106,2.7488935718910685,13.0
0.883335072946106,2.8361600344907854,18.0
0.883335072946106,2.923426497090502,4.0
0.883335072946106,3.0106929596902186,7.0
0.883335072946106,3.097959422289935,13.0
0.9230218883616046,-3.097959422289935,6.0
0.9230218883616046,-3.0106929596902186,15.0
0.9230218883616046,-2.923426497090502,9.0
0.9230218883616046,-2.8361600344907854,9.0
0.9230218883616046,-2.748893571891069,7.0
0.9230218883616046,-2.6616271092913526,9.0
0.9230218883616046,-2.574360646691636,9.0
0.9230218883616046,-2.4870941840919194,8.0
0.9230218883616046,-2.399827721492203,9.0
0.9230218883616046,-2.3125612588924866,8.0
0.9230218883616046,-2.2252947962927703,5.0
0.9230218883616046,-2.138028333693054,6.0
0.9230218883616046,-2.0507618710933375,5.0
0.9230218883616046,-1.9634954084936207,9.0
0.9230218883616046,-1.8762289458939043,13.0
0.9230218883616046,-1.7889624832941877,10.0
0.9230218883616046,-1.7016960206944713,9.0
0.9230218883616046,-1.6144295580947547,7.0
0.9230218883616046,-1.5271630954950384,7.0
0.9230218883616046,-1.439896632895322,10.0
0.9230218883616046,-1.3526301702956054,12.0
0.9230218883616046,-1.2653637076958888,11.0
0.9230218883616046,-1.1780972450961724,14.0
0.9230218883616046,-1.090830782496456,11.0
0.9230218883616046,-1.0035643198967397,11.0
0.9230218883616046,-0.9162978572970231,12.0
0.9230218883616046,-0.8290313946973065,10.0
0.9230218883616046,-0.7417649320975901,11.0
0.9230218883616046,-0.6544984694978737,6.0
0.9230218883616046,-0.5672320068981571,5.0
0.9230218883616046,-0.4799655442984405,6.0
0.9230218883616046,-0.39269908169872414,12.0
0.9230218883616046,-0.30543261909900776,10.0
0.9230218883616046,-0.21816615649929139,12.0
0.9230218883616046,-0.1308996938995748,9.0
0.9230218883616046,-0.04363323129985819,9.0
0.9230218883616046,0.04363323129985819,10.0
0.9230218883616046,0.13089969389957457,16.0
0.9230218883616046,0.21816615649929116,8.0
0.9230218883616046,0.30543261909900776,16.0
0.9230218883616046,0.39269908169872414,5.0
0.9230218883616046,0.4799655442984405,13.0
0.9230218883616046,0.5672320068981569,8.0
0.9230218883616046,0.6544984694978735,11.0
0.9230218883616046,0.7417649320975901,6.0
0.9230218883616046,0.8290313946973065,6.0
0.9230218883616046,0.9162978572970228,7.0
0.9230218883616046,1.0035643198967392,9.0
0.9230218883616046,1.0908307824964556,12.0
0.9230218883616046,1.178097245096172,9.0
0.9230218883616046,1.2653637076958888,7.0
0.9230218883616046,1.3526301702956056,11.0
0.9230218883616046,1.439896632895322,12.0
0.9230218883616046,1.5271630954950384,9.0
0.9230218883616046,1.6144295580947547,6.0
0.9230218883616046,1.7016960206944711,9.0
0.9230218883616046,1.7889624832941875,1.0
0.9230218883616046,1.8762289458939039,4.0
0.9230218883616046,1.9634954084936203,8.0
0.9230218883616046,2.050761871093337,11.0
0.9230218883616046,2.138028333693054,7.0
0.9230218883616046,2.2252947962927703,5.0
0.9230218883616046,2.3125612588924866,11.0
0.9230218883616046,2.399827721492203,15.0
0.9230218883616046,2.4870941840919194,7.0
0.9230218883616046,2.574360646691636,13.0
0.9230218883616046,2.661627109291352,6.0
0.9230218883616046,2.7488935718910685,11.0
0.9230218883616046,2.8361600344907854,6.0
0.9230218883616046,2.923426497090502,4.0
0.9230218883616046,3.0106929596902186,11.0
0.9230218883616046,3.097959422289935,6.0
0.9627087037771029,-3.097959422289935,6.0
0.9627087037771029,-3.0106929596902186,11.0
0.9627087037771029,-2.923426497090502,8.0
0.9627087037771029,-2.8361600344907854,9.0
0.9627087037771029,-2.748893571891069,11.0
0.9627087037771029,-2.6616271092913526,14.0
0.9627087037771029,-2.574360646691636,14.0
0.9627087037771029,-2.4870941840919194,5.0
0.9627087037771029,-2.399827721492203,8.0
0.9627087037771029,-2.3125612588924866,9.0
0.9627087037771029,-2.2252947962927703,10.0
0.9627087037771029,-2.138028333693054,7.0
0.9627087037771029,-2.0507618710933375,4.0
0.9627087037771029,-1.9634954084936207,5.0
0.9627087037771029,-1.8762289458939043,6.0
0.9627087037771029,-1.7889624832941877,10.0
0.9627087037771029,-1.7016960206944713,9.0
0.9627087037771029,-1.6144295580947547,13.0
0.9627087037771029,-1.5271630954950384,8.0
0.9627087037771029,-1.439896632895322,12.0
0.9627087037771029,-1.3526301702956054,7.0
0.9627087037771029,-1.2653637076958888,15.0
0.9627087037771029,-1.1780972450961724,7.0
0.9627087037771029,-1.090830782496456,9.0
0.9627087037771029,-1.0035643198967397,8.0
0.9627087037771029,-0.9162978572970231,10.0
0.9627087037771029,-0.8290313946973065,10.0
0.9627087037771029,-0.7417649320975901,12.0
0.9627087037771029,-0.6544984694978737,10.0
0.9627087037771029,-0.5672320068981571,9.0
0.9627087037771029,-0.4799655442984405,7.0
0.9627087037771029,-0.39269908169872414,6.0
0.9627087037771029,-0.30543261909900776,12.0
0.9627087037771029,-0.21816615649929139,12.0
0.9627087037771029,-0.1308996938995748,11.0
0.9627087037771029,-0.04363323129985819,9.0
0.9627087037771029,0.04363323129985819,7.0
0.9627087037771029,0.13089969389957457,10.0
0.9627087037771029,0.21816615649929116,8.0
0.9627087037771029,0.30543261909900776,7.0
0.9627087037771029,0.39269908169872414,12.0
0.9627087037771029,0.4799655442984405,10.0
0.9627087037771029,0.5672320068981569,7.0
0.9627087037771029,0.6544984694978735,15.0
0.9627087037771029,0.7417649320975901,8.0
0.9627087037771029,0.8290313946973065,3.0
0.9627087037771029,0.9162978572970228,7.0
0.9627087037771029,1.0035643198967392,11.0
0.9627087037771029,1.0908307824964556,10.0
0.9627087037771029,1.178097245096172,10.0
0.9627087037771029,1.2653637076958888,10.0
0.9627087037771029,1.3526301702956056,7.0
0.9627087037771029,1.439896632895322,9.0
0.9627087037771029,1.5271630954950384,12.0
0.9627087037771029,1.6144295580947547,12.0
0.9627087037771029,1.7016960206944711,8.0
0.9627087037771029,1.7889624832941875,17.0
0.9627087037771029,1.8762289458939039,14.0
0.9627087037771029,1.9634954084936203,12.0
0.9627087037771029,2.050761871093337,19.0
0.9627087037771029,2.138028333693054,17.0
0.9627087037771029,2.2252947962927703,13.0
0.9627087037771029,2.3125612588924866,9.0
0.9627087037771029,2.399827721492203,11.0
0.9627087037771029,2.4870941840919194,16.0
0.9627087037771029,2.574360646691636,7.0
0.9627087037771029,2.661627109291352,8.0
0.9627087037771029,2.7488935718910685,9.0
0.9627087037771029,2.8361600344907854,10.0
0.9627087037771029,2.923426497090502,10.0
0.9627087037771029,3.0106929596902186,11.0
0.9627087037771029,3.097959422289935,10.0
1.0023955191926015,-3.097959422289935,9.0
1.0023955191926015,-3.0106929596902186,5.0
1.0023955191926015,-2.923426497090502,15.0
1.0023955191926015,-2.8361600344907854,9.0
1.0023955191926015,-2.748893571891069,9.0
1.0023955191926015,-2.6616271092913526,10.0
1.0023955191926015,-2.574360646691636,6.0
1.0023955191926015,-2.4870941840919194,8.0
1.0023955191926015,-2.399827721492203,4.0
1.0023955191926015,-2.3125612588924866,4.0
1.0023955191926015,-2.2252947962927703,7.0
1.0023955191926015,-2.138028333693054,4.0
1.0023955191926015,-2.0507618710933375,7.0
1.0023955191926015,-1.9634954084936207,13.0
1.0023955191926015,-1.8762289458939043,6.0
1.0023955191926015,-1.7889624832941877,6.0
1.0023955191926015,-1.7016960206944713,10.0
1.0023955191926015,-1.6144295580947547,3.0
1.0023955191926015,-1.5271630954950384,8.0
1.0023955191926015,-1.439896632895322,8.0
1.0023955191926015,-1.3526301702956054,7.0
1.0023955191926015,-1.2653637076958888,6.0
1.0023955191926015,-1.1780972450961724,12.0
1.0023955191926015,-1.090830782496456,10.0
1.0023955191926015,-1.0035643198967397,6.0
1.0023955191926015,-0.9162978572970231,6.0
1.0023955191926015,-0.8290313946973065,9.0
1.0023955191926015,-0.7417649320975901,9.0
1.0023955191926015,-0.6544984694978737,15.0
1.0023955191926015,-0.5672320068981571,6.0
1.0023955191926015,-0.4799655442984405,6.0
1.0023955191926015,-0.39269908169872414,11.0
1.0023955191926015,-0.30543261909900776,9.0
1.0023955191926015,-0.21816615649929139,13.0
1.0023955191926015,-0.1308996938995748,7.0
1.0023955191926015,-0.04363323129985819,10.0
1.0023955191926015,0.04363323129985819,9.0
1.0023955191926015,0.13089969389957457,6.0
1.0023955191926015,0.21816615649929116,8.0
1.0023955191926015,0.30543261909900776,12.0
1.0023955191926015,0.39269908169872414,11.0
1.0023955191926015,0.4799655442984405,14.0
1.0023955191926015,0.5672320068981569,3.0
1.0023955191926015,0.6544984694978735,7.0
1.0023955191926015,0.7417649320975901,11.0
1.0023955191926015,0.8290313946973065,10.0
1.0023955191926015,0.9162978572970228,11.0
1.0023955191926015,1.0035643198967392,7.0
1.0023955191926015,1.0908307824964556,6.0
1.0023955191926015,1.178097245096172,7.0
1.0023955191926015,1.2653637076958888,7.0
1.0023955191926015,1.3526301702956056,11.0
1.0023955191926015,1.439896632895322,6.0
1.0023955191926015,1.5271630954950384,10.0
1.0023955191926015,1.6144295580947547,5.0
1.0023955191926015,1.7016960206944711,10.0
1.0023955191926015,1.7889624832941875,12.0
1.0023955191926015,1.8762289458939039,10.0
1.0023955191926015,1.9634954084936203,11.0
1.0023955191926015,2.050761871093337,5.0
1.0023955191926015,2.138028333693054,6.0
1.0023955191926015,2.2252947962927703,14.0
1.0023955191926015,2.3125612588924866,8.0
1.0023955191926015,2.399827721492203,11.0
1.0023955191926015,2.4870941840919194,9.0
1.0023955191926015,2.574360646691636,7.0
1.0023955191926015,2.661627109291352,4.0
1.0023955191926015,2.7488935718910685,11.0
1.0023955191926015,2.8361600344907854,13.0
1.0023955191926015,2.923426497090502,7.0
1.0023955191926015,3.0106929596902186,5.0
1.0023955191926015,3.097959422289935,4.0
1.0420823346081,-3.097959422289935,7.0
1.0420823346081,-3.0106929596902186,3.0
1.0420823346081,-2.923426497090502,7.0
1.0420823346081,-2.8361600344907854,8.0
1.0420823346081,-2.748893571891069,5.0
1.0420823346081,-2.6616271092913526,10.0
1.0420823346081,-2.574360646691636,4.0
1.0420823346081,-2.4870941840919194,7.0
1.0420823346081,-2.399827721492203,8.0
1.0420823346081,-2.3125612588924866,6.0
1.0420823346081,-2.2252947962927703,5.0
1.0420823346081,-2.138028333693054,9.0
1.0420823346081,-2.0507618710933375,4.0
1.0420823346081,-1.9634954084936207,4.0
1.0420823346081,-1.8762289458939043,11.0
1.0420823346081,-1.7889624832941877,8.0
1.0420823346081,-1.7016960206944713,1.0
1.0420823346081,-1.6144295580947547,13.0
1.0420823346081,-1.5271630954950384,6.0
1.0420823346081,-1.439896632895322,9.0
1.0420823346081,-1.3526301702956054,9.0
1.0420823346081,-1.2653637076958888,8.0
1.0420823346081,-1.1780972450961724,7.0
1.0420823346081,-1.090830782496456,7.0
1.0420823346081,-1.0035643198967397,16.0
1.0420823346081,-0.9162978572970231,11.0
1.0420823346081,-0.8290313946973065,7.0
1.0420823346081,-0.7417649320975901,8.0
1.0420823346081,-0.6544984694978737,9.0
1.0420823346081,-0.5672320068981571,3.0
1.0420823346081,-0.4799655442984405,6.0
1.0420823346081,-0.39269908169872414,4.0
1.0420823346081,-0.30543261909900776,6.0
1.0420823346081,-0.21816615649929139,5.0
1.0420823346081,-0.1308996938995748,15.0
1.0420823346081,-0.04363323129985819,9.0
1.0420823346081,0.04363323129985819,10.0
1.0420823346081,0.13089969389957457,7.0
1.0420823346081,0.21816615649929116,11.0
1.0420823346081,0.30543261909900776,4.0
1.0420823346081,0.39269908169872414,12.0
1.0420823346081,0.4799655442984405,10.0
1.0420823346081,0.5672320068981569,6.0
1.0420823346081,0.6544984694978735,7.0
1.0420823346081,0.7417649320975901,7.0
1.0420823346081,0.8290313946973065,10.0
1.0420823346081,0.9162978572970228,3.0
1.0420823346081,1.0035643198967392,4.0
1.0420823346081,1.0908307824964556,8.0
1.0420823346081,1.178097245096172,5.0
1.0420823346081,1.2653637076958888,9.0
1.0420823346081,1.3526301702956056,8.0
1.0420823346081,1.439896632895322,10.0
1.0420823346081,1.5271630954950384,9.0
1.0420823346081,1.6144295580947547,8.0
1.0420823346081,1.7016960206944711,14.0
1.0420823346081,1.7889624832941875,5.0
1.0420823346081,1.8762289458939039,7.0
1.0420823346081,1.9634954084936203,6.0
1.0420823346081,2.050761871093337,5.0
1.0420823346081,2.138028333693054,9.0
1.0420823346081,2.2252947962927703,8.0
1.0420823346081,2.3125612588924866,4.0
1.0420823346081,2.399827721492203,14.0
1.0420823346081,2.4870941840919194,11.0
1.0420823346081,2.574360646691636,8.0
1.0420823346081,2.661627109291352,2.0
1.0420823346081,2.7488935718910685,8.0
1.0420823346081,2.8361600344907854,4.0
1.0420823346081,2.923426497090502,10.0
1.0420823346081,3.0106929596902186,12.0
1.0420823346081,3.097959422289935,7.0
1.0817691500235986,-3.097959422289935,9.0
1.0817691500235986,-3.0106929596902186,2.0
1.0817691500235986,-2.923426497090502,7.0
1.0817691500235986,-2.8361600344907854,9.0
1.0817691500235986,-2.748893571891069,5.0
1.0817691500235986,-2.6616271092913526,13.0
1.0817691500235986,-2.574360646691636,9.0
1.0817691500235986,-2.4870941840919194,11.0
1.0817691500235986,-2.399827721492203,9.0
1.0817691500235986,-2.3125612588924866,5.0
1.0817691500235986,-2.2252947962927703,5.0
1.0817691500235986,-2.138028333693054,6.0
1.0817691500235986,-2.0507618710933375,5.0
1.0817691500235986,-1.9634954084936207,9.0
1.0817691500235986,-1.8762289458939043,9.0
1.0817691500235986,-1.7889624832941877,4.0
1.0817691500235986,-1.7016960206944713,4.0
1.0817691500235986,-1.6144295580947547,3.0
1.0817691500235986,-1.5271630954950384,7.0
1.0817691500235986,-1.439896632895322,5.0
1.0817691500235986,-1.3526301702956054,9.0
1.0817691500235986,-1.2653637076958888,6.0
1.0817691500235986,-1.1780972450961724,9.0
1.0817691500235986,-1.090830782496456,5.0
1.0817691500235986,-1.0035643198967397,8.0
1.0817691500235986,-0.9162978572970231,8.0
1.0817691500235986,-0.8290313946973065,8.0
1.0817691500235986,-0.7417649320975901,8.0
1.0817691500235986,-0.6544984694978737,6.0
1.0817691500235986,-0.5672320068981571,10.0
1.0817691500235986,-0.4799655442984405,8.0
1.0817691500235986,-0.39269908169872414,9.0
1.0817691500235986,-0.30543261909900776,9.0
1.0817691500235986,-0.21816615649929139,7.0
1.0817691500235986,-0.1308996938995748,6.0
1.0817691500235986,-0.04363323129985819,6.0
1.0817691500235986,0.04363323129985819,5.0
1.0817691500235986,0.13089969389957457,10.0
1.0817691500235986,0.21816615649929116,4.0
1.0817691500235986,0.30543261909900776,3.0
1.0817691500235986,0.39269908169872414,4.0
1.0817691500235986,0.4799655442984405,7.0
1.0817691500235986,0.5672320068981569,6.0
1.0817691500235986,0.6544984694978735,6.0
1.0817691500235986,0.7417649320975901,6.0
1.0817691500235986,0.8290313946973065,3.0
1.0817691500235986,0.9162978572970228,6.0
1.0817691500235986,1.0035643198967392,10.0
1.0817691500235986,1.0908307824964556,2.0
1.0817691500235986,1.178097245096172,9.0
1.0817691500235986,1.2653637076958888,7.0
1.0817691500235986,1.3526301702956056,6.0
1.0817691500235986,1.439896632895322,8.0
1.0817691500235986,1.5271630954950384,7.0
1.0817691500235986,1.6144295580947547,4.0
1.0817691500235986,1.7016960206944711,11.0
1.0817691500235986,1.7889624832941875,10.0
1.0817691500235986,1.8762289458939039,9.0
1.0817691500235986,1.9634954084936203,5.0
1.0817691500235986,2.050761871093337,7.0
1.0817691500235986,2.138028333693054,4.0
1.0817691500235986,2.2252947962927703,7.0
1.0817691500235986,2.3125612588924866,5.0
1.0817691500235986,2.399827721492203,6.0
1.0817691500235986,2.4870941840919194,12.0
1.0817691500235986,2.574360646691636,7.0
1.0817691500235986,2.661627109291352,6.0
1.0817691500235986,2.7488935718910685,12.0
1.0817691500235986,2.8361600344907854,7.0
1.0817691500235986,2.923426497090502,6.0
1.0817691500235986,3.0106929596902186,4.0
1.0817691500235986,3.097959422289935,5.0
1.1214559654390972,-3.097959422289935,3.0
1.1214559654390972,-3.0106929596902186,3.0
1.1214559654390972,-2.923426497090502,5.0
1.1214559654390972,-2.8361600344907854,4.0
1.1214559654390972,-2.748893571891069,9.0
1.1214559654390972,-2.6616271092913526,7.0
1.1214559654390972,-2.574360646691636,9.0
1.1214559654390972,-2.4870941840919194,7.0
1.1214559654390972,-2.399827721492203,12.0
1.1214559654390972,-2.3125612588924866,10.0
1.1214559654390972,-2.2252947962927703,9.0
1.1214559654390972,-2.138028333693054,9.0
1.1214559654390972,-2.0507618710933375,7.0
1.1214559654390972,-1.9634954084936207,7.0
1.1214559654390972,-1.8762289458939043,9.0
1.1214559654390972,-1.7889624832941877,5.0
1.1214559654390972,-1.7016960206944713,3.0
1.1214559654390972,-1.6144295580947547,7.0
1.1214559654390972,-1.5271630954950384,10.0
1.1214559654390972,-1.439896632895322,5.0
1.1214559654390972,-1.3526301702956054,6.0
1.1214559654390972,-1.2653637076958888,9.0
1.1214559654390972,-1.1780972450961724,1.0
1.1214559654390972,-1.090830782496456,5.0
1.1214559654390972,-1.0035643198967397,3.0
1.1214559654390972,-0.9162978572970231,7.0
1.1214559654390972,-0.8290313946973065,4.0
1.1214559654390972,-0.7417649320975901,4.0
1.1214559654390972,-0.6544984694978737,4.0
1.1214559654390972,-0.5672320068981571,6.0
1.1214559654390972,-0.4799655442984405,5.0
1.1214559654390972,-0.39269908169872414,7.0
1.1214559654390972,-0.30543261909900776,8.0
1.1214559654390972,-0.21816615649929139,14.0
1.1214559654390972,-0.1308996938995748,10.0
1.1214559654390972,-0.04363323129985819,10.0
1.1214559654390972,0.04363323129985819,5.0
1.1214559654390972,0.13089969389957457,4.0
1.1214559654390972,0.21816615649929116,7.0
1.1214559654390972,0.30543261909900776,3.0
1.1214559654390972,0.39269908169872414,8.0
1.1214559654390972,0.4799655442984405,7.0
1.1214559654390972,0.5672320068981569,8.0
1.1214559654390972,0.6544984694978735,10.0
1.1214559654390972,0.7417649320975901,4.0
1.1214559654390972,0.8290313946973065,7.0
1.1214559654390972,0.9162978572970228,7.0
1.1214559654390972,1.0035643198967392,8.0
1.1214559654390972,1.0908307824964556,5.0
1.1214559654390972,1.178097245096172,7.0
1.1214559654390972,1.2653637076958888,2.0
1.1214559654390972,1.3526301702956056,5.0
1.1214559654390972,1.439896632895322,8.0
1.1214559654390972,1.5271630954950384,7.0
1.1214559654390972,1.6144295580947547,14.0
1.1214559654390972,1.7016960206944711,7.0
1.1214559654390972,1.7889624832941875,5.0
1.1214559654390972,1.8762289458939039,9.0
1.1214559654390972,1.9634954084936203,12.0
1.1214559654390972,2.050761871093337,7.0
1.1214559654390972,2.138028333693054,5.0
1.1214559654390972,2.2252947962927703,10.0
1.1214559654390972,2.3125612588924866,7.0
1.1214559654390972,2.399827721492203,4.0
1.1214559654390972,2.4870941840919194,11.0
1.1214559654390972,2.574360646691636,3.0
1.1214559654390972,2.661627109291352,5.0
1.1214559654390972,2.7488935718910685,1.0
1.1214559654390972,2.8361600344907854,11.0
1.1214559654390972,2.923426497090502,5.0
1.1214559654390972,3.0106929596902186,7.0
1.1214559654390972,3.097959422289935,6.0
1.1611427808545958,-3.097959422289935,7.0
1.1611427808545958,-3.0106929596902186,2.0
1.1611427808545958,-2.923426497090502,9.0
1.1611427808545958,-2.8361600344907854,4.0
1.1611427808545958,-2.748893571891069,4.0
1.1611427808545958,-2.6616271092913526,12.0
1.1611427808545958,-2.574360646691636,6.0
1.1611427808545958,-2.4870941840919194,4.0
1.1611427808545958,-2.399827721492203,5.0
1.1611427808545958,-2.3125612588924866,5.0
1.1611427808545958,-2.2252947962927703,13.0
1.1611427808545958,-2.138028333693054,8.0
1.1611427808545958,-2.0507618710933375,6.0
1.1611427808545958,-1.9634954084936207,9.0
1.1611427808545958,-1.8762289458939043,5.0
1.1611427808545958,-1.7889624832941877,4.0
1.1611427808545958,-1.7016960206944713,5.0
1.1611427808545958,-1.6144295580947547,10.0
1.1611427808545958,-1.5271630954950384,5.0
1.1611427808545958,-1.439896632895322,4.0
1.1611427808545958,-1.3526301702956054,7.0
1.1611427808545958,-1.2653637076958888,3.0
1.1611427808545958,-1.1780972450961724,9.0
1.1611427808545958,-1.090830782496456,9.0
1.1611427808545958,-1.0035643198967397,4.0
1.1611427808545958,-0.9162978572970231,6.0
1.1611427808545958,-0.8290313946973065,11.0
1.1611427808545958,-0.7417649320975901,2.0
1.1611427808545958,-0.6544984694978737,7.0
1.1611427808545958,-0.5672320068981571,7.0
1.1611427808545958,-0.4799655442984405,3.0
1.1611427808545958,-0.39269908169872414,3.0
1.1611427808545958,-0.30543261909900776,5.0
1.1611427808545958,-0.21816615649929139,10.0
1.1611427808545958,-0.1308996938995748,9.0
1.1611427808545958,-0.04363323129985819,7.0
1.1611427808545958,0.04363323129985819,6.0
1.1611427808545958,0.13089969389957457,5.0
1.1611427808545958,0.21816615649929116,6.0
1.1611427808545958,0.30543261909900776,14.0
1.1611427808545958,0.39269908169872414,4.0
1.1611427808545958,0.4799655442984405,8.0
1.1611427808545958,0.5672320068981569,8.0
1.1611427808545958,0.6544984694978735,12.0
1.1611427808545958,0.7417649320975901,8.0
1.1611427808545958,0.8290313946973065,5.0
1.1611427808545958,0.9162978572970228,6.0
1.1611427808545958,1.0035643198967392,7.0
1.1611427808545958,1.0908307824964556,10.0
1.1611427808545958,1.178097245096172,6.0
1.1611427808545958,1.2653637076958888,6.0
1.1611427808545958,1.3526301702956056,8.0
1.1611427808545958,1.439896632895322,6.0
1.1611427808545958,1.5271630954950384,9.0
1.1611427808545958,1.6144295580947547,0.0
1.1611427808545958,1.7016960206944711,6.0
1.1611427808545958,1.7889624832941875,8.0
1.1611427808545958,1.8762289458939039,9.0
1.1611427808545958,1.9634954084936203,2.0
1.1611427808545958,2.050761871093337,5.0
1.1611427808545958,2.138028333693054,8.0
1.1611427808545958,2.2252947962927703,3.0
1.1611427808545958,2.3125612588924866,6.0
1.1611427808545958,2.399827721492203,9.0
1.1611427808545958,2.4870941840919194,8.0
1.1611427808545958,2.574360646691636,5.0
1.1611427808545958,2.661627109291352,5.0
1.1611427808545958,2.7488935718910685,7.0
1.1611427808545958,2.8361600344907854,9.0
1.1611427808545958,2.923426497090502,5.0
1.1611427808545958,3.0106929596902186,7.0
1.1611427808545958,3.097959422289935,9.0
1.2008295962700943,-3.097959422289935,6.0
1.2008295962700943,-3.0106929596902186,6.0
1.2008295962700943,-2.923426497090502,10.0
1.2008295962700943,-2.8361600344907854,10.0
1.2008295962700943,-2.748893571891069,9.0
1.2008295962700943,-2.6616271092913526,3.0
1.2008295962700943,-2.574360646691636,3.0
1.2008295962700943,-2.4870941840919194,5.0
1.2008295962700943,-2.399827721492203,8.0
1.2008295962700943,-2.3125612588924866,7.0
1.2008295962700943,-2.2252947962927703,10.0
1.2008295962700943,-2.138028333693054,4.0
1.2008295962700943,-2.0507618710933375,2.0
1.2008295962700943,-1.9634954084936207,5.0
1.2008295962700943,-1.8762289458939043,10.0
1.2008295962700943,-1.7889624832941877,5.0
1.2008295962700943,-1.7016960206944713,7.0
1.2008295962700943,-1.6144295580947547,5.0
1.2008295962700943,-1.5271630954950384,4.0
1.2008295962700943,-1.439896632895322,6.0
1.2008295962700943,-1.3526301702956054,4.0
1.2008295962700943,-1.2653637076958888,6.0
1.2008295962700943,-1.1780972450961724,4.0
1.2008295962700943,-1.090830782496456,4.0
1.2008295962700943,-1.0035643198967397,5.0
1.2008295962700943,-0.9162978572970231,1.0
1.2008295962700943,-0.8290313946973065,3.0
1.2008295962700943,-0.7417649320975901,8.0
1.2008295962700943,-0.6544984694978737,7.0
1.2008295962700943,-0.5672320068981571,9.0
1.2008295962700943,-0.4799655442984405,7.0
1.2008295962700943,-0.39269908169872414,4.0
1.2008295962700943,-0.30543261909900776,3.0
1.2008295962700943,-0.21816615649929139,5.0
1.2008295962700943,-0.1308996938995748,4.0
1.2008295962700943,-0.04363323129985819,2.0
1.2008295962700943,0.04363323129985819,10.0
1.2008295962700943,0.13089969389957457,4.0
1.2008295962700943,0.21816615649929116,5.0
1.2008295962700943,0.30543261909900776,11.0
1.2008295962700943,0.39269908169872414,6.0
1.2008295962700943,0.4799655442984405,11.0
1.2008295962700943,0.5672320068981569,2.0
1.2008295962700943,0.6544984694978735,4.0
1.2008295962700943,0.7417649320975901,6.0
1.2008295962700943,0.8290313946973065,2.0
1.2008295962700943,0.9162978572970228,5.0
1.2008295962700943,1.0035643198967392,5.0
1.2008295962700943,1.0908307824964556,1.0
1.2008295962700943,1.178097245096172,6.0
1.2008295962700943,1.2653637076958888,5.0
1.2008295962700943,1.3526301702956056,8.0
1.2008295962700943,1.439896632895322,8.0
1.2008295962700943,1.5271630954950384,4.0
1.2008295962700943,1.6144295580947547,5.0
1.2008295962700943,1.7016960206944711,7.0
1.2008295962700943,1.7889624832941875,7.0
1.2008295962700943,1.8762289458939039,9.0
1.2008295962700943,1.9634954084936203,5.0
1.2008295962700943,2.050761871093337,10.0
1.2008295962700943,2.138028333693054,6.0
1.2008295962700943,2.2252947962927703,10.0
1.2008295962700943,2.3125612588924866,3.0
1.2008295962700943,2.399827721492203,8.0
1.2008295962700943,2.4870941840919194,8.0
1.2008295962700943,2.574360646691636,8.0
1.2008295962700943,2.661627109291352,6.0
1.2008295962700943,2.7488935718910685,7.0
1.2008295962700943,2.8361600344907854,5.0
1.2008295962700943,2.923426497090502,4.0
1.2008295962700943,3.0106929596902186,7.0
1.2008295962700943,3.097959422289935,9.0
1.2405164116855927,-3.097959422289935,5.0
1.2405164116855927,-3.0106929596902186,6.0
1.2405164116855927,-2.923426497090502,2.0
1.2405164116855927,-2.8361600344907854,6.0
1.2405164116855927,-2.748893571891069,3.0
1.2405164116855927,-2.6616271092913526,4.0
1.2405164116855927,-2.574360646691636,5.0
1.2405164116855927,-2.4870941840919194,6.0
1.2405164116855927,-2.399827721492203,2.0
1.2405164116855927,-2.3125612588924866,4.0
1.2405164116855927,-2.2252947962927703,5.0
1.2405164116855927,-2.138028333693054,4.0
1.2405164116855927,-2.0507618710933375,5.0
1.2405164116855927,-1.9634954084936207,4.0
1.2405164116855927,-1.8762289458939043,6.0
1.2405164116855927,-1.7889624832941877,7.0
1.2405164116855927,-1.7016960206944713,2.0
1.2405164116855927,-1.6144295580947547,2.0
1.2405164116855927,-1.5271630954950384,4.0
1.2405164116855927,-1.439896632895322,4.0
1.2405164116855927,-1.3526301702956054,8.0
1.2405164116855927,-1.2653637076958888,4.0
1.2405164116855927,-1.1780972450961724,6.0
1.2405164116855927,-1.090830782496456,2.0
1.2405164116855927,-1.0035643198967397,4.0
1.2405164116855927,-0.9162978572970231,5.0
1.2405164116855927,-0.8290313946973065,4.0
1.2405164116855927,-0.7417649320975901,3.0
1.2405164116855927,-0.6544984694978737,2.0
1.2405164116855927,-0.5672320068981571,7.0
1.2405164116855927,-0.4799655442984405,1.0
1.2405164116855927,-0.39269908169872414,3.0
1.2405164116855927,-0.30543261909900776,4.0
1.2405164116855927,-0.21816615649929139,5.0
1.2405164116855927,-0.1308996938995748,7.0
1.2405164116855927,-0.04363323129985819,7.0
1.2405164116855927,0.04363323129985819,6.0
1.2405164116855927,0.13089969389957457,6.0
1.2405164116855927,0.21816615649929116,6.0
1.2405164116855927,0.30543261909900776,4.0
1.2405164116855927,0.39269908169872414,4.0
1.2405164116855927,0.4799655442984405,9.0
1.2405164116855927,0.5672320068981569,9.0
1.2405164116855927,0.6544984694978735,7.0
1.2405164116855927,0.7417649320975901,7.0
1.2405164116855927,0.8290313946973065,5.0
1.2405164116855927,0.9162978572970228,6.0
1.2405164116855927,1.0035643198967392,5.0
1.2405164116855927,1.0908307824964556,2.0
1.2405164116855927,1.178097245096172,5.0
1.2405164116855927,1.2653637076958888,6.0
1.2405164116855927,1.3526301702956056,2.0
1.2405164116855927,1.439896632895322,2.0
1.2405164116855927,1.5271630954950384,2.0
1.2405164116855927,1.6144295580947547,3.0
1.2405164116855927,1.7016960206944711,3.0
1.2405164116855927,1.7889624832941875,5.0
1.2405164116855927,1.8762289458939039,7.0
1.2405164116855927,1.9634954084936203,2.0
1.2405164116855927,2.050761871093337,8.0
1.2405164116855927,2.138028333693054,4.0
1.2405164116855927,2.2252947962927703,4.0
1.2405164116855927,2.3125612588924866,4.0
1.2405164116855927,2.399827721492203,5.0
1.2405164116855927,2.4870941840919194,3.0
1.2405164116855927,2.574360646691636,3.0
1.2405164116855927,2.661627109291352,5.0
1.2405164116855927,2.7488935718910685,1.0
1.2405164116855927,2.8361600344907854,3.0
1.2405164116855927,2.923426497090502,3.0
1.2405164116855927,3.0106929596902186,5.0
1.2405164116855927,3.097959422289935,7.0
1.2802032271010912,-3.097959422289935,5.0
1.2802032271010912,-3.0106929596902186,7.0
1.2802032271010912,-2.923426497090502,6.0
1.2802032271010912,-2.8361600344907854,5.0
1.2802032271010912,-2.748893571891069,5.0
1.2802032271010912,-2.6616271092913526,2.0
1.2802032271010912,-2.574360646691636,7.0
1.2802032271010912,-2.4870941840919194,5.0
1.2802032271010912,-2.399827721492203,8.0
1.2802032271010912,-2.3125612588924866,5.0
1.2802032271010912,-2.2252947962927703,2.0
1.2802032271010912,-2.138028333693054,0.0
1.2802032271010912,-2.0507618710933375,2.0
1.2802032271010912,-1.9634954084936207,4.0
1.2802032271010912,-1.8762289458939043,2.0
1.2802032271010912,-1.7889624832941877,4.0
1.2802032271010912,-1.7016960206944713,2.0
1.2802032271010912,-1.6144295580947547,6.0
1.2802032271010912,-1.5271630954950384,5.0
1.2802032271010912,-1.439896632895322,4.0
1.2802032271010912,-1.3526301702956054,4.0
1.2802032271010912,-1.2653637076958888,4.0
1.2802032271010912,-1.1780972450961724,7.0
1.2802032271010912,-1.090830782496456,3.0
1.2802032271010912,-1.0035643198967397,6.0
1.2802032271010912,-0.9162978572970231,4.0
1.2802032271010912,-0.8290313946973065,5.0
1.2802032271010912,-0.7417649320975901,5.0
1.2802032271010912,-0.6544984694978737,4.0
1.2802032271010912,-0.5672320068981571,5.0
1.2802032271010912,-0.4799655442984405,3.0
1.2802032271010912,-0.39269908169872414,7.0
1.2802032271010912,-0.30543261909900776,3.0
1.2802032271010912,-0.21816615649929139,3.0
1.2802032271010912,-0.1308996938995748,6.0
1.2802032271010912,-0.04363323129985819,5.0
1.2802032271010912,0.04363323129985819,5.0
1.2802032271010912,0.13089969389957457,8.0
1.2802032271010912,0.21816615649929116,7.0
1.2802032271010912,0.30543261909900776,3.0
1.2802032271010912,0.39269908169872414,6.0
1.2802032271010912,0.4799655442984405,3.0
1.2802032271010912,0.5672320068981569,1.0
1.2802032271010912,0.6544984694978735,7.0
1.2802032271010912,0.7417649320975901,5.0
1.2802032271010912,0.8290313946973065,4.0
1.2802032271010912,0.9162978572970228,4.0
1.2802032271010912,1.0035643198967392,6.0
1.2802032271010912,1.0908307824964556,2.0
1.2802032271010912,1.178097245096172,3.0
1.2802032271010912,1.2653637076958888,4.0
1.2802032271010912,1.3526301702956056,9.0
1.2802032271010912,1.439896632895322,4.0
1.2802032271010912,1.5271630954950384,6.0
1.2802032271010912,1.6144295580947547,1.0
1.2802032271010912,1.7016960206944711,7.0
1.2802032271010912,1.7889624832941875,9.0
1.2802032271010912,1.8762289458939039,5.0
1.2802032271010912,1.9634954084936203,6.0
1.2802032271010912,2.050761871093337,7.0
1.2802032271010912,2.138028333693054,2.0
1.2802032271010912,2.2252947962927703,8.0
1.2802032271010912,2.3125612588924866,5.0
1.2802032271010912,2.399827721492203,5.0
1.2802032271010912,2.4870941840919194,3.0
1.2802032271010912,2.574360646691636,1.0
1.2802032271010912,2.661627109291352,3.0
1.2802032271010912,2.7488935718910685,7.0
1.2802032271010912,2.8361600344907854,7.0
1.2802032271010912,2.923426497090502,2.0
1.2802032271010912,3.0106929596902186,3.0
1.2802032271010912,3.097959422289935,6.0
1.3198900425165898,-3.097959422289935,3.0
1.3198900425165898,-3.0106929596902186,1.0
1.3198900425165898,-2.923426497090502,4.0
1.3198900425165898,-2.8361600344907854,4.0
1.3198900425165898,-2.748893571891069,5.0
1.3198900425165898,-2.6616271092913526,1.0
1.3198900425165898,-2.574360646691636,6.0
1.3198900425165898,-2.4870941840919194,3.0
1.3198900425165898,-2.399827721492203,5.0
1.3198900425165898,-2.3125612588924866,3.0
1.3198900425165898,-2.2252947962927703,2.0
1.3198900425165898,-2.138028333693054,5.0
1.3198900425165898,-2.0507618710933375,7.0
1.3198900425165898,-1.9634954084936207,3.0
1.3198900425165898,-1.8762289458939043,4.0
1.3198900425165898,-1.7889624832941877,7.0
1.3198900425165898,-1.7016960206944713,3.0
1.3198900425165898,-1.6144295580947547,3.0
1.3198900425165898,-1.5271630954950384,1.0
1.3198900425165898,-1.439896632895322,2.0
1.3198900425165898,-1.3526301702956054,5.0
1.3198900425165898,-1.2653637076958888,2.0
1.3198900425165898,-1.1780972450961724,1.0
1.3198900425165898,-1.090830782496456,3.0
1.3198900425165898,-1.0035643198967397,6.0
1.3198900425165898,-0.9162978572970231,3.0
1.3198900425165898,-0.8290313946973065,4.0
1.3198900425165898,-0.7417649320975901,7.0
1.3198900425165898,-0.6544984694978737,4.0
1.3198900425165898,-0.5672320068981571,3.0
1.3198900425165898,-0.4799655442984405,6.0
1.3198900425165898,-0.39269908169872414,4.0
1.3198900425165898,-0.30543261909900776,4.0
1.3198900425165898,-0.21816615649929139,6.0
1.3198900425165898,-0.1308996938995748,6.0
1.3198900425165898,-0.04363323129985819,1.0
1.3198900425165898,0.04363323129985819,3.0
1.3198900425165898,0.13089969389957457,7.0
1.3198900425165898,0.21816615649929116,4.0
1.3198900425165898,0.30543261909900776,6.0
1.3198900425165898,0.39269908169872414,5.0
1.3198900425165898,0.4799655442984405,9.0
1.3198900425165898,0.5672320068981569,5.0
1.3198900425165898,0.6544984694978735,4.0
1.3198900425165898,0.7417649320975901,9.0
1.3198900425165898,0.8290313946973065,5.0
1.3198900425165898,0.9162978572970228,4.0
1.3198900425165898,1.0035643198967392,4.0
1.3198900425165898,1.0908307824964556,5.0
1.3198900425165898,1.178097245096172,3.0
1.3198900425165898,1.2653637076958888,1.0
1.3198900425165898,1.3526301702956056,5.0
1.3198900425165898,1.439896632895322,5.0
1.3198900425165898,1.5271630954950384,3.0
1.3198900425165898,1.6144295580947547,5.0
1.3198900425165898,1.7016960206944711,3.0
1.3198900425165898,1.7889624832941875,0.0
1.3198900425165898,1.8762289458939039,5.0
1.3198900425165898,1.9634954084936203,1.0
1.3198900425165898,2.050761871093337,5.0
1.3198900425165898,2.138028333693054,2.0
1.3198900425165898,2.2252947962927703,2.0
1.3198900425165898,2.3125612588924866,4.0
1.3198900425165898,2.399827721492203,6.0
1.3198900425165898,2.4870941840919194,7.0
1.3198900425165898,2.574360646691636,5.0
1.3198900425165898,2.661627109291352,4.0
1.3198900425165898,2.7488935718910685,3.0
1.3198900425165898,2.8361600344907854,3.0
1.3198900425165898,2.923426497090502,3.0
1.3198900425165898,3.0106929596902186,6.0
1.3198900425165898,3.097959422289935,1.0
1.3595768579320884,-3.097959422289935,4.0
1.3595768579320884,-3.0106929596902186,3.0
1.3595768579320884,-2.923426497090502,4.0
1.3595768579320884,-2.8361600344907854,6.0
1.3595768579320884,-2.748893571891069,4.0
1.3595768579320884,-2.6616271092913526,4.0
1.3595768579320884,-2.574360646691636,3.0
1.3595768579320884,-2.4870941840919194,3.0
1.3595768579320884,-2.399827721492203,3.0
1.3595768579320884,-2.3125612588924866,2.0
1.3595768579320884,-2.2252947962927703,4.0
1.3595768579320884,-2.138028333693054,5.0
1.3595768579320884,-2.0507618710933375,2.0
1.3595768579320884,-1.9634954084936207,9.0
1.3595768579320884,-1.8762289458939043,2.0
1.3595768579320884,-1.7889624832941877,4.0
1.3595768579320884,-1.7016960206944713,6.0
1.3595768579320884,-1.6144295580947547,1.0
1.3595768579320884,-1.5271630954950384,5.0
1.3595768579320884,-1.439896632895322,8.0
1.3595768579320884,-1.3526301702956054,6.0
1.3595768579320884,-1.2653637076958888,3.0
1.3595768579320884,-1.1780972450961724,2.0
1.3595768579320884,-1.090830782496456,2.0
1.3595768579320884,-1.0035643198967397,2.0
1.3595768579320884,-0.9162978572970231,3.0
1.3595768579320884,-0.8290313946973065,1.0
1.3595768579320884,-0.7417649320975901,4.0
1.3595768579320884,-0.6544984694978737,5.0
1.3595768579320884,-0.5672320068981571,4.0
1.3595768579320884,-0.4799655442984405,3.0
1.3595768579320884,-0.39269908169872414,3.0
1.3595768579320884,-0.30543261909900776,6.0
1.3595768579320884,-0.21816615649929139,3.0
1.3595768579320884,-0.1308996938995748,3.0
1.3595768579320884,-0.04363323129985819,3.0
1.3595768579320884,0.04363323129985819,5.0
1.3595768579320884,0.13089969389957457,3.0
1.3595768579320884,0.21816615649929116,1.0
1.3595768579320884,0.30543261909900776,5.0
1.3595768579320884,0.39269908169872414,5.0
1.3595768579320884,0.4799655442984405,4.0
1.3595768579320884,0.5672320068981569,4.0
1.3595768579320884,0.6544984694978735,2.0
1.3595768579320884,0.7417649320975901,2.0
1.3595768579320884,0.8290313946973065,4.0
1.3595768579320884,0.9162978572970228,4.0
1.3595768579320884,1.0035643198967392,7.0
1.3595768579320884,1.0908307824964556,5.0
1.3595768579320884,1.178097245096172,3.0
1.3595768579320884,1.2653637076958888,3.0
1.3595768579320884,1.3526301702956056,4.0
1.3595768579320884,1.439896632895322,6.0
1.3595768579320884,1.5271630954950384,5.0
1.3595768579320884,1.6144295580947547,4.0
1.3595768579320884,1.7016960206944711,4.0
1.3595768579320884,1.7889624832941875,4.0
1.3595768579320884,1.8762289458939039,4.0
1.3595768579320884,1.9634954084936203,0.0
1.3595768579320884,2.050761871093337,7.0
1.3595768579320884,2.138028333693054,3.0
1.3595768579320884,2.2252947962927703,5.0
1.3595768579320884,2.3125612588924866,5.0
1.3595768579320884,2.399827721492203,3.0
1.3595768579320884,2.4870941840919194,2.0
1.3595768579320884,2.574360646691636,1.0
1.3595768579320884,2.661627109291352,7.0
1.3595768579320884,2.7488935718910685,5.0
1.3595768579320884,2.8361600344907854,3.0
1.3595768579320884,2.923426497090502,5.0
1.3595768579320884,3.0106929596902186,5.0
1.3595768579320884,3.097959422289935,5.0
1.399263673347587,-3.097959422289935,1.0
1.399263673347587,-3.0106929596902186,4.0
1.399263673347587,-2.923426497090502,1.0
1.399263673347587,-2.8361600344907854,5.0
1.399263673347587,-2.748893571891069,3.0
1.399263673347587,-2.6616271092913526,2.0
1.399263673347587,-2.574360646691636,4.0
1.399263673347587,-2.4870941840919194,1.0
1.399263673347587,-2.399827721492203,1.0
1.399263673347587,-2.3125612588924866,3.0
1.399263673347587,-2.2252947962927703,2.0
1.399263673347587,-2.138028333693054,4.0
1.399263673347587,-2.0507618710933375,3.0
1.399263673347587,-1.9634954084936207,3.0
1.399263673347587,-1.8762289458939043,3.0
1.399263673347587,-1.7889624832941877,5.0
1.399263673347587,-1.7016960206944713,3.0
1.399263673347587,-1.6144295580947547,1.0
1.399263673347587,-1.5271630954950384,2.0
1.399263673347587,-1.439896632895322,2.0
1.399263673347587,-1.3526301702956054,2.0
1.399263673347587,-1.2653637076958888,3.0
1.399263673347587,-1.1780972450961724,3.0
1.399263673347587,-1.090830782496456,1.0
1.399263673347587,-1.0035643198967397,2.0
1.399263673347587,-0.9162978572970231,1.0
1.399263673347587,-0.8290313946973065,3.0
1.399263673347587,-0.7417649320975901,1.0
1.399263673347587,-0.6544984694978737,0.0
1.399263673347587,-0.5672320068981571,1.0
1.399263673347587,-0.4799655442984405,5.0
1.399263673347587,-0.39269908169872414,4.0
1.399263673347587,-0.30543261909900776,2.0
1.399263673347587,-0.21816615649929139,2.0
1.399263673347587,-0.1308996938995748,4.0
1.399263673347587,-0.04363323129985819,2.0
1.399263673347587,0.04363323129985819,2.0
1.399263673347587,0.13089969389957457,1.0
1.399263673347587,0.21816615649929116,2.0
1.399263673347587,0.30543261909900776,3.0
1.399263673347587,0.39269908169872414,0.0
1.399263673347587,0.4799655442984405,4.0
1.399263673347587,0.5672320068981569,1.0
1.399263673347587,0.6544984694978735,1.0
1.399263673347587,0.7417649320975901,6.0
1.399263673347587,0.8290313946973065,2.0
1.399263673347587,0.9162978572970228,3.0
1.399263673347587,1.0035643198967392,2.0
1.399263673347587,1.0908307824964556,2.0
1.399263673347587,1.178097245096172,1.0
1.399263673347587,1.2653637076958888,2.0
1.399263673347587,1.3526301702956056,7.0
1.399263673347587,1.439896632895322,3.0
1.399263673347587,1.5271630954950384,3.0
1.399263673347587,1.6144295580947547,2.0
1.399263673347587,1.7016960206944711,0.0
1.399263673347587,1.7889624832941875,5.0
1.399263673347587,1.8762289458939039,2.0
1.399263673347587,1.9634954084936203,2.0
1.399263673347587,2.050761871093337,3.0
1.399263673347587,2.138028333693054,1.0
1.399263673347587,2.2252947962927703,0.0
1.399263673347587,2.3125612588924866,2.0
1.399263673347587,2.399827721492203,3.0
1.399263673347587,2.4870941840919194,7.0
1.399263673347587,2.574360646691636,1.0
1.399263673347587,2.661627109291352,2.0
1.399263673347587,2.7488935718910685,1.0
1.399263673347587,2.8361600344907854,2.0
1.399263673347587,2.923426497090502,1.0
1.399263673347587,3.0106929596902186,8.0
1.399263673347587,3.097959422289935,3.0
1.4389504887630853,-3.097959422289935,2.0
1.4389504887630853,-3.0106929596902186,1.0
1.4389504887630853,-2.923426497090502,4.0
1.4389504887630853,-2.8361600344907854,3.0
1.4389504887630853,-2.748893571891069,1.0
1.4389504887630853,-2.6616271092913526,1.0
1.4389504887630853,-2.574360646691636,0.0
1.4389504887630853,-2.4870941840919194,0.0
1.4389504887630853,-2.399827721492203,2.0
1.4389504887630853,-2.3125612588924866,1.0
1.4389504887630853,-2.2252947962927703,2.0
1.4389504887630853,-2.138028333693054,0.0
1.4389504887630853,-2.0507618710933375,2.0
1.4389504887630853,-1.9634954084936207,1.0
1.4389504887630853,-1.8762289458939043,3.0
1.4389504887630853,-1.7889624832941877,0.0
1.4389504887630853,-1.7016960206944713,2.0
1.4389504887630853,-1.6144295580947547,2.0
1.4389504887630853,-1.5271630954950384,1.0
1.4389504887630853,-1.439896632895322,0.0
1.4389504887630853,-1.3526301702956054,2.0
1.4389504887630853,-1.2653637076958888,3.0
1.4389504887630853,-1.1780972450961724,1.0
1.4389504887630853,-1.090830782496456,1.0
1.4389504887630853,-1.0035643198967397,1.0
1.4389504887630853,-0.9162978572970231,0.0
1.4389504887630853,-0.8290313946973065,0.0
1.4389504887630853,-0.7417649320975901,2.0
1.4389504887630853,-0.6544984694978737,1.0
1.4389504887630853,-0.5672320068981571,5.0
1.4389504887630853,-0.4799655442984405,2.0
1.4389504887630853,-0.39269908169872414,2.0
1.4389504887630853,-0.30543261909900776,3.0
1.4389504887630853,-0.21816615649929139,4.0
1.4389504887630853,-0.1308996938995748,3.0
1.4389504887630853,-0.04363323129985819,2.0
1.4389504887630853,0.04363323129985819,0.0
1.4389504887630853,0.13089969389957457,1.0
1.4389504887630853,0.21816615649929116,2.0
1.4389504887630853,0.30543261909900776,1.0
1.4389504887630853,0.39269908169872414,1.0
1.4389504887630853,0.4799655442984405,4.0
1.4389504887630853,0.5672320068981569,1.0
1.4389504887630853,0.6544984694978735,1.0
1.4389504887630853,0.7417649320975901,4.0
1.4389504887630853,0.8290313946973065,0.0
1.4389504887630853,0.9162978572970228,4.0
1.4389504887630853,1.0035643198967392,4.0
1.4389504887630853,1.0908307824964556,2.0
1.4389504887630853,1.178097245096172,2.0
1.4389504887630853,1.2653637076958888,3.0
1.4389504887630853,1.3526301702956056,2.0
1.4389504887630853,1.439896632895322,1.0
1.4389504887630853,1.5271630954950384,1.0
1.4389504887630853,1.6144295580947547,1.0
1.4389504887630853,1.7016960206944711,3.0
1.4389504887630853,1.7889624832941875,2.0
1.4389504887630853,1.8762289458939039,0.0
1.4389504887630853,1.9634954084936203,3.0
1.4389504887630853,2.050761871093337,1.0
1.4389504887630853,2.138028333693054,2.0
1.4389504887630853,2.2252947962927703,3.0
1.4389504887630853,2.3125612588924866,0.0
1.4389504887630853,2.399827721492203,5.0
1.4389504887630853,2.4870941840919194,1.0
1.4389504887630853,2.574360646691636,1.0
1.4389504887630853,2.661627109291352,1.0
1.4389504887630853,2.7488935718910685,3.0
1.4389504887630853,2.8361600344907854,0.0
1.4389504887630853,2.923426497090502,3.0
1.4389504887630853,3.0106929596902186,2.0
1.4389504887630853,3.097959422289935,3.0
1.4786373041785839,-3.097959422289935,3.0
1.4786373041785839,-3.0106929596902186,1.0
1.4786373041785839,-2.923426497090502,3.0
1.4786373041785839,-2.8361600344907854,1.0
1.4786373041785839,-2.748893571891069,0.0
1.4786373041785839,-2.6616271092913526,0.0
1.4786373041785839,-2.574360646691636,1.0
1.4786373041785839,-2.4870941840919194,2.0
1.4786373041785839,-2.399827721492203,0.0
1.4786373041785839,-2.3125612588924866,1.0
1.4786373041785839,-2.2252947962927703,0.0
1.4786373041785839,-2.138028333693054,2.0
1.4786373041785839,-2.0507618710933375,3.0
1.4786373041785839,-1.9634954084936207,0.0
1.4786373041785839,-1.8762289458939043,3.0
1.4786373041785839,-1.7889624832941877,2.0
1.4786373041785839,-1.7016960206944713,3.0
1.4786373041785839,-1.6144295580947547,1.0
1.4786373041785839,-1.5271630954950384,2.0
1.4786373041785839,-1.439896632895322,5.0
1.4786373041785839,-1.3526301702956054,3.0
1.4786373041785839,-1.2653637076958888,2.0
1.4786373041785839,-1.1780972450961724,2.0
1.4786373041785839,-1.090830782496456,0.0
1.4786373041785839,-1.0035643198967397,1.0
1.4786373041785839,-0.9162978572970231,5.0
1.4786373041785839,-0.8290313946973065,1.0
1.4786373041785839,-0.7417649320975901,0.0
1.4786373041785839,-0.6544984694978737,1.0
1.4786373041785839,-0.5672320068981571,1.0
1.4786373041785839,-0.4799655442984405,1.0
1.4786373041785839,-0.39269908169872414,2.0
1.4786373041785839,-0.30543261909900776,2.0
1.4786373041785839,-0.21816615649929139,2.0
1.4786373041785839,-0.1308996938995748,1.0
1.4786373041785839,-0.04363323129985819,2.0
1.4786373041785839,0.04363323129985819,1.0
1.4786373041785839,0.13089969389957457,0.0
1.4786373041785839,0.21816615649929116,0.0
1.4786373041785839,0.30543261909900776,1.0
1.4786373041785839,0.39269908169872414,0.0
1.4786373041785839,0.4799655442984405,3.0
1.4786373041785839,0.5672320068981569,1.0
1.4786373041785839,0.6544984694978735,2.0
1.4786373041785839,0.7417649320975901,3.0
1.4786373041785839,0.8290313946973065,1.0
1.4786373041785839,0.9162978572970228,2.0
1.4786373041785839,1.0035643198967392,0.0
1.4786373041785839,1.0908307824964556,0.0
1.4786373041785839,1.178097245096172,0.0
1.4786373041785839,1.2653637076958888,0.0
1.4786373041785839,1.3526301702956056,1.0
1.4786373041785839,1.439896632895322,0.0
1.4786373041785839,1.5271630954950384,2.0
1.4786373041785839,1.6144295580947547,2.0
1.4786373041785839,1.7016960206944711,4.0
1.4786373041785839,1.7889624832941875,1.0
1.4786373041785839,1.8762289458939039,1.0
1.4786373041785839,1.9634954084936203,1.0
1.4786373041785839,2.050761871093337,2.0
1.4786373041785839,2.138028333693054,0.0
1.4786373041785839,2.2252947962927703,1.0
1.4786373041785839,2.3125612588924866,5.0
1.4786373041785839,2.399827721492203,1.0
1.4786373041785839,2.4870941840919194,1.0
1.4786373041785839,2.574360646691636,2.0
1.4786373041785839,2.661627109291352,1.0
1.4786373041785839,2.7488935718910685,0.0
1.4786373041785839,2.8361600344907854,1.0
1.4786373041785839,2.923426497090502,2.0
1.4786373041785839,3.0106929596902186,0.0
1.4786373041785839,3.097959422289935,3.0
1.5183241195940824,-3.097959422289935,1.0
1.5183241195940824,-3.0106929596902186,4.0
1.5183241195940824,-2.923426497090502,1.0
1.5183241195940824,-2.8361600344907854,1.0
1.5183241195940824,-2.748893571891069,2.0
1.5183241195940824,-2.6616271092913526,0.0
1.5183241195940824,-2.574360646691636,1.0
1.5183241195940824,-2.4870941840919194,1.0
1.5183241195940824,-2.399827721492203,0.0
1.5183241195940824,-2.3125612588924866,0.0
1.5183241195940824,-2.2252947962927703,2.0
1.5183241195940824,-2.138028333693054,0.0
1.5183241195940824,-2.0507618710933375,2.0
1.5183241195940824,-1.9634954084936207,2.0
1.5183241195940824,-1.8762289458939043,0.0
1.5183241195940824,-1.7889624832941877,1.0
1.5183241195940824,-1.7016960206944713,0.0
1.5183241195940824,-1.6144295580947547,0.0
1.5183241195940824,-1.5271630954950384,0.0
1.5183241195940824,-1.439896632895322,0.0
1.5183241195940824,-1.3526301702956054,1.0
1.5183241195940824,-1.2653637076958888,0.0
1.5183241195940824,-1.1780972450961724,0.0
1.5183241195940824,-1.090830782496456,0.0
1.5183241195940824,-1.0035643198967397,1.0
1.5183241195940824,-0.9162978572970231,3.0
1.5183241195940824,-0.8290313946973065,0.0
1.5183241195940824,-0.7417649320975901,0.0
1.5183241195940824,-0.6544984694978737,1.0
1.5183241195940824,-0.5672320068981571,0.0
1.5183241195940824,-0.4799655442984405,1.0
1.5183241195940824,-0.39269908169872414,1.0
1.5183241195940824,-0.30543261909900776,0.0
1.5183241195940824,-0.21816615649929139,2.0
1.5183241195940824,-0.1308996938995748,1.0
1.5183241195940824,-0.04363323129985819,2.0
1.5183241195940824,0.04363323129985819,2.0
1.5183241195940824,0.13089969389957457,0.0
1.5183241195940824,0.21816615649929116,0.0
1.5183241195940824,0.30543261909900776,2.0
1.5183241195940824,0.39269908169872414,2.0
1.5183241195940824,0.4799655442984405,1.0
1.5183241195940824,0.5672320068981569,0.0
1.5183241195940824,0.6544984694978735,2.0
1.5183241195940824,0.7417649320975901,0.0
1.5183241195940824,0.8290313946973065,0.0
1.5183241195940824,0.9162978572970228,1.0
1.5183241195940824,1.0035643198967392,1.0
1.5183241195940824,1.0908307824964556,1.0
1.5183241195940824,1.178097245096172,2.0
1.5183241195940824,1.2653637076958888,1.0
1.5183241195940824,1.3526301702956056,0.0
1.5183241195940824,1.439896632895322,0.0
1.5183241195940824,1.5271630954950384,2.0
1.5183241195940824,1.6144295580947547,1.0
1.5183241195940824,1.7016960206944711,2.0
1.5183241195940824,1.7889624832941875,0.0
1.5183241195940824,1.8762289458939039,0.0
1.5183241195940824,1.9634954084936203,1.0
1.5183241195940824,2.050761871093337,0.0
1.5183241195940824,2.138028333693054,0.0
1.5183241195940824,2.2252947962927703,1.0
1.5183241195940824,2.3125612588924866,1.0
1.5183241195940824,2.399827721492203,0.0
1.5183241195940824,2.4870941840919194,1.0
1.5183241195940824,2.574360646691636,1.0
1.5183241195940824,2.661627109291352,0.0
1.5183241195940824,2.7488935718910685,1.0
1.5183241195940824,2.8361600344907854,1.0
1.5183241195940824,2.923426497090502,0.0
1.5183241195940824,3.0106929596902186,1.0
1.5183241195940824,3.097959422289935,3.0
1.558010935009581,-3.097959422289935,0.0
1.558010935009581,-3.0106929596902186,1.0
1.558010935009581,-2.923426497090502,0.0
1.558010935009581,-2.8361600344907854,2.0
1.558010935009581,-2.748893571891069,0.0
1.558010935009581,-2.6616271092913526,0.0
1.558010935009581,-2.574360646691636,0.0
1.558010935009581,-2.4870941840919194,0.0
1.558010935009581,-2.399827721492203,2.0
1.558010935009581,-2.3125612588924866,1.0
1.558010935009581,-2.2252947962927703,1.0
1.558010935009581,-2.138028333693054,1.0
1.558010935009581,-2.0507618710933375,0.0
1.558010935009581,-1.9634954084936207,0.0
1.558010935009581,-1.8762289458939043,0.0
1.558010935009581,-1.7889624832941877,0.0
1.558010935009581,-1.7016960206944713,0.0
1.558010935009581,-1.6144295580947547,0.0
1.558010935009581,-1.5271630954950384,2.0
1.558010935009581,-1.439896632895322,1.0
1.558010935009581,-1.3526301702956054,0.0
1.558010935009581,-1.2653637076958888,0.0
1.558010935009581,-1.1780972450961724,0.0
1.558010935009581,-1.090830782496456,1.0
1.558010935009581,-1.0035643198967397,0.0
1.558010935009581,-0.9162978572970231,0.0
1.558010935009581,-0.8290313946973065,0.0
1.558010935009581,-0.7417649320975901,0.0
1.558010935009581,-0.6544984694978737,0.0
1.558010935009581,-0.5672320068981571,0.0
1.558010935009581,-0.4799655442984405,0.0
1.558010935009581,-0.39269908169872414,1.0
1.558010935009581,-0.30543261909900776,0.0
1.558010935009581,-0.21816615649929139,2.0
1.558010935009581,-0.1308996938995748,2.0
1.558010935009581,-0.04363323129985819,0.0
1.558010935009581,0.04363323129985819,0.0
1.558010935009581,0.13089969389957457,0.0
1.558010935009581,0.21816615649929116,0.0
1.558010935009581,0.30543261909900776,0.0
1.558010935009581,0.39269908169872414,1.0
1.558010935009581,0.4799655442984405,2.0
1.558010935009581,0.5672320068981569,2.0
1.558010935009581,0.6544984694978735,0.0
1.558010935009581,0.7417649320975901,0.0
1.558010935009581,0.8290313946973065,1.0
1.558010935009581,0.9162978572970228,1.0
1.558010935009581,1.0035643198967392,0.0
1.558010935009581,1.0908307824964556,1.0
1.558010935009581,1.178097245096172,0.0
1.558010935009581,1.2653637076958888,0.0
1.558010935009581,1.3526301702956056,0.0
1.558010935009581,1.439896632895322,0.0
1.558010935009581,1.5271630954950384,0.0
1.558010935009581,1.6144295580947547,0.0
1.558010935009581,1.7016960206944711,0.0
1.558010935009581,1.7889624832941875,0.0
1.558010935009581,1.8762289458939039,1.0
1.558010935009581,1.9634954084936203,0.0
1.558010935009581,2.050761871093337,0.0
1.558010935009581,2.138028333693054,0.0
1.558010935009581,2.2252947962927703,0.0
1.558010935009581,2.3125612588924866,0.0
1.558010935009581,2.399827721492203,1.0
1.558010935009581,2.4870941840919194,0.0
1.558010935009581,2.574360646691636,0.0
1.558010935009581,2.661627109291352,0.0
1.558010935009581,2.7488935718910685,2.0
1.558010935009581,2.8361600344907854,1.0
1.558010935009581,2.923426497090502,0.0
1.558010935009581,3.0106929596902186,0.0
1.558010935009581,3.097959422289935,0.0
