delta_eta_center,delta_phi_center,pair_counts
-1.575293922046085,-3.097959422289935,1.0
-1.575293922046085,-3.0106929596902186,0.0
-1.575293922046085,-2.923426497090502,1.0
-1.575293922046085,-2.8361600344907854,0.0
-1.575293922046085,-2.748893571891069,1.0
-1.575293922046085,-2.6616271092913526,0.0
-1.575293922046085,-2.574360646691636,1.0
-1.575293922046085,-2.4870941840919194,0.0
-1.575293922046085,-2.399827721492203,0.0
-1.575293922046085,-2.3125612588924866,0.0
-1.575293922046085,-2.2252947962927703,0.0
-1.575293922046085,-2.138028333693054,1.0
-1.575293922046085,-2.0507618710933375,0.0
-1.575293922046085,-1.9634954084936207,0.0
-1.575293922046085,-1.8762289458939043,0.0
-1.575293922046085,-1.7889624832941877,0.0
-1.575293922046085,-1.7016960206944713,0.0
-1.575293922046085,-1.6144295580947547,0.0
-1.575293922046085,-1.5271630954950384,0.0
-1.575293922046085,-1.439896632895322,0.0
-1.575293922046085,-1.3526301702956054,1.0
-1.575293922046085,-1.2653637076958888,0.0
-1.575293922046085,-1.1780972450961724,1.0
-1.575293922046085,-1.090830782496456,0.0
-1.575293922046085,-1.0035643198967397,1.0
-1.575293922046085,-0.9162978572970231,0.0
-1.575293922046085,-0.8290313946973065,1.0
-1.575293922046085,-0.7417649320975901,0.0
-1.575293922046085,-0.6544984694978737,0.0
-1.575293922046085,-0.5672320068981571,0.0
-1.575293922046085,-0.4799655442984405,0.0
-1.575293922046085,-0.39269908169872414,0.0
-1.575293922046085,-0.30543261909900776,0.0
-1.575293922046085,-0.21816615649929139,0.0
-1.575293922046085,-0.1308996938995748,0.0
-1.575293922046085,-0.04363323129985819,0.0
-1.575293922046085,0.04363323129985819,0.0
-1.575293922046085,0.13089969389957457,0.0
-1.575293922046085,0.21816615649929116,0.0
-1.575293922046085,0.30543261909900776,1.0
-1.575293922046085,0.39269908169872414,2.0
-1.575293922046085,0.4799655442984405,0.0
-1.575293922046085,0.5672320068981569,0.0
-1.575293922046085,0.6544984694978735,0.0
-1.575293922046085,0.7417649320975901,0.0
-1.575293922046085,0.8290313946973065,0.0
-1.575293922046085,0.9162978572970228,1.0
-1.575293922046085,1.0035643198967392,0.0
-1.575293922046085,1.0908307824964556,0.0
-1.575293922046085,1.178097245096172,0.0
-1.575293922046085,1.2653637076958888,2.0
-1.575293922046085,1.3526301702956056,0.0
-1.575293922046085,1.439896632895322,1.0
-1.575293922046085,1.5271630954950384,0.0
-1.575293922046085,1.6144295580947547,0.0
-1.575293922046085,1.7016960206944711,1.0
-1.575293922046085,1.7889624832941875,0.0
-1.575293922046085,1.8762289458939039,0.0
-1.575293922046085,1.9634954084936203,0.0
-1.575293922046085,2.050761871093337,2.0
-1.575293922046085,2.138028333693054,1.0
-1.575293922046085,2.2252947962927703,0.0
-1.575293922046085,2.3125612588924866,1.0
-1.575293922046085,2.399827721492203,0.0
-1.575293922046085,2.4870941840919194,2.0
-1.575293922046085,2.574360646691636,1.0
-1.575293922046085,2.661627109291352,0.0
-1.575293922046085,2.7488935718910685,0.0
-1.575293922046085,2.8361600344907854,1.0
-1.575293922046085,2.923426497090502,1.0
-1.575293922046085,3.0106929596902186,2.0
-1.575293922046085,3.097959422289935,1.0
-1.535561173475513,-3.097959422289935,1.0
-1.535561173475513,-3.0106929596902186,2.0
-1.535561173475513,-2.923426497090502,2.0
-1.535561173475513,-2.8361600344907854,1.0
-1.535561173475513,-2.748893571891069,1.0
-1.535561173475513,-2.6616271092913526,0.0
-1.535561173475513,-2.574360646691636,0.0
-1.535561173475513,-2.4870941840919194,1.0
-1.535561173475513,-2.399827721492203,0.0
-1.535561173475513,-2.3125612588924866,0.0
-1.535561173475513,-2.2252947962927703,2.0
-1.535561173475513,-2.138028333693054,2.0
-1.535561173475513,-2.0507618710933375,1.0
-1.535561173475513,-1.9634954084936207,0.0
-1.535561173475513,-1.8762289458939043,1.0
-1.535561173475513,-1.7889624832941877,1.0
-1.535561173475513,-1.7016960206944713,2.0
-1.535561173475513,-1.6144295580947547,2.0
-1.535561173475513,-1.5271630954950384,0.0
-1.535561173475513,-1.439896632895322,0.0
-1.535561173475513,-1.3526301702956054,1.0
-1.535561173475513,-1.2653637076958888,1.0
-1.535561173475513,-1.1780972450961724,1.0
-1.535561173475513,-1.090830782496456,1.0
-1.535561173475513,-1.0035643198967397,1.0
-1.535561173475513,-0.9162978572970231,1.0
-1.535561173475513,-0.8290313946973065,0.0
-1.535561173475513,-0.7417649320975901,1.0
-1.535561173475513,-0.6544984694978737,2.0
-1.535561173475513,-0.5672320068981571,1.0
-1.535561173475513,-0.4799655442984405,0.0
-1.535561173475513,-0.39269908169872414,0.0
-1.535561173475513,-0.30543261909900776,0.0
-1.535561173475513,-0.21816615649929139,0.0
-1.535561173475513,-0.1308996938995748,1.0
-1.535561173475513,-0.04363323129985819,0.0
-1.535561173475513,0.04363323129985819,1.0
-1.535561173475513,0.13089969389957457,1.0
-1.535561173475513,0.21816615649929116,0.0
-1.535561173475513,0.30543261909900776,1.0
-1.535561173475513,0.39269908169872414,1.0
-1.535561173475513,0.4799655442984405,1.0
-1.535561173475513,0.5672320068981569,2.0
-1.535561173475513,0.6544984694978735,2.0
-1.535561173475513,0.7417649320975901,0.0
-1.535561173475513,0.8290313946973065,0.0
-1.535561173475513,0.9162978572970228,1.0
-1.535561173475513,1.0035643198967392,2.0
-1.535561173475513,1.0908307824964556,1.0
-1.535561173475513,1.178097245096172,1.0
-1.535561173475513,1.2653637076958888,0.0
-1.535561173475513,1.3526301702956056,0.0
-1.535561173475513,1.439896632895322,1.0
-1.535561173475513,1.5271630954950384,2.0
-1.535561173475513,1.6144295580947547,0.0
-1.535561173475513,1.7016960206944711,0.0
-1.535561173475513,1.7889624832941875,4.0
-1.535561173475513,1.8762289458939039,1.0
-1.535561173475513,1.9634954084936203,0.0
-1.535561173475513,2.050761871093337,3.0
-1.535561173475513,2.138028333693054,1.0
-1.535561173475513,2.2252947962927703,2.0
-1.535561173475513,2.3125612588924866,0.0
-1.535561173475513,2.399827721492203,2.0
-1.535561173475513,2.4870941840919194,0.0
-1.535561173475513,2.574360646691636,0.0
-1.535561173475513,2.661627109291352,0.0
-1.535561173475513,2.7488935718910685,2.0
-1.535561173475513,2.8361600344907854,0.0
-1.535561173475513,2.923426497090502,0.0
-1.535561173475513,3.0106929596902186,0.0
-1.535561173475513,3.097959422289935,0.0
-1.495828424904941,-3.097959422289935,5.0
-1.495828424904941,-3.0106929596902186,4.0
-1.495828424904941,-2.923426497090502,2.0
-1.495828424904941,-2.8361600344907854,1.0
-1.495828424904941,-2.748893571891069,2.0
-1.495828424904941,-2.6616271092913526,3.0
-1.495828424904941,-2.574360646691636,2.0
-1.495828424904941,-2.4870941840919194,3.0
-1.495828424904941,-2.399827721492203,2.0
-1.495828424904941,-2.3125612588924866,3.0
-1.495828424904941,-2.2252947962927703,6.0
-1.495828424904941,-2.138028333693054,3.0
-1.495828424904941,-2.0507618710933375,3.0
-1.495828424904941,-1.9634954084936207,3.0
-1.495828424904941,-1.8762289458939043,1.0
-1.495828424904941,-1.7889624832941877,1.0
-1.495828424904941,-1.7016960206944713,2.0
-1.495828424904941,-1.6144295580947547,3.0
-1.495828424904941,-1.5271630954950384,1.0
-1.495828424904941,-1.439896632895322,2.0
-1.495828424904941,-1.3526301702956054,2.0
-1.495828424904941,-1.2653637076958888,0.0
-1.495828424904941,-1.1780972450961724,2.0
-1.495828424904941,-1.090830782496456,1.0
-1.495828424904941,-1.0035643198967397,3.0
-1.495828424904941,-0.9162978572970231,0.0
-1.495828424904941,-0.8290313946973065,4.0
-1.495828424904941,-0.7417649320975901,0.0
-1.495828424904941,-0.6544984694978737,2.0
-1.495828424904941,-0.5672320068981571,3.0
-1.495828424904941,-0.4799655442984405,2.0
-1.495828424904941,-0.39269908169872414,1.0
-1.495828424904941,-0.30543261909900776,2.0
-1.495828424904941,-0.21816615649929139,0.0
-1.495828424904941,-0.1308996938995748,2.0
-1.495828424904941,-0.04363323129985819,1.0
-1.495828424904941,0.04363323129985819,0.0
-1.495828424904941,0.13089969389957457,4.0
-1.495828424904941,0.21816615649929116,1.0
-1.495828424904941,0.30543261909900776,0.0
-1.495828424904941,0.39269908169872414,2.0
-1.495828424904941,0.4799655442984405,1.0
-1.495828424904941,0.5672320068981569,0.0
-1.495828424904941,0.6544984694978735,0.0
-1.495828424904941,0.7417649320975901,5.0
-1.495828424904941,0.8290313946973065,0.0
-1.495828424904941,0.9162978572970228,2.0
-1.495828424904941,1.0035643198967392,2.0
-1.495828424904941,1.0908307824964556,4.0
-1.495828424904941,1.178097245096172,1.0
-1.495828424904941,1.2653637076958888,5.0
-1.495828424904941,1.3526301702956056,2.0
-1.495828424904941,1.439896632895322,3.0
-1.495828424904941,1.5271630954950384,1.0
-1.495828424904941,1.6144295580947547,4.0
-1.495828424904941,1.7016960206944711,3.0
-1.495828424904941,1.7889624832941875,2.0
-1.495828424904941,1.8762289458939039,1.0
-1.495828424904941,1.9634954084936203,2.0
-1.495828424904941,2.050761871093337,2.0
-1.495828424904941,2.138028333693054,1.0
-1.495828424904941,2.2252947962927703,3.0
-1.495828424904941,2.3125612588924866,3.0
-1.495828424904941,2.399827721492203,3.0
-1.495828424904941,2.4870941840919194,1.0
-1.495828424904941,2.574360646691636,3.0
-1.495828424904941,2.661627109291352,2.0
-1.495828424904941,2.7488935718910685,3.0
-1.495828424904941,2.8361600344907854,5.0
-1.495828424904941,2.923426497090502,0.0
-1.495828424904941,3.0106929596902186,2.0
-1.495828424904941,3.097959422289935,0.0
-1.456095676334369,-3.097959422289935,2.0
-1.456095676334369,-3.0106929596902186,0.0
-1.456095676334369,-2.923426497090502,2.0
-1.456095676334369,-2.8361600344907854,3.0
-1.456095676334369,-2.748893571891069,3.0
-1.456095676334369,-2.6616271092913526,5.0
-1.456095676334369,-2.574360646691636,3.0
-1.456095676334369,-2.4870941840919194,3.0
-1.456095676334369,-2.399827721492203,2.0
-1.456095676334369,-2.3125612588924866,2.0
-1.456095676334369,-2.2252947962927703,5.0
-1.456095676334369,-2.138028333693054,1.0
-1.456095676334369,-2.0507618710933375,4.0
-1.456095676334369,-1.9634954084936207,1.0
-1.456095676334369,-1.8762289458939043,3.0
-1.456095676334369,-1.7889624832941877,1.0
-1.456095676334369,-1.7016960206944713,3.0
-1.456095676334369,-1.6144295580947547,2.0
-1.456095676334369,-1.5271630954950384,5.0
-1.456095676334369,-1.439896632895322,3.0
-1.456095676334369,-1.3526301702956054,3.0
-1.456095676334369,-1.2653637076958888,3.0
-1.456095676334369,-1.1780972450961724,3.0
-1.456095676334369,-1.090830782496456,4.0
-1.456095676334369,-1.0035643198967397,4.0
-1.456095676334369,-0.9162978572970231,2.0
-1.456095676334369,-0.8290313946973065,3.0
-1.456095676334369,-0.7417649320975901,2.0
-1.456095676334369,-0.6544984694978737,6.0
-1.456095676334369,-0.5672320068981571,4.0
-1.456095676334369,-0.4799655442984405,2.0
-1.456095676334369,-0.39269908169872414,1.0
-1.456095676334369,-0.30543261909900776,2.0
-1.456095676334369,-0.21816615649929139,2.0
-1.456095676334369,-0.1308996938995748,2.0
-1.456095676334369,-0.04363323129985819,0.0
-1.456095676334369,0.04363323129985819,2.0
-1.456095676334369,0.13089969389957457,1.0
-1.456095676334369,0.21816615649929116,3.0
-1.456095676334369,0.30543261909900776,2.0
-1.456095676334369,0.39269908169872414,3.0
-1.456095676334369,0.4799655442984405,6.0
-1.456095676334369,0.5672320068981569,3.0
-1.456095676334369,0.6544984694978735,1.0
-1.456095676334369,0.7417649320975901,5.0
-1.456095676334369,0.8290313946973065,5.0
-1.456095676334369,0.9162978572970228,2.0
-1.456095676334369,1.0035643198967392,3.0
-1.456095676334369,1.0908307824964556,5.0
-1.456095676334369,1.178097245096172,1.0
-1.456095676334369,1.2653637076958888,2.0
-1.456095676334369,1.3526301702956056,4.0
-1.456095676334369,1.439896632895322,6.0
-1.456095676334369,1.5271630954950384,5.0
-1.456095676334369,1.6144295580947547,2.0
-1.456095676334369,1.7016960206944711,4.0
-1.456095676334369,1.7889624832941875,2.0
-1.456095676334369,1.8762289458939039,0.0
-1.456095676334369,1.9634954084936203,4.0
-1.456095676334369,2.050761871093337,3.0
-1.456095676334369,2.138028333693054,2.0
-1.456095676334369,2.2252947962927703,3.0
-1.456095676334369,2.3125612588924866,4.0
-1.456095676334369,2.399827721492203,1.0
-1.456095676334369,2.4870941840919194,2.0
-1.456095676334369,2.574360646691636,1.0
-1.456095676334369,2.661627109291352,2.0
-1.456095676334369,2.7488935718910685,1.0
-1.456095676334369,2.8361600344907854,1.0
-1.456095676334369,2.923426497090502,0.0
-1.456095676334369,3.0106929596902186,2.0
-1.456095676334369,3.097959422289935,6.0
-1.4163629277637972,-3.097959422289935,3.0
-1.4163629277637972,-3.0106929596902186,4.0
-1.4163629277637972,-2.923426497090502,4.0
-1.4163629277637972,-2.8361600344907854,5.0
-1.4163629277637972,-2.748893571891069,2.0
-1.4163629277637972,-2.6616271092913526,2.0
-1.4163629277637972,-2.574360646691636,4.0
-1.4163629277637972,-2.4870941840919194,7.0
-1.4163629277637972,-2.399827721492203,3.0
-1.4163629277637972,-2.3125612588924866,3.0
-1.4163629277637972,-2.2252947962927703,3.0
-1.4163629277637972,-2.138028333693054,1.0
-1.4163629277637972,-2.0507618710933375,4.0
-1.4163629277637972,-1.9634954084936207,4.0
-1.4163629277637972,-1.8762289458939043,5.0
-1.4163629277637972,-1.7889624832941877,2.0
-1.4163629277637972,-1.7016960206944713,7.0
-1.4163629277637972,-1.6144295580947547,1.0
-1.4163629277637972,-1.5271630954950384,3.0
-1.4163629277637972,-1.439896632895322,4.0
-1.4163629277637972,-1.3526301702956054,10.0
-1.4163629277637972,-1.2653637076958888,5.0
-1.4163629277637972,-1.1780972450961724,7.0
-1.4163629277637972,-1.090830782496456,3.0
-1.4163629277637972,-1.0035643198967397,3.0
-1.4163629277637972,-0.9162978572970231,7.0
-1.4163629277637972,-0.8290313946973065,6.0
-1.4163629277637972,-0.7417649320975901,3.0
-1.4163629277637972,-0.6544984694978737,4.0
-1.4163629277637972,-0.5672320068981571,10.0
-1.4163629277637972,-0.4799655442984405,2.0
-1.4163629277637972,-0.39269908169872414,9.0
-1.4163629277637972,-0.30543261909900776,4.0
-1.4163629277637972,-0.21816615649929139,5.0
-1.4163629277637972,-0.1308996938995748,4.0
-1.4163629277637972,-0.04363323129985819,4.0
-1.4163629277637972,0.04363323129985819,3.0
-1.4163629277637972,0.13089969389957457,2.0
-1.4163629277637972,0.21816615649929116,3.0
-1.4163629277637972,0.30543261909900776,3.0
-1.4163629277637972,0.39269908169872414,4.0
-1.4163629277637972,0.4799655442984405,4.0
-1.4163629277637972,0.5672320068981569,2.0
-1.4163629277637972,0.6544984694978735,6.0
-1.4163629277637972,0.7417649320975901,3.0
-1.4163629277637972,0.8290313946973065,1.0
-1.4163629277637972,0.9162978572970228,4.0
-1.4163629277637972,1.0035643198967392,5.0
-1.4163629277637972,1.0908307824964556,4.0
-1.4163629277637972,1.178097245096172,3.0
-1.4163629277637972,1.2653637076958888,4.0
-1.4163629277637972,1.3526301702956056,2.0
-1.4163629277637972,1.439896632895322,4.0
-1.4163629277637972,1.5271630954950384,3.0
-1.4163629277637972,1.6144295580947547,2.0
-1.4163629277637972,1.7016960206944711,5.0
-1.4163629277637972,1.7889624832941875,4.0
-1.4163629277637972,1.8762289458939039,6.0
-1.4163629277637972,1.9634954084936203,5.0
-1.4163629277637972,2.050761871093337,4.0
-1.4163629277637972,2.138028333693054,2.0
-1.4163629277637972,2.2252947962927703,7.0
-1.4163629277637972,2.3125612588924866,5.0
-1.4163629277637972,2.399827721492203,1.0
-1.4163629277637972,2.4870941840919194,4.0
-1.4163629277637972,2.574360646691636,3.0
-1.4163629277637972,2.661627109291352,5.0
-1.4163629277637972,2.7488935718910685,1.0
-1.4163629277637972,2.8361600344907854,1.0
-1.4163629277637972,2.923426497090502,6.0
-1.4163629277637972,3.0106929596902186,0.0
-1.4163629277637972,3.097959422289935,5.0
-1.3766301791932252,-3.097959422289935,2.0
-1.3766301791932252,-3.0106929596902186,4.0
-1.3766301791932252,-2.923426497090502,5.0
-1.3766301791932252,-2.8361600344907854,6.0
-1.3766301791932252,-2.748893571891069,3.0
-1.3766301791932252,-2.6616271092913526,8.0
-1.3766301791932252,-2.574360646691636,3.0
-1.3766301791932252,-2.4870941840919194,6.0
-1.3766301791932252,-2.399827721492203,4.0
-1.3766301791932252,-2.3125612588924866,3.0
-1.3766301791932252,-2.2252947962927703,7.0
-1.3766301791932252,-2.138028333693054,4.0
-1.3766301791932252,-2.0507618710933375,5.0
-1.3766301791932252,-1.9634954084936207,6.0
-1.3766301791932252,-1.8762289458939043,5.0
-1.3766301791932252,-1.7889624832941877,3.0
-1.3766301791932252,-1.7016960206944713,3.0
-1.3766301791932252,-1.6144295580947547,2.0
-1.3766301791932252,-1.5271630954950384,8.0
-1.3766301791932252,-1.439896632895322,2.0
-1.3766301791932252,-1.3526301702956054,4.0
-1.3766301791932252,-1.2653637076958888,0.0
-1.3766301791932252,-1.1780972450961724,6.0
-1.3766301791932252,-1.090830782496456,5.0
-1.3766301791932252,-1.0035643198967397,4.0
-1.3766301791932252,-0.9162978572970231,6.0
-1.3766301791932252,-0.8290313946973065,4.0
-1.3766301791932252,-0.7417649320975901,2.0
-1.3766301791932252,-0.6544984694978737,5.0
-1.3766301791932252,-0.5672320068981571,5.0
-1.3766301791932252,-0.4799655442984405,3.0
-1.3766301791932252,-0.39269908169872414,3.0
-1.3766301791932252,-0.30543261909900776,6.0
-1.3766301791932252,-0.21816615649929139,6.0
-1.3766301791932252,-0.1308996938995748,3.0
-1.3766301791932252,-0.04363323129985819,4.0
-1.3766301791932252,0.04363323129985819,5.0
-1.3766301791932252,0.13089969389957457,1.0
-1.3766301791932252,0.21816615649929116,5.0
-1.3766301791932252,0.30543261909900776,6.0
-1.3766301791932252,0.39269908169872414,5.0
-1.3766301791932252,0.4799655442984405,3.0
-1.3766301791932252,0.5672320068981569,5.0
-1.3766301791932252,0.6544984694978735,3.0
-1.3766301791932252,0.7417649320975901,6.0
-1.3766301791932252,0.8290313946973065,4.0
-1.3766301791932252,0.9162978572970228,4.0
-1.3766301791932252,1.0035643198967392,8.0
-1.3766301791932252,1.0908307824964556,5.0
-1.3766301791932252,1.178097245096172,6.0
-1.3766301791932252,1.2653637076958888,5.0
-1.3766301791932252,1.3526301702956056,5.0
-1.3766301791932252,1.439896632895322,2.0
-1.3766301791932252,1.5271630954950384,2.0
-1.3766301791932252,1.6144295580947547,10.0
-1.3766301791932252,1.7016960206944711,3.0
-1.3766301791932252,1.7889624832941875,4.0
-1.3766301791932252,1.8762289458939039,2.0
-1.3766301791932252,1.9634954084936203,5.0
-1.3766301791932252,2.050761871093337,6.0
-1.3766301791932252,2.138028333693054,2.0
-1.3766301791932252,2.2252947962927703,2.0
-1.3766301791932252,2.3125612588924866,3.0
-1.3766301791932252,2.399827721492203,6.0
-1.3766301791932252,2.4870941840919194,3.0
-1.3766301791932252,2.574360646691636,3.0
-1.3766301791932252,2.661627109291352,2.0
-1.3766301791932252,2.7488935718910685,10.0
-1.3766301791932252,2.8361600344907854,3.0
-1.3766301791932252,2.923426497090502,5.0
-1.3766301791932252,3.0106929596902186,8.0
-1.3766301791932252,3.097959422289935,4.0
-1.336897430622653,-3.097959422289935,8.0
-1.336897430622653,-3.0106929596902186,5.0
-1.336897430622653,-2.923426497090502,4.0
-1.336897430622653,-2.8361600344907854,7.0
-1.336897430622653,-2.748893571891069,6.0
-1.336897430622653,-2.6616271092913526,9.0
-1.336897430622653,-2.574360646691636,7.0
-1.336897430622653,-2.4870941840919194,3.0
-1.336897430622653,-2.399827721492203,7.0
-1.336897430622653,-2.3125612588924866,5.0
-1.336897430622653,-2.2252947962927703,5.0
-1.336897430622653,-2.138028333693054,4.0
-1.336897430622653,-2.0507618710933375,6.0
-1.336897430622653,-1.9634954084936207,6.0
-1.336897430622653,-1.8762289458939043,1.0
-1.336897430622653,-1.7889624832941877,5.0
-1.336897430622653,-1.7016960206944713,5.0
-1.336897430622653,-1.6144295580947547,6.0
-1.336897430622653,-1.5271630954950384,3.0
-1.336897430622653,-1.439896632895322,7.0
-1.336897430622653,-1.3526301702956054,5.0
-1.336897430622653,-1.2653637076958888,3.0
-1.336897430622653,-1.1780972450961724,7.0
-1.336897430622653,-1.090830782496456,3.0
-1.336897430622653,-1.0035643198967397,5.0
-1.336897430622653,-0.9162978572970231,4.0
-1.336897430622653,-0.8290313946973065,2.0
-1.336897430622653,-0.7417649320975901,8.0
-1.336897430622653,-0.6544984694978737,7.0
-1.336897430622653,-0.5672320068981571,4.0
-1.336897430622653,-0.4799655442984405,1.0
-1.336897430622653,-0.39269908169872414,2.0
-1.336897430622653,-0.30543261909900776,6.0
-1.336897430622653,-0.21816615649929139,3.0
-1.336897430622653,-0.1308996938995748,4.0
-1.336897430622653,-0.04363323129985819,6.0
-1.336897430622653,0.04363323129985819,7.0
-1.336897430622653,0.13089969389957457,5.0
-1.336897430622653,0.21816615649929116,4.0
-1.336897430622653,0.30543261909900776,8.0
-1.336897430622653,0.39269908169872414,8.0
-1.336897430622653,0.4799655442984405,1.0
-1.336897430622653,0.5672320068981569,4.0
-1.336897430622653,0.6544984694978735,6.0
-1.336897430622653,0.7417649320975901,4.0
-1.336897430622653,0.8290313946973065,3.0
-1.336897430622653,0.9162978572970228,8.0
-1.336897430622653,1.0035643198967392,6.0
-1.336897430622653,1.0908307824964556,10.0
-1.336897430622653,1.178097245096172,7.0
-1.336897430622653,1.2653637076958888,3.0
-1.336897430622653,1.3526301702956056,7.0
-1.336897430622653,1.439896632895322,5.0
-1.336897430622653,1.5271630954950384,4.0
-1.336897430622653,1.6144295580947547,3.0
-1.336897430622653,1.7016960206944711,6.0
-1.336897430622653,1.7889624832941875,3.0
-1.336897430622653,1.8762289458939039,4.0
-1.336897430622653,1.9634954084936203,2.0
-1.336897430622653,2.050761871093337,8.0
-1.336897430622653,2.138028333693054,3.0
-1.336897430622653,2.2252947962927703,1.0
-1.336897430622653,2.3125612588924866,6.0
-1.336897430622653,2.399827721492203,3.0
-1.336897430622653,2.4870941840919194,9.0
-1.336897430622653,2.574360646691636,7.0
-1.336897430622653,2.661627109291352,4.0
-1.336897430622653,2.7488935718910685,5.0
-1.336897430622653,2.8361600344907854,9.0
-1.336897430622653,2.923426497090502,7.0
-1.336897430622653,3.0106929596902186,5.0
-1.336897430622653,3.097959422289935,2.0
-1.2971646820520812,-3.097959422289935,5.0
-1.2971646820520812,-3.0106929596902186,4.0
-1.2971646820520812,-2.923426497090502,7.0
-1.2971646820520812,-2.8361600344907854,2.0
-1.2971646820520812,-2.748893571891069,7.0
-1.2971646820520812,-2.6616271092913526,7.0
-1.2971646820520812,-2.574360646691636,4.0
-1.2971646820520812,-2.4870941840919194,7.0
-1.2971646820520812,-2.399827721492203,3.0
-1.2971646820520812,-2.3125612588924866,0.0
-1.2971646820520812,-2.2252947962927703,12.0
-1.2971646820520812,-2.138028333693054,6.0
-1.2971646820520812,-2.0507618710933375,6.0
-1.2971646820520812,-1.9634954084936207,6.0
-1.2971646820520812,-1.8762289458939043,9.0
-1.2971646820520812,-1.7889624832941877,5.0
-1.2971646820520812,-1.7016960206944713,4.0
-1.2971646820520812,-1.6144295580947547,5.0
-1.2971646820520812,-1.5271630954950384,8.0
-1.2971646820520812,-1.439896632895322,6.0
-1.2971646820520812,-1.3526301702956054,9.0
-1.2971646820520812,-1.2653637076958888,7.0
-1.2971646820520812,-1.1780972450961724,4.0
-1.2971646820520812,-1.090830782496456,4.0
-1.2971646820520812,-1.0035643198967397,8.0
-1.2971646820520812,-0.9162978572970231,0.0
-1.2971646820520812,-0.8290313946973065,4.0
-1.2971646820520812,-0.7417649320975901,6.0
-1.2971646820520812,-0.6544984694978737,6.0
-1.2971646820520812,-0.5672320068981571,7.0
-1.2971646820520812,-0.4799655442984405,11.0
-1.2971646820520812,-0.39269908169872414,5.0
-1.2971646820520812,-0.30543261909900776,7.0
-1.2971646820520812,-0.21816615649929139,5.0
-1.2971646820520812,-0.1308996938995748,10.0
-1.2971646820520812,-0.04363323129985819,2.0
-1.2971646820520812,0.04363323129985819,12.0
-1.2971646820520812,0.13089969389957457,4.0
-1.2971646820520812,0.21816615649929116,4.0
-1.2971646820520812,0.30543261909900776,7.0
-1.2971646820520812,0.39269908169872414,10.0
-1.2971646820520812,0.4799655442984405,8.0
-1.2971646820520812,0.5672320068981569,6.0
-1.2971646820520812,0.6544984694978735,6.0
-1.2971646820520812,0.7417649320975901,2.0
-1.2971646820520812,0.8290313946973065,7.0
-1.2971646820520812,0.9162978572970228,8.0
-1.2971646820520812,1.0035643198967392,10.0
-1.2971646820520812,1.0908307824964556,7.0
-1.2971646820520812,1.178097245096172,3.0
-1.2971646820520812,1.2653637076958888,5.0
-1.2971646820520812,1.3526301702956056,7.0
-1.2971646820520812,1.439896632895322,5.0
-1.2971646820520812,1.5271630954950384,2.0
-1.2971646820520812,1.6144295580947547,4.0
-1.2971646820520812,1.7016960206944711,3.0
-1.2971646820520812,1.7889624832941875,9.0
-1.2971646820520812,1.8762289458939039,4.0
-1.2971646820520812,1.9634954084936203,3.0
-1.2971646820520812,2.050761871093337,2.0
-1.2971646820520812,2.138028333693054,6.0
-1.2971646820520812,2.2252947962927703,8.0
-1.2971646820520812,2.3125612588924866,6.0
-1.2971646820520812,2.399827721492203,3.0
-1.2971646820520812,2.4870941840919194,9.0
-1.2971646820520812,2.574360646691636,9.0
-1.2971646820520812,2.661627109291352,7.0
-1.2971646820520812,2.7488935718910685,9.0
-1.2971646820520812,2.8361600344907854,3.0
-1.2971646820520812,2.923426497090502,5.0
-1.2971646820520812,3.0106929596902186,3.0
-1.2971646820520812,3.097959422289935,5.0
-1.2574319334815094,-3.097959422289935,11.0
-1.2574319334815094,-3.0106929596902186,8.0
-1.2574319334815094,-2.923426497090502,8.0
-1.2574319334815094,-2.8361600344907854,8.0
-1.2574319334815094,-2.748893571891069,12.0
-1.2574319334815094,-2.6616271092913526,5.0
-1.2574319334815094,-2.574360646691636,7.0
-1.2574319334815094,-2.4870941840919194,7.0
-1.2574319334815094,-2.399827721492203,7.0
-1.2574319334815094,-2.3125612588924866,9.0
-1.2574319334815094,-2.2252947962927703,3.0
-1.2574319334815094,-2.138028333693054,4.0
-1.2574319334815094,-2.0507618710933375,3.0
-1.2574319334815094,-1.9634954084936207,5.0
-1.2574319334815094,-1.8762289458939043,4.0
-1.2574319334815094,-1.7889624832941877,10.0
-1.2574319334815094,-1.7016960206944713,6.0
-1.2574319334815094,-1.6144295580947547,6.0
-1.2574319334815094,-1.5271630954950384,10.0
-1.2574319334815094,-1.439896632895322,2.0
-1.2574319334815094,-1.3526301702956054,5.0
-1.2574319334815094,-1.2653637076958888,11.0
-1.2574319334815094,-1.1780972450961724,3.0
-1.2574319334815094,-1.090830782496456,4.0
-1.2574319334815094,-1.0035643198967397,9.0
-1.2574319334815094,-0.9162978572970231,10.0
-1.2574319334815094,-0.8290313946973065,5.0
-1.2574319334815094,-0.7417649320975901,9.0
-1.2574319334815094,-0.6544984694978737,7.0
-1.2574319334815094,-0.5672320068981571,4.0
-1.2574319334815094,-0.4799655442984405,7.0
-1.2574319334815094,-0.39269908169872414,0.0
-1.2574319334815094,-0.30543261909900776,9.0
-1.2574319334815094,-0.21816615649929139,5.0
-1.2574319334815094,-0.1308996938995748,7.0
-1.2574319334815094,-0.04363323129985819,8.0
-1.2574319334815094,0.04363323129985819,11.0
-1.2574319334815094,0.13089969389957457,3.0
-1.2574319334815094,0.21816615649929116,8.0
-1.2574319334815094,0.30543261909900776,8.0
-1.2574319334815094,0.39269908169872414,8.0
-1.2574319334815094,0.4799655442984405,6.0
-1.2574319334815094,0.5672320068981569,5.0
-1.2574319334815094,0.6544984694978735,7.0
-1.2574319334815094,0.7417649320975901,11.0
-1.2574319334815094,0.8290313946973065,5.0
-1.2574319334815094,0.9162978572970228,11.0
-1.2574319334815094,1.0035643198967392,6.0
-1.2574319334815094,1.0908307824964556,9.0
-1.2574319334815094,1.178097245096172,4.0
-1.2574319334815094,1.2653637076958888,5.0
-1.2574319334815094,1.3526301702956056,10.0
-1.2574319334815094,1.439896632895322,3.0
-1.2574319334815094,1.5271630954950384,5.0
-1.2574319334815094,1.6144295580947547,6.0
-1.2574319334815094,1.7016960206944711,7.0
-1.2574319334815094,1.7889624832941875,4.0
-1.2574319334815094,1.8762289458939039,7.0
-1.2574319334815094,1.9634954084936203,5.0
-1.2574319334815094,2.050761871093337,9.0
-1.2574319334815094,2.138028333693054,5.0
-1.2574319334815094,2.2252947962927703,6.0
-1.2574319334815094,2.3125612588924866,6.0
-1.2574319334815094,2.399827721492203,4.0
-1.2574319334815094,2.4870941840919194,6.0
-1.2574319334815094,2.574360646691636,11.0
-1.2574319334815094,2.661627109291352,6.0
-1.2574319334815094,2.7488935718910685,10.0
-1.2574319334815094,2.8361600344907854,6.0
-1.2574319334815094,2.923426497090502,7.0
-1.2574319334815094,3.0106929596902186,8.0
-1.2574319334815094,3.097959422289935,6.0
-1.2176991849109373,-3.097959422289935,9.0
-1.2176991849109373,-3.0106929596902186,10.0
-1.2176991849109373,-2.923426497090502,9.0
-1.2176991849109373,-2.8361600344907854,7.0
-1.2176991849109373,-2.748893571891069,8.0
-1.2176991849109373,-2.6616271092913526,14.0
-1.2176991849109373,-2.574360646691636,10.0
-1.2176991849109373,-2.4870941840919194,8.0
-1.2176991849109373,-2.399827721492203,7.0
-1.2176991849109373,-2.3125612588924866,5.0
-1.2176991849109373,-2.2252947962927703,8.0
-1.2176991849109373,-2.138028333693054,15.0
-1.2176991849109373,-2.0507618710933375,5.0
-1.2176991849109373,-1.9634954084936207,9.0
-1.2176991849109373,-1.8762289458939043,15.0
-1.2176991849109373,-1.7889624832941877,6.0
-1.2176991849109373,-1.7016960206944713,9.0
-1.2176991849109373,-1.6144295580947547,6.0
-1.2176991849109373,-1.5271630954950384,6.0
-1.2176991849109373,-1.439896632895322,9.0
-1.2176991849109373,-1.3526301702956054,9.0
-1.2176991849109373,-1.2653637076958888,7.0
-1.2176991849109373,-1.1780972450961724,6.0
-1.2176991849109373,-1.090830782496456,2.0
-1.2176991849109373,-1.0035643198967397,8.0
-1.2176991849109373,-0.9162978572970231,10.0
-1.2176991849109373,-0.8290313946973065,7.0
-1.2176991849109373,-0.7417649320975901,5.0
-1.2176991849109373,-0.6544984694978737,13.0
-1.2176991849109373,-0.5672320068981571,11.0
-1.2176991849109373,-0.4799655442984405,13.0
-1.2176991849109373,-0.39269908169872414,12.0
-1.2176991849109373,-0.30543261909900776,2.0
-1.2176991849109373,-0.21816615649929139,12.0
-1.2176991849109373,-0.1308996938995748,8.0
-1.2176991849109373,-0.04363323129985819,14.0
-1.2176991849109373,0.04363323129985819,5.0
-1.2176991849109373,0.13089969389957457,6.0
-1.2176991849109373,0.21816615649929116,7.0
-1.2176991849109373,0.30543261909900776,4.0
-1.2176991849109373,0.39269908169872414,12.0
-1.2176991849109373,0.4799655442984405,7.0
-1.2176991849109373,0.5672320068981569,12.0
-1.2176991849109373,0.6544984694978735,11.0
-1.2176991849109373,0.7417649320975901,11.0
-1.2176991849109373,0.8290313946973065,5.0
-1.2176991849109373,0.9162978572970228,13.0
-1.2176991849109373,1.0035643198967392,3.0
-1.2176991849109373,1.0908307824964556,5.0
-1.2176991849109373,1.178097245096172,6.0
-1.2176991849109373,1.2653637076958888,9.0
-1.2176991849109373,1.3526301702956056,8.0
-1.2176991849109373,1.439896632895322,6.0
-1.2176991849109373,1.5271630954950384,10.0
-1.2176991849109373,1.6144295580947547,7.0
-1.2176991849109373,1.7016960206944711,7.0
-1.2176991849109373,1.7889624832941875,6.0
-1.2176991849109373,1.8762289458939039,7.0
-1.2176991849109373,1.9634954084936203,8.0
-1.2176991849109373,2.050761871093337,11.0
-1.2176991849109373,2.138028333693054,8.0
-1.2176991849109373,2.2252947962927703,6.0
-1.2176991849109373,2.3125612588924866,15.0
-1.2176991849109373,2.399827721492203,10.0
-1.2176991849109373,2.4870941840919194,13.0
-1.2176991849109373,2.574360646691636,13.0
-1.2176991849109373,2.661627109291352,15.0
-1.2176991849109373,2.7488935718910685,8.0
-1.2176991849109373,2.8361600344907854,5.0
-1.2176991849109373,2.923426497090502,7.0
-1.2176991849109373,3.0106929596902186,7.0
-1.2176991849109373,3.097959422289935,4.0
-1.1779664363403655,-3.097959422289935,14.0
-1.1779664363403655,-3.0106929596902186,9.0
-1.1779664363403655,-2.923426497090502,11.0
-1.1779664363403655,-2.8361600344907854,6.0
-1.1779664363403655,-2.748893571891069,13.0
-1.1779664363403655,-2.6616271092913526,23.0
-1.1779664363403655,-2.574360646691636,15.0
-1.1779664363403655,-2.4870941840919194,11.0
-1.1779664363403655,-2.399827721492203,10.0
-1.1779664363403655,-2.3125612588924866,6.0
-1.1779664363403655,-2.2252947962927703,12.0
-1.1779664363403655,-2.138028333693054,7.0
-1.1779664363403655,-2.0507618710933375,8.0
-1.1779664363403655,-1.9634954084936207,8.0
-1.1779664363403655,-1.8762289458939043,7.0
-1.1779664363403655,-1.7889624832941877,5.0
-1.1779664363403655,-1.7016960206944713,4.0
-1.1779664363403655,-1.6144295580947547,13.0
-1.1779664363403655,-1.5271630954950384,10.0
-1.1779664363403655,-1.439896632895322,8.0
-1.1779664363403655,-1.3526301702956054,10.0
-1.1779664363403655,-1.2653637076958888,11.0
-1.1779664363403655,-1.1780972450961724,11.0
-1.1779664363403655,-1.090830782496456,9.0
-1.1779664363403655,-1.0035643198967397,13.0
-1.1779664363403655,-0.9162978572970231,4.0
-1.1779664363403655,-0.8290313946973065,5.0
-1.1779664363403655,-0.7417649320975901,10.0
-1.1779664363403655,-0.6544984694978737,8.0
-1.1779664363403655,-0.5672320068981571,11.0
-1.1779664363403655,-0.4799655442984405,7.0
-1.1779664363403655,-0.39269908169872414,8.0
-1.1779664363403655,-0.30543261909900776,9.0
-1.1779664363403655,-0.21816615649929139,5.0
-1.1779664363403655,-0.1308996938995748,8.0
-1.1779664363403655,-0.04363323129985819,6.0
-1.1779664363403655,0.04363323129985819,9.0
-1.1779664363403655,0.13089969389957457,18.0
-1.1779664363403655,0.21816615649929116,14.0
-1.1779664363403655,0.30543261909900776,9.0
-1.1779664363403655,0.39269908169872414,9.0
-1.1779664363403655,0.4799655442984405,5.0
-1.1779664363403655,0.5672320068981569,14.0
-1.1779664363403655,0.6544984694978735,6.0
-1.1779664363403655,0.7417649320975901,13.0
-1.1779664363403655,0.8290313946973065,12.0
-1.1779664363403655,0.9162978572970228,5.0
-1.1779664363403655,1.0035643198967392,6.0
-1.1779664363403655,1.0908307824964556,6.0
-1.1779664363403655,1.178097245096172,9.0
-1.1779664363403655,1.2653637076958888,5.0
-1.1779664363403655,1.3526301702956056,11.0
-1.1779664363403655,1.439896632895322,11.0
-1.1779664363403655,1.5271630954950384,8.0
-1.1779664363403655,1.6144295580947547,11.0
-1.1779664363403655,1.7016960206944711,6.0
-1.1779664363403655,1.7889624832941875,10.0
-1.1779664363403655,1.8762289458939039,12.0
-1.1779664363403655,1.9634954084936203,6.0
-1.1779664363403655,2.050761871093337,5.0
-1.1779664363403655,2.138028333693054,13.0
-1.1779664363403655,2.2252947962927703,6.0
-1.1779664363403655,2.3125612588924866,7.0
-1.1779664363403655,2.399827721492203,13.0
-1.1779664363403655,2.4870941840919194,10.0
-1.1779664363403655,2.574360646691636,5.0
-1.1779664363403655,2.661627109291352,9.0
-1.1779664363403655,2.7488935718910685,6.0
-1.1779664363403655,2.8361600344907854,11.0
-1.1779664363403655,2.923426497090502,3.0
-1.1779664363403655,3.0106929596902186,9.0
-1.1779664363403655,3.097959422289935,11.0
-1.1382336877697936,-3.097959422289935,5.0
-1.1382336877697936,-3.0106929596902186,11.0
-1.1382336877697936,-2.923426497090502,9.0
-1.1382336877697936,-2.8361600344907854,10.0
-1.1382336877697936,-2.748893571891069,6.0
-1.1382336877697936,-2.6616271092913526,11.0
-1.1382336877697936,-2.574360646691636,17.0
-1.1382336877697936,-2.4870941840919194,8.0
-1.1382336877697936,-2.399827721492203,15.0
-1.1382336877697936,-2.3125612588924866,13.0
-1.1382336877697936,-2.2252947962927703,14.0
-1.1382336877697936,-2.138028333693054,12.0
-1.1382336877697936,-2.0507618710933375,7.0
-1.1382336877697936,-1.9634954084936207,13.0
-1.1382336877697936,-1.8762289458939043,12.0
-1.1382336877697936,-1.7889624832941877,14.0
-1.1382336877697936,-1.7016960206944713,10.0
-1.1382336877697936,-1.6144295580947547,12.0
-1.1382336877697936,-1.5271630954950384,8.0
-1.1382336877697936,-1.439896632895322,12.0
-1.1382336877697936,-1.3526301702956054,11.0
-1.1382336877697936,-1.2653637076958888,21.0
-1.1382336877697936,-1.1780972450961724,11.0
-1.1382336877697936,-1.090830782496456,11.0
-1.1382336877697936,-1.0035643198967397,4.0
-1.1382336877697936,-0.9162978572970231,9.0
-1.1382336877697936,-0.8290313946973065,3.0
-1.1382336877697936,-0.7417649320975901,13.0
-1.1382336877697936,-0.6544984694978737,6.0
-1.1382336877697936,-0.5672320068981571,9.0
-1.1382336877697936,-0.4799655442984405,15.0
-1.1382336877697936,-0.39269908169872414,12.0
-1.1382336877697936,-0.30543261909900776,9.0
-1.1382336877697936,-0.21816615649929139,12.0
-1.1382336877697936,-0.1308996938995748,14.0
-1.1382336877697936,-0.04363323129985819,8.0
-1.1382336877697936,0.04363323129985819,8.0
-1.1382336877697936,0.13089969389957457,9.0
-1.1382336877697936,0.21816615649929116,12.0
-1.1382336877697936,0.30543261909900776,11.0
-1.1382336877697936,0.39269908169872414,1.0
-1.1382336877697936,0.4799655442984405,17.0
-1.1382336877697936,0.5672320068981569,13.0
-1.1382336877697936,0.6544984694978735,13.0
-1.1382336877697936,0.7417649320975901,5.0
-1.1382336877697936,0.8290313946973065,8.0
-1.1382336877697936,0.9162978572970228,14.0
-1.1382336877697936,1.0035643198967392,9.0
-1.1382336877697936,1.0908307824964556,4.0
-1.1382336877697936,1.178097245096172,14.0
-1.1382336877697936,1.2653637076958888,11.0
-1.1382336877697936,1.3526301702956056,10.0
-1.1382336877697936,1.439896632895322,12.0
-1.1382336877697936,1.5271630954950384,8.0
-1.1382336877697936,1.6144295580947547,15.0
-1.1382336877697936,1.7016960206944711,11.0
-1.1382336877697936,1.7889624832941875,7.0
-1.1382336877697936,1.8762289458939039,12.0
-1.1382336877697936,1.9634954084936203,5.0
-1.1382336877697936,2.050761871093337,10.0
-1.1382336877697936,2.138028333693054,11.0
-1.1382336877697936,2.2252947962927703,12.0
-1.1382336877697936,2.3125612588924866,13.0
-1.1382336877697936,2.399827721492203,17.0
-1.1382336877697936,2.4870941840919194,14.0
-1.1382336877697936,2.574360646691636,12.0
-1.1382336877697936,2.661627109291352,8.0
-1.1382336877697936,2.7488935718910685,12.0
-1.1382336877697936,2.8361600344907854,8.0
-1.1382336877697936,2.923426497090502,16.0
-1.1382336877697936,3.0106929596902186,15.0
-1.1382336877697936,3.097959422289935,10.0
-1.0985009391992215,-3.097959422289935,11.0
-1.0985009391992215,-3.0106929596902186,8.0
-1.0985009391992215,-2.923426497090502,11.0
-1.0985009391992215,-2.8361600344907854,13.0
-1.0985009391992215,-2.748893571891069,11.0
-1.0985009391992215,-2.6616271092913526,14.0
-1.0985009391992215,-2.574360646691636,10.0
-1.0985009391992215,-2.4870941840919194,10.0
-1.0985009391992215,-2.399827721492203,15.0
-1.0985009391992215,-2.3125612588924866,11.0
-1.0985009391992215,-2.2252947962927703,11.0
-1.0985009391992215,-2.138028333693054,10.0
-1.0985009391992215,-2.0507618710933375,13.0
-1.0985009391992215,-1.9634954084936207,15.0
-1.0985009391992215,-1.8762289458939043,14.0
-1.0985009391992215,-1.7889624832941877,11.0
-1.0985009391992215,-1.7016960206944713,9.0
-1.0985009391992215,-1.6144295580947547,11.0
-1.0985009391992215,-1.5271630954950384,8.0
-1.0985009391992215,-1.439896632895322,13.0
-1.0985009391992215,-1.3526301702956054,12.0
-1.0985009391992215,-1.2653637076958888,13.0
-1.0985009391992215,-1.1780972450961724,9.0
-1.0985009391992215,-1.090830782496456,10.0
-1.0985009391992215,-1.0035643198967397,14.0
-1.0985009391992215,-0.9162978572970231,11.0
-1.0985009391992215,-0.8290313946973065,8.0
-1.0985009391992215,-0.7417649320975901,13.0
-1.0985009391992215,-0.6544984694978737,16.0
-1.0985009391992215,-0.5672320068981571,12.0
-1.0985009391992215,-0.4799655442984405,11.0
-1.0985009391992215,-0.39269908169872414,18.0
-1.0985009391992215,-0.30543261909900776,12.0
-1.0985009391992215,-0.21816615649929139,7.0
-1.0985009391992215,-0.1308996938995748,12.0
-1.0985009391992215,-0.04363323129985819,20.0
-1.0985009391992215,0.04363323129985819,9.0
-1.0985009391992215,0.13089969389957457,10.0
-1.0985009391992215,0.21816615649929116,15.0
-1.0985009391992215,0.30543261909900776,7.0
-1.0985009391992215,0.39269908169872414,12.0
-1.0985009391992215,0.4799655442984405,5.0
-1.0985009391992215,0.5672320068981569,12.0
-1.0985009391992215,0.6544984694978735,6.0
-1.0985009391992215,0.7417649320975901,14.0
-1.0985009391992215,0.8290313946973065,6.0
-1.0985009391992215,0.9162978572970228,12.0
-1.0985009391992215,1.0035643198967392,11.0
-1.0985009391992215,1.0908307824964556,8.0
-1.0985009391992215,1.178097245096172,5.0
-1.0985009391992215,1.2653637076958888,10.0
-1.0985009391992215,1.3526301702956056,17.0
-1.0985009391992215,1.439896632895322,17.0
-1.0985009391992215,1.5271630954950384,14.0
-1.0985009391992215,1.6144295580947547,11.0
-1.0985009391992215,1.7016960206944711,9.0
-1.0985009391992215,1.7889624832941875,8.0
-1.0985009391992215,1.8762289458939039,16.0
-1.0985009391992215,1.9634954084936203,11.0
-1.0985009391992215,2.050761871093337,9.0
-1.0985009391992215,2.138028333693054,9.0
-1.0985009391992215,2.2252947962927703,5.0
-1.0985009391992215,2.3125612588924866,9.0
-1.0985009391992215,2.399827721492203,12.0
-1.0985009391992215,2.4870941840919194,11.0
-1.0985009391992215,2.574360646691636,5.0
-1.0985009391992215,2.661627109291352,8.0
-1.0985009391992215,2.7488935718910685,8.0
-1.0985009391992215,2.8361600344907854,16.0
-1.0985009391992215,2.923426497090502,16.0
-1.0985009391992215,3.0106929596902186,17.0
-1.0985009391992215,3.097959422289935,8.0
-1.0587681906286497,-3.097959422289935,8.0
-1.0587681906286497,-3.0106929596902186,10.0
-1.0587681906286497,-2.923426497090502,15.0
-1.0587681906286497,-2.8361600344907854,14.0
-1.0587681906286497,-2.748893571891069,7.0
-1.0587681906286497,-2.6616271092913526,14.0
-1.0587681906286497,-2.574360646691636,12.0
-1.0587681906286497,-2.4870941840919194,19.0
-1.0587681906286497,-2.399827721492203,11.0
-1.0587681906286497,-2.3125612588924866,11.0
-1.0587681906286497,-2.2252947962927703,21.0
-1.0587681906286497,-2.138028333693054,13.0
-1.0587681906286497,-2.0507618710933375,12.0
-1.0587681906286497,-1.9634954084936207,13.0
-1.0587681906286497,-1.8762289458939043,10.0
-1.0587681906286497,-1.7889624832941877,8.0
-1.0587681906286497,-1.7016960206944713,9.0
-1.0587681906286497,-1.6144295580947547,19.0
-1.0587681906286497,-1.5271630954950384,8.0
-1.0587681906286497,-1.439896632895322,17.0
-1.0587681906286497,-1.3526301702956054,14.0
-1.0587681906286497,-1.2653637076958888,14.0
-1.0587681906286497,-1.1780972450961724,10.0
-1.0587681906286497,-1.090830782496456,12.0
-1.0587681906286497,-1.0035643198967397,8.0
-1.0587681906286497,-0.9162978572970231,10.0
-1.0587681906286497,-0.8290313946973065,11.0
-1.0587681906286497,-0.7417649320975901,15.0
-1.0587681906286497,-0.6544984694978737,10.0
-1.0587681906286497,-0.5672320068981571,18.0
-1.0587681906286497,-0.4799655442984405,9.0
-1.0587681906286497,-0.39269908169872414,18.0
-1.0587681906286497,-0.30543261909900776,10.0
-1.0587681906286497,-0.21816615649929139,14.0
-1.0587681906286497,-0.1308996938995748,12.0
-1.0587681906286497,-0.04363323129985819,15.0
-1.0587681906286497,0.04363323129985819,12.0
-1.0587681906286497,0.13089969389957457,10.0
-1.0587681906286497,0.21816615649929116,18.0
-1.0587681906286497,0.30543261909900776,6.0
-1.0587681906286497,0.39269908169872414,10.0
-1.0587681906286497,0.4799655442984405,18.0
-1.0587681906286497,0.5672320068981569,12.0
-1.0587681906286497,0.6544984694978735,11.0
-1.0587681906286497,0.7417649320975901,19.0
-1.0587681906286497,0.8290313946973065,15.0
-1.0587681906286497,0.9162978572970228,13.0
-1.0587681906286497,1.0035643198967392,14.0
-1.0587681906286497,1.0908307824964556,19.0
-1.0587681906286497,1.178097245096172,13.0
-1.0587681906286497,1.2653637076958888,14.0
-1.0587681906286497,1.3526301702956056,10.0
-1.0587681906286497,1.439896632895322,12.0
-1.0587681906286497,1.5271630954950384,17.0
-1.0587681906286497,1.6144295580947547,16.0
-1.0587681906286497,1.7016960206944711,15.0
-1.0587681906286497,1.7889624832941875,9.0
-1.0587681906286497,1.8762289458939039,12.0
-1.0587681906286497,1.9634954084936203,12.0
-1.0587681906286497,2.050761871093337,7.0
-1.0587681906286497,2.138028333693054,7.0
-1.0587681906286497,2.2252947962927703,4.0
-1.0587681906286497,2.3125612588924866,14.0
-1.0587681906286497,2.399827721492203,18.0
-1.0587681906286497,2.4870941840919194,19.0
-1.0587681906286497,2.574360646691636,22.0
-1.0587681906286497,2.661627109291352,11.0
-1.0587681906286497,2.7488935718910685,16.0
-1.0587681906286497,2.8361600344907854,10.0
-1.0587681906286497,2.923426497090502,12.0
-1.0587681906286497,3.0106929596902186,14.0
-1.0587681906286497,3.097959422289935,15.0
-1.0190354420580776,-3.097959422289935,19.0
-1.0190354420580776,-3.0106929596902186,15.0
-1.0190354420580776,-2.923426497090502,17.0
-1.0190354420580776,-2.8361600344907854,10.0
-1.0190354420580776,-2.748893571891069,10.0
-1.0190354420580776,-2.6616271092913526,11.0
-1.0190354420580776,-2.574360646691636,10.0
-1.0190354420580776,-2.4870941840919194,11.0
-1.0190354420580776,-2.399827721492203,13.0
-1.0190354420580776,-2.3125612588924866,11.0
-1.0190354420580776,-2.2252947962927703,14.0
-1.0190354420580776,-2.138028333693054,6.0
-1.0190354420580776,-2.0507618710933375,15.0
-1.0190354420580776,-1.9634954084936207,16.0
-1.0190354420580776,-1.8762289458939043,13.0
-1.0190354420580776,-1.7889624832941877,16.0
-1.0190354420580776,-1.7016960206944713,13.0
-1.0190354420580776,-1.6144295580947547,10.0
-1.0190354420580776,-1.5271630954950384,18.0
-1.0190354420580776,-1.439896632895322,7.0
-1.0190354420580776,-1.3526301702956054,8.0
-1.0190354420580776,-1.2653637076958888,8.0
-1.0190354420580776,-1.1780972450961724,19.0
-1.0190354420580776,-1.090830782496456,17.0
-1.0190354420580776,-1.0035643198967397,16.0
-1.0190354420580776,-0.9162978572970231,14.0
-1.0190354420580776,-0.8290313946973065,10.0
-1.0190354420580776,-0.7417649320975901,11.0
-1.0190354420580776,-0.6544984694978737,11.0
-1.0190354420580776,-0.5672320068981571,9.0
-1.0190354420580776,-0.4799655442984405,12.0
-1.0190354420580776,-0.39269908169872414,16.0
-1.0190354420580776,-0.30543261909900776,6.0
-1.0190354420580776,-0.21816615649929139,18.0
-1.0190354420580776,-0.1308996938995748,19.0
-1.0190354420580776,-0.04363323129985819,10.0
-1.0190354420580776,0.04363323129985819,17.0
-1.0190354420580776,0.13089969389957457,13.0
-1.0190354420580776,0.21816615649929116,12.0
-1.0190354420580776,0.30543261909900776,17.0
-1.0190354420580776,0.39269908169872414,19.0
-1.0190354420580776,0.4799655442984405,18.0
-1.0190354420580776,0.5672320068981569,14.0
-1.0190354420580776,0.6544984694978735,15.0
-1.0190354420580776,0.7417649320975901,15.0
-1.0190354420580776,0.8290313946973065,7.0
-1.0190354420580776,0.9162978572970228,18.0
-1.0190354420580776,1.0035643198967392,17.0
-1.0190354420580776,1.0908307824964556,13.0
-1.0190354420580776,1.178097245096172,21.0
-1.0190354420580776,1.2653637076958888,13.0
-1.0190354420580776,1.3526301702956056,14.0
-1.0190354420580776,1.439896632895322,11.0
-1.0190354420580776,1.5271630954950384,20.0
-1.0190354420580776,1.6144295580947547,19.0
-1.0190354420580776,1.7016960206944711,10.0
-1.0190354420580776,1.7889624832941875,14.0
-1.0190354420580776,1.8762289458939039,12.0
-1.0190354420580776,1.9634954084936203,6.0
-1.0190354420580776,2.050761871093337,21.0
-1.0190354420580776,2.138028333693054,6.0
-1.0190354420580776,2.2252947962927703,13.0
-1.0190354420580776,2.3125612588924866,13.0
-1.0190354420580776,2.399827721492203,14.0
-1.0190354420580776,2.4870941840919194,15.0
-1.0190354420580776,2.574360646691636,22.0
-1.0190354420580776,2.661627109291352,12.0
-1.0190354420580776,2.7488935718910685,16.0
-1.0190354420580776,2.8361600344907854,13.0
-1.0190354420580776,2.923426497090502,12.0
-1.0190354420580776,3.0106929596902186,21.0
-1.0190354420580776,3.097959422289935,17.0
-0.9793026934875058,-3.097959422289935,19.0
-0.9793026934875058,-3.0106929596902186,20.0
-0.9793026934875058,-2.923426497090502,16.0
-0.9793026934875058,-2.8361600344907854,10.0
-0.9793026934875058,-2.748893571891069,17.0
-0.9793026934875058,-2.6616271092913526,9.0
-0.9793026934875058,-2.574360646691636,13.0
-0.9793026934875058,-2.4870941840919194,13.0
-0.9793026934875058,-2.399827721492203,14.0
-0.9793026934875058,-2.3125612588924866,18.0
-0.9793026934875058,-2.2252947962927703,15.0
-0.9793026934875058,-2.138028333693054,16.0
-0.9793026934875058,-2.0507618710933375,22.0
-0.9793026934875058,-1.9634954084936207,17.0
-0.9793026934875058,-1.8762289458939043,12.0
-0.9793026934875058,-1.7889624832941877,13.0
-0.9793026934875058,-1.7016960206944713,14.0
-0.9793026934875058,-1.6144295580947547,13.0
-0.9793026934875058,-1.5271630954950384,13.0
-0.9793026934875058,-1.439896632895322,16.0
-0.9793026934875058,-1.3526301702956054,12.0
-0.9793026934875058,-1.2653637076958888,19.0
-0.9793026934875058,-1.1780972450961724,21.0
-0.9793026934875058,-1.090830782496456,19.0
-0.9793026934875058,-1.0035643198967397,17.0
-0.9793026934875058,-0.9162978572970231,13.0
-0.9793026934875058,-0.8290313946973065,13.0
-0.9793026934875058,-0.7417649320975901,11.0
-0.9793026934875058,-0.6544984694978737,10.0
-0.9793026934875058,-0.5672320068981571,14.0
-0.9793026934875058,-0.4799655442984405,13.0
-0.9793026934875058,-0.39269908169872414,13.0
-0.9793026934875058,-0.30543261909900776,14.0
-0.9793026934875058,-0.21816615649929139,20.0
-0.9793026934875058,-0.1308996938995748,13.0
-0.9793026934875058,-0.04363323129985819,24.0
-0.9793026934875058,0.04363323129985819,19.0
-0.9793026934875058,0.13089969389957457,11.0
-0.9793026934875058,0.21816615649929116,17.0
-0.9793026934875058,0.30543261909900776,18.0
-0.9793026934875058,0.39269908169872414,10.0
-0.9793026934875058,0.4799655442984405,13.0
-0.9793026934875058,0.5672320068981569,26.0
-0.9793026934875058,0.6544984694978735,17.0
-0.9793026934875058,0.7417649320975901,18.0
-0.9793026934875058,0.8290313946973065,18.0
-0.9793026934875058,0.9162978572970228,17.0
-0.9793026934875058,1.0035643198967392,21.0
-0.9793026934875058,1.0908307824964556,11.0
-0.9793026934875058,1.178097245096172,12.0
-0.9793026934875058,1.2653637076958888,20.0
-0.9793026934875058,1.3526301702956056,17.0
-0.9793026934875058,1.439896632895322,24.0
-0.9793026934875058,1.5271630954950384,15.0
-0.9793026934875058,1.6144295580947547,11.0
-0.9793026934875058,1.7016960206944711,11.0
-0.9793026934875058,1.7889624832941875,15.0
-0.9793026934875058,1.8762289458939039,11.0
-0.9793026934875058,1.9634954084936203,20.0
-0.9793026934875058,2.050761871093337,22.0
-0.9793026934875058,2.138028333693054,17.0
-0.9793026934875058,2.2252947962927703,20.0
-0.9793026934875058,2.3125612588924866,20.0
-0.9793026934875058,2.399827721492203,14.0
-0.9793026934875058,2.4870941840919194,15.0
-0.9793026934875058,2.574360646691636,14.0
-0.9793026934875058,2.661627109291352,23.0
-0.9793026934875058,2.7488935718910685,18.0
-0.9793026934875058,2.8361600344907854,19.0
-0.9793026934875058,2.923426497090502,14.0
-0.9793026934875058,3.0106929596902186,15.0
-0.9793026934875058,3.097959422289935,11.0
-0.9395699449169337,-3.097959422289935,17.0
-0.9395699449169337,-3.0106929596902186,12.0
-0.9395699449169337,-2.923426497090502,21.0
-0.9395699449169337,-2.8361600344907854,19.0
-0.9395699449169337,-2.748893571891069,10.0
-0.9395699449169337,-2.6616271092913526,15.0
-0.9395699449169337,-2.574360646691636,17.0
-0.9395699449169337,-2.4870941840919194,22.0
-0.9395699449169337,-2.399827721492203,19.0
-0.9395699449169337,-2.3125612588924866,16.0
-0.9395699449169337,-2.2252947962927703,26.0
-0.9395699449169337,-2.138028333693054,14.0
-0.9395699449169337,-2.0507618710933375,12.0
-0.9395699449169337,-1.9634954084936207,19.0
-0.9395699449169337,-1.8762289458939043,17.0
-0.9395699449169337,-1.7889624832941877,20.0
-0.9395699449169337,-1.7016960206944713,20.0
-0.9395699449169337,-1.6144295580947547,21.0
-0.9395699449169337,-1.5271630954950384,15.0
-0.9395699449169337,-1.439896632895322,15.0
-0.9395699449169337,-1.3526301702956054,15.0
-0.9395699449169337,-1.2653637076958888,16.0
-0.9395699449169337,-1.1780972450961724,16.0
-0.9395699449169337,-1.090830782496456,10.0
-0.9395699449169337,-1.0035643198967397,13.0
-0.9395699449169337,-0.9162978572970231,16.0
-0.9395699449169337,-0.8290313946973065,24.0
-0.9395699449169337,-0.7417649320975901,21.0
-0.9395699449169337,-0.6544984694978737,17.0
-0.9395699449169337,-0.5672320068981571,18.0
-0.9395699449169337,-0.4799655442984405,18.0
-0.9395699449169337,-0.39269908169872414,16.0
-0.9395699449169337,-0.30543261909900776,15.0
-0.9395699449169337,-0.21816615649929139,16.0
-0.9395699449169337,-0.1308996938995748,19.0
-0.9395699449169337,-0.04363323129985819,17.0
-0.9395699449169337,0.04363323129985819,15.0
-0.9395699449169337,0.13089969389957457,14.0
-0.9395699449169337,0.21816615649929116,12.0
-0.9395699449169337,0.30543261909900776,17.0
-0.9395699449169337,0.39269908169872414,12.0
-0.9395699449169337,0.4799655442984405,19.0
-0.9395699449169337,0.5672320068981569,20.0
-0.9395699449169337,0.6544984694978735,8.0
-0.9395699449169337,0.7417649320975901,16.0
-0.9395699449169337,0.8290313946973065,16.0
-0.9395699449169337,0.9162978572970228,21.0
-0.9395699449169337,1.0035643198967392,17.0
-0.9395699449169337,1.0908307824964556,26.0
-0.9395699449169337,1.178097245096172,9.0
-0.9395699449169337,1.2653637076958888,28.0
-0.9395699449169337,1.3526301702956056,13.0
-0.9395699449169337,1.439896632895322,14.0
-0.9395699449169337,1.5271630954950384,15.0
-0.9395699449169337,1.6144295580947547,21.0
-0.9395699449169337,1.7016960206944711,16.0
-0.9395699449169337,1.7889624832941875,22.0
-0.9395699449169337,1.8762289458939039,17.0
-0.9395699449169337,1.9634954084936203,13.0
-0.9395699449169337,2.050761871093337,18.0
-0.9395699449169337,2.138028333693054,18.0
-0.9395699449169337,2.2252947962927703,18.0
-0.9395699449169337,2.3125612588924866,17.0
-0.9395699449169337,2.399827721492203,19.0
-0.9395699449169337,2.4870941840919194,17.0
-0.9395699449169337,2.574360646691636,17.0
-0.9395699449169337,2.661627109291352,19.0
-0.9395699449169337,2.7488935718910685,20.0
-0.9395699449169337,2.8361600344907854,21.0
-0.9395699449169337,2.923426497090502,15.0
-0.9395699449169337,3.0106929596902186,11.0
-0.9395699449169337,3.097959422289935,20.0
-0.8998371963463618,-3.097959422289935,17.0
-0.8998371963463618,-3.0106929596902186,18.0
-0.8998371963463618,-2.923426497090502,25.0
-0.8998371963463618,-2.8361600344907854,27.0
-0.8998371963463618,-2.748893571891069,13.0
-0.8998371963463618,-2.6616271092913526,22.0
-0.8998371963463618,-2.574360646691636,23.0
-0.8998371963463618,-2.4870941840919194,20.0
-0.8998371963463618,-2.399827721492203,14.0
-0.8998371963463618,-2.3125612588924866,18.0
-0.8998371963463618,-2.2252947962927703,13.0
-0.8998371963463618,-2.138028333693054,12.0
-0.8998371963463618,-2.0507618710933375,15.0
-0.8998371963463618,-1.9634954084936207,16.0
-0.8998371963463618,-1.8762289458939043,16.0
-0.8998371963463618,-1.7889624832941877,11.0
-0.8998371963463618,-1.7016960206944713,18.0
-0.8998371963463618,-1.6144295580947547,18.0
-0.8998371963463618,-1.5271630954950384,18.0
-0.8998371963463618,-1.439896632895322,19.0
-0.8998371963463618,-1.3526301702956054,16.0
-0.8998371963463618,-1.2653637076958888,18.0
-0.8998371963463618,-1.1780972450961724,16.0
-0.8998371963463618,-1.090830782496456,13.0
-0.8998371963463618,-1.0035643198967397,15.0
-0.8998371963463618,-0.9162978572970231,27.0
-0.8998371963463618,-0.8290313946973065,17.0
-0.8998371963463618,-0.7417649320975901,19.0
-0.8998371963463618,-0.6544984694978737,16.0
-0.8998371963463618,-0.5672320068981571,14.0
-0.8998371963463618,-0.4799655442984405,20.0
-0.8998371963463618,-0.39269908169872414,17.0
-0.8998371963463618,-0.30543261909900776,15.0
-0.8998371963463618,-0.21816615649929139,19.0
-0.8998371963463618,-0.1308996938995748,18.0
-0.8998371963463618,-0.04363323129985819,19.0
-0.8998371963463618,0.04363323129985819,18.0
-0.8998371963463618,0.13089969389957457,18.0
-0.8998371963463618,0.21816615649929116,25.0
-0.8998371963463618,0.30543261909900776,10.0
-0.8998371963463618,0.39269908169872414,28.0
-0.8998371963463618,0.4799655442984405,14.0
-0.8998371963463618,0.5672320068981569,16.0
-0.8998371963463618,0.6544984694978735,14.0
-0.8998371963463618,0.7417649320975901,19.0
-0.8998371963463618,0.8290313946973065,18.0
-0.8998371963463618,0.9162978572970228,12.0
-0.8998371963463618,1.0035643198967392,8.0
-0.8998371963463618,1.0908307824964556,20.0
-0.8998371963463618,1.178097245096172,7.0
-0.8998371963463618,1.2653637076958888,21.0
-0.8998371963463618,1.3526301702956056,16.0
-0.8998371963463618,1.439896632895322,13.0
-0.8998371963463618,1.5271630954950384,17.0
-0.8998371963463618,1.6144295580947547,30.0
-0.8998371963463618,1.7016960206944711,17.0
-0.8998371963463618,1.7889624832941875,19.0
-0.8998371963463618,1.8762289458939039,23.0
-0.8998371963463618,1.9634954084936203,14.0
-0.8998371963463618,2.050761871093337,15.0
-0.8998371963463618,2.138028333693054,17.0
-0.8998371963463618,2.2252947962927703,23.0
-0.8998371963463618,2.3125612588924866,18.0
-0.8998371963463618,2.399827721492203,20.0
-0.8998371963463618,2.4870941840919194,24.0
-0.8998371963463618,2.574360646691636,17.0
-0.8998371963463618,2.661627109291352,14.0
-0.8998371963463618,2.7488935718910685,19.0
-0.8998371963463618,2.8361600344907854,18.0
-0.8998371963463618,2.923426497090502,17.0
-0.8998371963463618,3.0106929596902186,19.0
-0.8998371963463618,3.097959422289935,17.0
-0.8601044477757898,-3.097959422289935,15.0
-0.8601044477757898,-3.0106929596902186,17.0
-0.8601044477757898,-2.923426497090502,15.0
-0.8601044477757898,-2.8361600344907854,22.0
-0.8601044477757898,-2.748893571891069,21.0
-0.8601044477757898,-2.6616271092913526,11.0
-0.8601044477757898,-2.574360646691636,14.0
-0.8601044477757898,-2.4870941840919194,29.0
-0.8601044477757898,-2.399827721492203,20.0
-0.8601044477757898,-2.3125612588924866,12.0
-0.8601044477757898,-2.2252947962927703,26.0
-0.8601044477757898,-2.138028333693054,18.0
-0.8601044477757898,-2.0507618710933375,30.0
-0.8601044477757898,-1.9634954084936207,19.0
-0.8601044477757898,-1.8762289458939043,17.0
-0.8601044477757898,-1.7889624832941877,20.0
-0.8601044477757898,-1.7016960206944713,13.0
-0.8601044477757898,-1.6144295580947547,15.0
-0.8601044477757898,-1.5271630954950384,16.0
-0.8601044477757898,-1.439896632895322,17.0
-0.8601044477757898,-1.3526301702956054,13.0
-0.8601044477757898,-1.2653637076958888,15.0
-0.8601044477757898,-1.1780972450961724,12.0
-0.8601044477757898,-1.090830782496456,18.0
-0.8601044477757898,-1.0035643198967397,16.0
-0.8601044477757898,-0.9162978572970231,20.0
-0.8601044477757898,-0.8290313946973065,22.0
-0.8601044477757898,-0.7417649320975901,22.0
-0.8601044477757898,-0.6544984694978737,20.0
-0.8601044477757898,-0.5672320068981571,18.0
-0.8601044477757898,-0.4799655442984405,19.0
-0.8601044477757898,-0.39269908169872414,15.0
-0.8601044477757898,-0.30543261909900776,28.0
-0.8601044477757898,-0.21816615649929139,27.0
-0.8601044477757898,-0.1308996938995748,18.0
-0.8601044477757898,-0.04363323129985819,18.0
-0.8601044477757898,0.04363323129985819,16.0
-0.8601044477757898,0.13089969389957457,17.0
-0.8601044477757898,0.21816615649929116,16.0
-0.8601044477757898,0.30543261909900776,18.0
-0.8601044477757898,0.39269908169872414,23.0
-0.8601044477757898,0.4799655442984405,14.0
-0.8601044477757898,0.5672320068981569,17.0
-0.8601044477757898,0.6544984694978735,19.0
-0.8601044477757898,0.7417649320975901,17.0
-0.8601044477757898,0.8290313946973065,17.0
-0.8601044477757898,0.9162978572970228,18.0
-0.8601044477757898,1.0035643198967392,23.0
-0.8601044477757898,1.0908307824964556,22.0
-0.8601044477757898,1.178097245096172,22.0
-0.8601044477757898,1.2653637076958888,21.0
-0.8601044477757898,1.3526301702956056,18.0
-0.8601044477757898,1.439896632895322,15.0
-0.8601044477757898,1.5271630954950384,28.0
-0.8601044477757898,1.6144295580947547,20.0
-0.8601044477757898,1.7016960206944711,20.0
-0.8601044477757898,1.7889624832941875,12.0
-0.8601044477757898,1.8762289458939039,14.0
-0.8601044477757898,1.9634954084936203,20.0
-0.8601044477757898,2.050761871093337,18.0
-0.8601044477757898,2.138028333693054,20.0
-0.8601044477757898,2.2252947962927703,18.0
-0.8601044477757898,2.3125612588924866,18.0
-0.8601044477757898,2.399827721492203,15.0
-0.8601044477757898,2.4870941840919194,21.0
-0.8601044477757898,2.574360646691636,20.0
-0.8601044477757898,2.661627109291352,21.0
-0.8601044477757898,2.7488935718910685,15.0
-0.8601044477757898,2.8361600344907854,21.0
-0.8601044477757898,2.923426497090502,15.0
-0.8601044477757898,3.0106929596902186,23.0
-0.8601044477757898,3.097959422289935,24.0
-0.8203716992052179,-3.097959422289935,18.0
-0.8203716992052179,-3.0106929596902186,20.0
-0.8203716992052179,-2.923426497090502,22.0
-0.8203716992052179,-2.8361600344907854,19.0
-0.8203716992052179,-2.748893571891069,21.0
-0.8203716992052179,-2.6616271092913526,23.0
-0.8203716992052179,-2.574360646691636,17.0
-0.8203716992052179,-2.4870941840919194,19.0
-0.8203716992052179,-2.399827721492203,18.0
-0.8203716992052179,-2.3125612588924866,16.0
-0.8203716992052179,-2.2252947962927703,11.0
-0.8203716992052179,-2.138028333693054,12.0
-0.8203716992052179,-2.0507618710933375,17.0
-0.8203716992052179,-1.9634954084936207,18.0
-0.8203716992052179,-1.8762289458939043,19.0
-0.8203716992052179,-1.7889624832941877,19.0
-0.8203716992052179,-1.7016960206944713,17.0
-0.8203716992052179,-1.6144295580947547,18.0
-0.8203716992052179,-1.5271630954950384,25.0
-0.8203716992052179,-1.439896632895322,15.0
-0.8203716992052179,-1.3526301702956054,17.0
-0.8203716992052179,-1.2653637076958888,15.0
-0.8203716992052179,-1.1780972450961724,12.0
-0.8203716992052179,-1.090830782496456,19.0
-0.8203716992052179,-1.0035643198967397,13.0
-0.8203716992052179,-0.9162978572970231,21.0
-0.8203716992052179,-0.8290313946973065,24.0
-0.8203716992052179,-0.7417649320975901,19.0
-0.8203716992052179,-0.6544984694978737,26.0
-0.8203716992052179,-0.5672320068981571,17.0
-0.8203716992052179,-0.4799655442984405,21.0
-0.8203716992052179,-0.39269908169872414,22.0
-0.8203716992052179,-0.30543261909900776,22.0
-0.8203716992052179,-0.21816615649929139,21.0
-0.8203716992052179,-0.1308996938995748,16.0
-0.8203716992052179,-0.04363323129985819,17.0
-0.8203716992052179,0.04363323129985819,18.0
-0.8203716992052179,0.13089969389957457,27.0
-0.8203716992052179,0.21816615649929116,22.0
-0.8203716992052179,0.30543261909900776,29.0
-0.8203716992052179,0.39269908169872414,16.0
-0.8203716992052179,0.4799655442984405,18.0
-0.8203716992052179,0.5672320068981569,17.0
-0.8203716992052179,0.6544984694978735,13.0
-0.8203716992052179,0.7417649320975901,22.0
-0.8203716992052179,0.8290313946973065,15.0
-0.8203716992052179,0.9162978572970228,26.0
-0.8203716992052179,1.0035643198967392,26.0
-0.8203716992052179,1.0908307824964556,15.0
-0.8203716992052179,1.178097245096172,23.0
-0.8203716992052179,1.2653637076958888,21.0
-0.8203716992052179,1.3526301702956056,22.0
-0.8203716992052179,1.439896632895322,22.0
-0.8203716992052179,1.5271630954950384,15.0
-0.8203716992052179,1.6144295580947547,18.0
-0.8203716992052179,1.7016960206944711,17.0
-0.8203716992052179,1.7889624832941875,19.0
-0.8203716992052179,1.8762289458939039,15.0
-0.8203716992052179,1.9634954084936203,28.0
-0.8203716992052179,2.050761871093337,28.0
-0.8203716992052179,2.138028333693054,18.0
-0.8203716992052179,2.2252947962927703,22.0
-0.8203716992052179,2.3125612588924866,12.0
-0.8203716992052179,2.399827721492203,25.0
-0.8203716992052179,2.4870941840919194,26.0
-0.8203716992052179,2.574360646691636,28.0
-0.8203716992052179,2.661627109291352,16.0
-0.8203716992052179,2.7488935718910685,26.0
-0.8203716992052179,2.8361600344907854,22.0
-0.8203716992052179,2.923426497090502,20.0
-0.8203716992052179,3.0106929596902186,24.0
-0.8203716992052179,3.097959422289935,21.0
-0.780638950634646,-3.097959422289935,24.0
-0.780638950634646,-3.0106929596902186,23.0
-0.780638950634646,-2.923426497090502,23.0
-0.780638950634646,-2.8361600344907854,25.0
-0.780638950634646,-2.748893571891069,13.0
-0.780638950634646,-2.6616271092913526,26.0
-0.780638950634646,-2.574360646691636,25.0
-0.780638950634646,-2.4870941840919194,38.0
-0.780638950634646,-2.399827721492203,25.0
-0.780638950634646,-2.3125612588924866,14.0
-0.780638950634646,-2.2252947962927703,23.0
-0.780638950634646,-2.138028333693054,18.0
-0.780638950634646,-2.0507618710933375,24.0
-0.780638950634646,-1.9634954084936207,20.0
-0.780638950634646,-1.8762289458939043,26.0
-0.780638950634646,-1.7889624832941877,25.0
-0.780638950634646,-1.7016960206944713,19.0
-0.780638950634646,-1.6144295580947547,16.0
-0.780638950634646,-1.5271630954950384,19.0
-0.780638950634646,-1.439896632895322,29.0
-0.780638950634646,-1.3526301702956054,28.0
-0.780638950634646,-1.2653637076958888,28.0
-0.780638950634646,-1.1780972450961724,28.0
-0.780638950634646,-1.090830782496456,24.0
-0.780638950634646,-1.0035643198967397,19.0
-0.780638950634646,-0.9162978572970231,18.0
-0.780638950634646,-0.8290313946973065,23.0
-0.780638950634646,-0.7417649320975901,18.0
-0.780638950634646,-0.6544984694978737,27.0
-0.780638950634646,-0.5672320068981571,27.0
-0.780638950634646,-0.4799655442984405,16.0
-0.780638950634646,-0.39269908169872414,26.0
-0.780638950634646,-0.30543261909900776,21.0
-0.780638950634646,-0.21816615649929139,15.0
-0.780638950634646,-0.1308996938995748,18.0
-0.780638950634646,-0.04363323129985819,23.0
-0.780638950634646,0.04363323129985819,18.0
-0.780638950634646,0.13089969389957457,22.0
-0.780638950634646,0.21816615649929116,31.0
-0.780638950634646,0.30543261909900776,21.0
-0.780638950634646,0.39269908169872414,20.0
-0.780638950634646,0.4799655442984405,22.0
-0.780638950634646,0.5672320068981569,30.0
-0.780638950634646,0.6544984694978735,16.0
-0.780638950634646,0.7417649320975901,17.0
-0.780638950634646,0.8290313946973065,18.0
-0.780638950634646,0.9162978572970228,20.0
-0.780638950634646,1.0035643198967392,25.0
-0.780638950634646,1.0908307824964556,14.0
-0.780638950634646,1.178097245096172,18.0
-0.780638950634646,1.2653637076958888,15.0
-0.780638950634646,1.3526301702956056,21.0
-0.780638950634646,1.439896632895322,21.0
-0.780638950634646,1.5271630954950384,23.0
-0.780638950634646,1.6144295580947547,22.0
-0.780638950634646,1.7016960206944711,24.0
-0.780638950634646,1.7889624832941875,24.0
-0.780638950634646,1.8762289458939039,18.0
-0.780638950634646,1.9634954084936203,24.0
-0.780638950634646,2.050761871093337,25.0
-0.780638950634646,2.138028333693054,22.0
-0.780638950634646,2.2252947962927703,26.0
-0.780638950634646,2.3125612588924866,26.0
-0.780638950634646,2.399827721492203,23.0
-0.780638950634646,2.4870941840919194,19.0
-0.780638950634646,2.574360646691636,22.0
-0.780638950634646,2.661627109291352,16.0
-0.780638950634646,2.7488935718910685,22.0
-0.780638950634646,2.8361600344907854,22.0
-0.780638950634646,2.923426497090502,23.0
-0.780638950634646,3.0106929596902186,23.0
-0.780638950634646,3.097959422289935,22.0
-0.740906202064074,-3.097959422289935,22.0
-0.740906202064074,-3.0106929596902186,18.0
-0.740906202064074,-2.923426497090502,19.0
-0.740906202064074,-2.8361600344907854,20.0
-0.740906202064074,-2.748893571891069,24.0
-0.740906202064074,-2.6616271092913526,14.0
-0.740906202064074,-2.574360646691636,32.0
-0.740906202064074,-2.4870941840919194,26.0
-0.740906202064074,-2.399827721492203,20.0
-0.740906202064074,-2.3125612588924866,29.0
-0.740906202064074,-2.2252947962927703,23.0
-0.740906202064074,-2.138028333693054,22.0
-0.740906202064074,-2.0507618710933375,23.0
-0.740906202064074,-1.9634954084936207,23.0
-0.740906202064074,-1.8762289458939043,27.0
-0.740906202064074,-1.7889624832941877,30.0
-0.740906202064074,-1.7016960206944713,24.0
-0.740906202064074,-1.6144295580947547,24.0
-0.740906202064074,-1.5271630954950384,29.0
-0.740906202064074,-1.439896632895322,36.0
-0.740906202064074,-1.3526301702956054,23.0
-0.740906202064074,-1.2653637076958888,20.0
-0.740906202064074,-1.1780972450961724,18.0
-0.740906202064074,-1.090830782496456,22.0
-0.740906202064074,-1.0035643198967397,26.0
-0.740906202064074,-0.9162978572970231,25.0
-0.740906202064074,-0.8290313946973065,27.0
-0.740906202064074,-0.7417649320975901,24.0
-0.740906202064074,-0.6544984694978737,20.0
-0.740906202064074,-0.5672320068981571,23.0
-0.740906202064074,-0.4799655442984405,32.0
-0.740906202064074,-0.39269908169872414,29.0
-0.740906202064074,-0.30543261909900776,17.0
-0.740906202064074,-0.21816615649929139,29.0
-0.740906202064074,-0.1308996938995748,24.0
-0.740906202064074,-0.04363323129985819,25.0
-0.740906202064074,0.04363323129985819,24.0
-0.740906202064074,0.13089969389957457,27.0
-0.740906202064074,0.21816615649929116,20.0
-0.740906202064074,0.30543261909900776,23.0
-0.740906202064074,0.39269908169872414,27.0
-0.740906202064074,0.4799655442984405,19.0
-0.740906202064074,0.5672320068981569,22.0
-0.740906202064074,0.6544984694978735,18.0
-0.740906202064074,0.7417649320975901,29.0
-0.740906202064074,0.8290313946973065,27.0
-0.740906202064074,0.9162978572970228,28.0
-0.740906202064074,1.0035643198967392,33.0
-0.740906202064074,1.0908307824964556,24.0
-0.740906202064074,1.178097245096172,30.0
-0.740906202064074,1.2653637076958888,19.0
-0.740906202064074,1.3526301702956056,25.0
-0.740906202064074,1.439896632895322,26.0
-0.740906202064074,1.5271630954950384,21.0
-0.740906202064074,1.6144295580947547,28.0
-0.740906202064074,1.7016960206944711,22.0
-0.740906202064074,1.7889624832941875,24.0
-0.740906202064074,1.8762289458939039,27.0
-0.740906202064074,1.9634954084936203,28.0
-0.740906202064074,2.050761871093337,22.0
-0.740906202064074,2.138028333693054,21.0
-0.740906202064074,2.2252947962927703,28.0
-0.740906202064074,2.3125612588924866,25.0
-0.740906202064074,2.399827721492203,24.0
-0.740906202064074,2.4870941840919194,27.0
-0.740906202064074,2.574360646691636,29.0
-0.740906202064074,2.661627109291352,24.0
-0.740906202064074,2.7488935718910685,28.0
-0.740906202064074,2.8361600344907854,22.0
-0.740906202064074,2.923426497090502,31.0
-0.740906202064074,3.0106929596902186,28.0
-0.740906202064074,3.097959422289935,26.0
-0.7011734534935021,-3.097959422289935,27.0
-0.7011734534935021,-3.0106929596902186,26.0
-0.7011734534935021,-2.923426497090502,18.0
-0.7011734534935021,-2.8361600344907854,22.0
-0.7011734534935021,-2.748893571891069,30.0
-0.7011734534935021,-2.6616271092913526,19.0
-0.7011734534935021,-2.574360646691636,28.0
-0.7011734534935021,-2.4870941840919194,26.0
-0.7011734534935021,-2.399827721492203,21.0
-0.7011734534935021,-2.3125612588924866,21.0
-0.7011734534935021,-2.2252947962927703,27.0
-0.7011734534935021,-2.138028333693054,28.0
-0.7011734534935021,-2.0507618710933375,21.0
-0.7011734534935021,-1.9634954084936207,18.0
-0.7011734534935021,-1.8762289458939043,23.0
-0.7011734534935021,-1.7889624832941877,31.0
-0.7011734534935021,-1.7016960206944713,22.0
-0.7011734534935021,-1.6144295580947547,28.0
-0.7011734534935021,-1.5271630954950384,25.0
-0.7011734534935021,-1.439896632895322,23.0
-0.7011734534935021,-1.3526301702956054,17.0
-0.7011734534935021,-1.2653637076958888,25.0
-0.7011734534935021,-1.1780972450961724,17.0
-0.7011734534935021,-1.090830782496456,17.0
-0.7011734534935021,-1.0035643198967397,33.0
-0.7011734534935021,-0.9162978572970231,36.0
-0.7011734534935021,-0.8290313946973065,30.0
-0.7011734534935021,-0.7417649320975901,27.0
-0.7011734534935021,-0.6544984694978737,26.0
-0.7011734534935021,-0.5672320068981571,12.0
-0.7011734534935021,-0.4799655442984405,28.0
-0.7011734534935021,-0.39269908169872414,26.0
-0.7011734534935021,-0.30543261909900776,26.0
-0.7011734534935021,-0.21816615649929139,30.0
-0.7011734534935021,-0.1308996938995748,24.0
-0.7011734534935021,-0.04363323129985819,24.0
-0.7011734534935021,0.04363323129985819,29.0
-0.7011734534935021,0.13089969389957457,37.0
-0.7011734534935021,0.21816615649929116,20.0
-0.7011734534935021,0.30543261909900776,31.0
-0.7011734534935021,0.39269908169872414,22.0
-0.7011734534935021,0.4799655442984405,23.0
-0.7011734534935021,0.5672320068981569,18.0
-0.7011734534935021,0.6544984694978735,27.0
-0.7011734534935021,0.7417649320975901,29.0
-0.7011734534935021,0.8290313946973065,29.0
-0.7011734534935021,0.9162978572970228,33.0
-0.7011734534935021,1.0035643198967392,28.0
-0.7011734534935021,1.0908307824964556,29.0
-0.7011734534935021,1.178097245096172,16.0
-0.7011734534935021,1.2653637076958888,27.0
-0.7011734534935021,1.3526301702956056,26.0
-0.7011734534935021,1.439896632895322,30.0
-0.7011734534935021,1.5271630954950384,16.0
-0.7011734534935021,1.6144295580947547,21.0
-0.7011734534935021,1.7016960206944711,33.0
-0.7011734534935021,1.7889624832941875,38.0
-0.7011734534935021,1.8762289458939039,28.0
-0.7011734534935021,1.9634954084936203,21.0
-0.7011734534935021,2.050761871093337,20.0
-0.7011734534935021,2.138028333693054,23.0
-0.7011734534935021,2.2252947962927703,35.0
-0.7011734534935021,2.3125612588924866,19.0
-0.7011734534935021,2.399827721492203,25.0
-0.7011734534935021,2.4870941840919194,37.0
-0.7011734534935021,2.574360646691636,26.0
-0.7011734534935021,2.661627109291352,21.0
-0.7011734534935021,2.7488935718910685,27.0
-0.7011734534935021,2.8361600344907854,23.0
-0.7011734534935021,2.923426497090502,29.0
-0.7011734534935021,3.0106929596902186,16.0
-0.7011734534935021,3.097959422289935,30.0
-0.6614407049229301,-3.097959422289935,24.0
-0.6614407049229301,-3.0106929596902186,31.0
-0.6614407049229301,-2.923426497090502,27.0
-0.6614407049229301,-2.8361600344907854,23.0
-0.6614407049229301,-2.748893571891069,24.0
-0.6614407049229301,-2.6616271092913526,28.0
-0.6614407049229301,-2.574360646691636,23.0
-0.6614407049229301,-2.4870941840919194,32.0
-0.6614407049229301,-2.399827721492203,37.0
-0.6614407049229301,-2.3125612588924866,40.0
-0.6614407049229301,-2.2252947962927703,25.0
-0.6614407049229301,-2.138028333693054,26.0
-0.6614407049229301,-2.0507618710933375,30.0
-0.6614407049229301,-1.9634954084936207,28.0
-0.6614407049229301,-1.8762289458939043,36.0
-0.6614407049229301,-1.7889624832941877,21.0
-0.6614407049229301,-1.7016960206944713,27.0
-0.6614407049229301,-1.6144295580947547,21.0
-0.6614407049229301,-1.5271630954950384,27.0
-0.6614407049229301,-1.439896632895322,29.0
-0.6614407049229301,-1.3526301702956054,28.0
-0.6614407049229301,-1.2653637076958888,33.0
-0.6614407049229301,-1.1780972450961724,25.0
-0.6614407049229301,-1.090830782496456,33.0
-0.6614407049229301,-1.0035643198967397,19.0
-0.6614407049229301,-0.9162978572970231,31.0
-0.6614407049229301,-0.8290313946973065,27.0
-0.6614407049229301,-0.7417649320975901,30.0
-0.6614407049229301,-0.6544984694978737,31.0
-0.6614407049229301,-0.5672320068981571,34.0
-0.6614407049229301,-0.4799655442984405,26.0
-0.6614407049229301,-0.39269908169872414,29.0
-0.6614407049229301,-0.30543261909900776,32.0
-0.6614407049229301,-0.21816615649929139,30.0
-0.6614407049229301,-0.1308996938995748,25.0
-0.6614407049229301,-0.04363323129985819,27.0
-0.6614407049229301,0.04363323129985819,28.0
-0.6614407049229301,0.13089969389957457,24.0
-0.6614407049229301,0.21816615649929116,26.0
-0.6614407049229301,0.30543261909900776,23.0
-0.6614407049229301,0.39269908169872414,26.0
-0.6614407049229301,0.4799655442984405,30.0
-0.6614407049229301,0.5672320068981569,19.0
-0.6614407049229301,0.6544984694978735,38.0
-0.6614407049229301,0.7417649320975901,30.0
-0.6614407049229301,0.8290313946973065,18.0
-0.6614407049229301,0.9162978572970228,34.0
-0.6614407049229301,1.0035643198967392,30.0
-0.6614407049229301,1.0908307824964556,20.0
-0.6614407049229301,1.178097245096172,31.0
-0.6614407049229301,1.2653637076958888,19.0
-0.6614407049229301,1.3526301702956056,39.0
-0.6614407049229301,1.439896632895322,31.0
-0.6614407049229301,1.5271630954950384,28.0
-0.6614407049229301,1.6144295580947547,31.0
-0.6614407049229301,1.7016960206944711,26.0
-0.6614407049229301,1.7889624832941875,36.0
-0.6614407049229301,1.8762289458939039,33.0
-0.6614407049229301,1.9634954084936203,29.0
-0.6614407049229301,2.050761871093337,27.0
-0.6614407049229301,2.138028333693054,19.0
-0.6614407049229301,2.2252947962927703,24.0
-0.6614407049229301,2.3125612588924866,28.0
-0.6614407049229301,2.399827721492203,25.0
-0.6614407049229301,2.4870941840919194,34.0
-0.6614407049229301,2.574360646691636,16.0
-0.6614407049229301,2.661627109291352,22.0
-0.6614407049229301,2.7488935718910685,35.0
-0.6614407049229301,2.8361600344907854,25.0
-0.6614407049229301,2.923426497090502,28.0
-0.6614407049229301,3.0106929596902186,26.0
-0.6614407049229301,3.097959422289935,28.0
-0.6217079563523582,-3.097959422289935,24.0
-0.6217079563523582,-3.0106929596902186,23.0
-0.6217079563523582,-2.923426497090502,30.0
-0.6217079563523582,-2.8361600344907854,21.0
-0.6217079563523582,-2.748893571891069,19.0
-0.6217079563523582,-2.6616271092913526,29.0
-0.6217079563523582,-2.574360646691636,29.0
-0.6217079563523582,-2.4870941840919194,30.0
-0.6217079563523582,-2.399827721492203,34.0
-0.6217079563523582,-2.3125612588924866,33.0
-0.6217079563523582,-2.2252947962927703,25.0
-0.6217079563523582,-2.138028333693054,21.0
-0.6217079563523582,-2.0507618710933375,24.0
-0.6217079563523582,-1.9634954084936207,24.0
-0.6217079563523582,-1.8762289458939043,26.0
-0.6217079563523582,-1.7889624832941877,31.0
-0.6217079563523582,-1.7016960206944713,16.0
-0.6217079563523582,-1.6144295580947547,27.0
-0.6217079563523582,-1.5271630954950384,27.0
-0.6217079563523582,-1.439896632895322,37.0
-0.6217079563523582,-1.3526301702956054,24.0
-0.6217079563523582,-1.2653637076958888,16.0
-0.6217079563523582,-1.1780972450961724,26.0
-0.6217079563523582,-1.090830782496456,26.0
-0.6217079563523582,-1.0035643198967397,32.0
-0.6217079563523582,-0.9162978572970231,23.0
-0.6217079563523582,-0.8290313946973065,32.0
-0.6217079563523582,-0.7417649320975901,31.0
-0.6217079563523582,-0.6544984694978737,27.0
-0.6217079563523582,-0.5672320068981571,35.0
-0.6217079563523582,-0.4799655442984405,31.0
-0.6217079563523582,-0.39269908169872414,30.0
-0.6217079563523582,-0.30543261909900776,23.0
-0.6217079563523582,-0.21816615649929139,31.0
-0.6217079563523582,-0.1308996938995748,24.0
-0.6217079563523582,-0.04363323129985819,30.0
-0.6217079563523582,0.04363323129985819,27.0
-0.6217079563523582,0.13089969389957457,23.0
-0.6217079563523582,0.21816615649929116,28.0
-0.6217079563523582,0.30543261909900776,37.0
-0.6217079563523582,0.39269908169872414,40.0
-0.6217079563523582,0.4799655442984405,21.0
-0.6217079563523582,0.5672320068981569,30.0
-0.6217079563523582,0.6544984694978735,33.0
-0.6217079563523582,0.7417649320975901,22.0
-0.6217079563523582,0.8290313946973065,26.0
-0.6217079563523582,0.9162978572970228,36.0
-0.6217079563523582,1.0035643198967392,30.0
-0.6217079563523582,1.0908307824964556,34.0
-0.6217079563523582,1.178097245096172,44.0
-0.6217079563523582,1.2653637076958888,26.0
-0.6217079563523582,1.3526301702956056,30.0
-0.6217079563523582,1.439896632895322,31.0
-0.6217079563523582,1.5271630954950384,42.0
-0.6217079563523582,1.6144295580947547,31.0
-0.6217079563523582,1.7016960206944711,42.0
-0.6217079563523582,1.7889624832941875,21.0
-0.6217079563523582,1.8762289458939039,23.0
-0.6217079563523582,1.9634954084936203,25.0
-0.6217079563523582,2.050761871093337,27.0
-0.6217079563523582,2.138028333693054,32.0
-0.6217079563523582,2.2252947962927703,30.0
-0.6217079563523582,2.3125612588924866,31.0
-0.6217079563523582,2.399827721492203,24.0
-0.6217079563523582,2.4870941840919194,38.0
-0.6217079563523582,2.574360646691636,32.0
-0.6217079563523582,2.661627109291352,25.0
-0.6217079563523582,2.7488935718910685,33.0
-0.6217079563523582,2.8361600344907854,36.0
-0.6217079563523582,2.923426497090502,33.0
-0.6217079563523582,3.0106929596902186,33.0
-0.6217079563523582,3.097959422289935,28.0
-0.5819752077817862,-3.097959422289935,33.0
-0.5819752077817862,-3.0106929596902186,39.0
-0.5819752077817862,-2.923426497090502,29.0
-0.5819752077817862,-2.8361600344907854,33.0
-0.5819752077817862,-2.748893571891069,35.0
-0.5819752077817862,-2.6616271092913526,23.0
-0.5819752077817862,-2.574360646691636,32.0
-0.5819752077817862,-2.4870941840919194,31.0
-0.5819752077817862,-2.399827721492203,27.0
-0.5819752077817862,-2.3125612588924866,23.0
-0.5819752077817862,-2.2252947962927703,27.0
-0.5819752077817862,-2.138028333693054,34.0
-0.5819752077817862,-2.0507618710933375,20.0
-0.5819752077817862,-1.9634954084936207,37.0
-0.5819752077817862,-1.8762289458939043,24.0
-0.5819752077817862,-1.7889624832941877,20.0
-0.5819752077817862,-1.7016960206944713,33.0
-0.5819752077817862,-1.6144295580947547,35.0
-0.5819752077817862,-1.5271630954950384,46.0
-0.5819752077817862,-1.439896632895322,28.0
-0.5819752077817862,-1.3526301702956054,22.0
-0.5819752077817862,-1.2653637076958888,24.0
-0.5819752077817862,-1.1780972450961724,33.0
-0.5819752077817862,-1.090830782496456,29.0
-0.5819752077817862,-1.0035643198967397,12.0
-0.5819752077817862,-0.9162978572970231,29.0
-0.5819752077817862,-0.8290313946973065,38.0
-0.5819752077817862,-0.7417649320975901,31.0
-0.5819752077817862,-0.6544984694978737,29.0
-0.5819752077817862,-0.5672320068981571,31.0
-0.5819752077817862,-0.4799655442984405,36.0
-0.5819752077817862,-0.39269908169872414,25.0
-0.5819752077817862,-0.30543261909900776,23.0
-0.5819752077817862,-0.21816615649929139,33.0
-0.5819752077817862,-0.1308996938995748,28.0
-0.5819752077817862,-0.04363323129985819,34.0
-0.5819752077817862,0.04363323129985819,22.0
-0.5819752077817862,0.13089969389957457,40.0
-0.5819752077817862,0.21816615649929116,39.0
-0.5819752077817862,0.30543261909900776,27.0
-0.5819752077817862,0.39269908169872414,27.0
-0.5819752077817862,0.4799655442984405,34.0
-0.5819752077817862,0.5672320068981569,23.0
-0.5819752077817862,0.6544984694978735,30.0
-0.5819752077817862,0.7417649320975901,32.0
-0.5819752077817862,0.8290313946973065,36.0
-0.5819752077817862,0.9162978572970228,40.0
-0.5819752077817862,1.0035643198967392,24.0
-0.5819752077817862,1.0908307824964556,31.0
-0.5819752077817862,1.178097245096172,30.0
-0.5819752077817862,1.2653637076958888,31.0
-0.5819752077817862,1.3526301702956056,33.0
-0.5819752077817862,1.439896632895322,46.0
-0.5819752077817862,1.5271630954950384,28.0
-0.5819752077817862,1.6144295580947547,30.0
-0.5819752077817862,1.7016960206944711,27.0
-0.5819752077817862,1.7889624832941875,33.0
-0.5819752077817862,1.8762289458939039,20.0
-0.5819752077817862,1.9634954084936203,24.0
-0.5819752077817862,2.050761871093337,28.0
-0.5819752077817862,2.138028333693054,29.0
-0.5819752077817862,2.2252947962927703,31.0
-0.5819752077817862,2.3125612588924866,37.0
-0.5819752077817862,2.399827721492203,24.0
-0.5819752077817862,2.4870941840919194,34.0
-0.5819752077817862,2.574360646691636,37.0
-0.5819752077817862,2.661627109291352,44.0
-0.5819752077817862,2.7488935718910685,32.0
-0.5819752077817862,2.8361600344907854,29.0
-0.5819752077817862,2.923426497090502,36.0
-0.5819752077817862,3.0106929596902186,29.0
-0.5819752077817862,3.097959422289935,28.0
-0.5422424592112143,-3.097959422289935,29.0
-0.5422424592112143,-3.0106929596902186,29.0
-0.5422424592112143,-2.923426497090502,26.0
-0.5422424592112143,-2.8361600344907854,27.0
-0.5422424592112143,-2.748893571891069,29.0
-0.5422424592112143,-2.6616271092913526,23.0
-0.5422424592112143,-2.574360646691636,36.0
-0.5422424592112143,-2.4870941840919194,42.0
-0.5422424592112143,-2.399827721492203,24.0
-0.5422424592112143,-2.3125612588924866,31.0
-0.5422424592112143,-2.2252947962927703,22.0
-0.5422424592112143,-2.138028333693054,34.0
-0.5422424592112143,-2.0507618710933375,27.0
-0.5422424592112143,-1.9634954084936207,27.0
-0.5422424592112143,-1.8762289458939043,37.0
-0.5422424592112143,-1.7889624832941877,28.0
-0.5422424592112143,-1.7016960206944713,30.0
-0.5422424592112143,-1.6144295580947547,36.0
-0.5422424592112143,-1.5271630954950384,35.0
-0.5422424592112143,-1.439896632895322,28.0
-0.5422424592112143,-1.3526301702956054,46.0
-0.5422424592112143,-1.2653637076958888,31.0
-0.5422424592112143,-1.1780972450961724,28.0
-0.5422424592112143,-1.090830782496456,43.0
-0.5422424592112143,-1.0035643198967397,32.0
-0.5422424592112143,-0.9162978572970231,36.0
-0.5422424592112143,-0.8290313946973065,30.0
-0.5422424592112143,-0.7417649320975901,22.0
-0.5422424592112143,-0.6544984694978737,23.0
-0.5422424592112143,-0.5672320068981571,45.0
-0.5422424592112143,-0.4799655442984405,30.0
-0.5422424592112143,-0.39269908169872414,30.0
-0.5422424592112143,-0.30543261909900776,36.0
-0.5422424592112143,-0.21816615649929139,34.0
-0.5422424592112143,-0.1308996938995748,37.0
-0.5422424592112143,-0.04363323129985819,25.0
-0.5422424592112143,0.04363323129985819,29.0
-0.5422424592112143,0.13089969389957457,34.0
-0.5422424592112143,0.21816615649929116,31.0
-0.5422424592112143,0.30543261909900776,28.0
-0.5422424592112143,0.39269908169872414,45.0
-0.5422424592112143,0.4799655442984405,25.0
-0.5422424592112143,0.5672320068981569,17.0
-0.5422424592112143,0.6544984694978735,30.0
-0.5422424592112143,0.7417649320975901,46.0
-0.5422424592112143,0.8290313946973065,40.0
-0.5422424592112143,0.9162978572970228,30.0
-0.5422424592112143,1.0035643198967392,27.0
-0.5422424592112143,1.0908307824964556,29.0
-0.5422424592112143,1.178097245096172,43.0
-0.5422424592112143,1.2653637076958888,34.0
-0.5422424592112143,1.3526301702956056,25.0
-0.5422424592112143,1.439896632895322,30.0
-0.5422424592112143,1.5271630954950384,44.0
-0.5422424592112143,1.6144295580947547,35.0
-0.5422424592112143,1.7016960206944711,26.0
-0.5422424592112143,1.7889624832941875,44.0
-0.5422424592112143,1.8762289458939039,42.0
-0.5422424592112143,1.9634954084936203,34.0
-0.5422424592112143,2.050761871093337,37.0
-0.5422424592112143,2.138028333693054,34.0
-0.5422424592112143,2.2252947962927703,34.0
-0.5422424592112143,2.3125612588924866,25.0
-0.5422424592112143,2.399827721492203,28.0
-0.5422424592112143,2.4870941840919194,30.0
-0.5422424592112143,2.574360646691636,30.0
-0.5422424592112143,2.661627109291352,30.0
-0.5422424592112143,2.7488935718910685,39.0
-0.5422424592112143,2.8361600344907854,37.0
-0.5422424592112143,2.923426497090502,32.0
-0.5422424592112143,3.0106929596902186,31.0
-0.5422424592112143,3.097959422289935,32.0
-0.5025097106406423,-3.097959422289935,26.0
-0.5025097106406423,-3.0106929596902186,38.0
-0.5025097106406423,-2.923426497090502,32.0
-0.5025097106406423,-2.8361600344907854,33.0
-0.5025097106406423,-2.748893571891069,44.0
-0.5025097106406423,-2.6616271092913526,36.0
-0.5025097106406423,-2.574360646691636,29.0
-0.5025097106406423,-2.4870941840919194,28.0
-0.5025097106406423,-2.399827721492203,42.0
-0.5025097106406423,-2.3125612588924866,41.0
-0.5025097106406423,-2.2252947962927703,33.0
-0.5025097106406423,-2.138028333693054,32.0
-0.5025097106406423,-2.0507618710933375,41.0
-0.5025097106406423,-1.9634954084936207,38.0
-0.5025097106406423,-1.8762289458939043,36.0
-0.5025097106406423,-1.7889624832941877,37.0
-0.5025097106406423,-1.7016960206944713,43.0
-0.5025097106406423,-1.6144295580947547,34.0
-0.5025097106406423,-1.5271630954950384,34.0
-0.5025097106406423,-1.439896632895322,33.0
-0.5025097106406423,-1.3526301702956054,26.0
-0.5025097106406423,-1.2653637076958888,24.0
-0.5025097106406423,-1.1780972450961724,22.0
-0.5025097106406423,-1.090830782496456,37.0
-0.5025097106406423,-1.0035643198967397,28.0
-0.5025097106406423,-0.9162978572970231,32.0
-0.5025097106406423,-0.8290313946973065,36.0
-0.5025097106406423,-0.7417649320975901,40.0
-0.5025097106406423,-0.6544984694978737,26.0
-0.5025097106406423,-0.5672320068981571,40.0
-0.5025097106406423,-0.4799655442984405,30.0
-0.5025097106406423,-0.39269908169872414,30.0
-0.5025097106406423,-0.30543261909900776,29.0
-0.5025097106406423,-0.21816615649929139,34.0
-0.5025097106406423,-0.1308996938995748,38.0
-0.5025097106406423,-0.04363323129985819,38.0
-0.5025097106406423,0.04363323129985819,45.0
-0.5025097106406423,0.13089969389957457,30.0
-0.5025097106406423,0.21816615649929116,29.0
-0.5025097106406423,0.30543261909900776,33.0
-0.5025097106406423,0.39269908169872414,40.0
-0.5025097106406423,0.4799655442984405,36.0
-0.5025097106406423,0.5672320068981569,28.0
-0.5025097106406423,0.6544984694978735,39.0
-0.5025097106406423,0.7417649320975901,39.0
-0.5025097106406423,0.8290313946973065,34.0
-0.5025097106406423,0.9162978572970228,32.0
-0.5025097106406423,1.0035643198967392,35.0
-0.5025097106406423,1.0908307824964556,29.0
-0.5025097106406423,1.178097245096172,32.0
-0.5025097106406423,1.2653637076958888,26.0
-0.5025097106406423,1.3526301702956056,28.0
-0.5025097106406423,1.439896632895322,37.0
-0.5025097106406423,1.5271630954950384,34.0
-0.5025097106406423,1.6144295580947547,29.0
-0.5025097106406423,1.7016960206944711,28.0
-0.5025097106406423,1.7889624832941875,25.0
-0.5025097106406423,1.8762289458939039,24.0
-0.5025097106406423,1.9634954084936203,29.0
-0.5025097106406423,2.050761871093337,27.0
-0.5025097106406423,2.138028333693054,40.0
-0.5025097106406423,2.2252947962927703,35.0
-0.5025097106406423,2.3125612588924866,30.0
-0.5025097106406423,2.399827721492203,39.0
-0.5025097106406423,2.4870941840919194,29.0
-0.5025097106406423,2.574360646691636,30.0
-0.5025097106406423,2.661627109291352,34.0
-0.5025097106406423,2.7488935718910685,35.0
-0.5025097106406423,2.8361600344907854,27.0
-0.5025097106406423,2.923426497090502,34.0
-0.5025097106406423,3.0106929596902186,36.0
-0.5025097106406423,3.097959422289935,39.0
-0.46277696207007035,-3.097959422289935,29.0
-0.46277696207007035,-3.0106929596902186,45.0
-0.46277696207007035,-2.923426497090502,36.0
-0.46277696207007035,-2.8361600344907854,33.0
-0.46277696207007035,-2.748893571891069,22.0
-0.46277696207007035,-2.6616271092913526,47.0
-0.46277696207007035,-2.574360646691636,32.0
-0.46277696207007035,-2.4870941840919194,32.0
-0.46277696207007035,-2.399827721492203,34.0
-0.46277696207007035,-2.3125612588924866,34.0
-0.46277696207007035,-2.2252947962927703,35.0
-0.46277696207007035,-2.138028333693054,42.0
-0.46277696207007035,-2.0507618710933375,39.0
-0.46277696207007035,-1.9634954084936207,33.0
-0.46277696207007035,-1.8762289458939043,33.0
-0.46277696207007035,-1.7889624832941877,40.0
-0.46277696207007035,-1.7016960206944713,43.0
-0.46277696207007035,-1.6144295580947547,34.0
-0.46277696207007035,-1.5271630954950384,36.0
-0.46277696207007035,-1.439896632895322,32.0
-0.46277696207007035,-1.3526301702956054,29.0
-0.46277696207007035,-1.2653637076958888,30.0
-0.46277696207007035,-1.1780972450961724,25.0
-0.46277696207007035,-1.090830782496456,45.0
-0.46277696207007035,-1.0035643198967397,30.0
-0.46277696207007035,-0.9162978572970231,34.0
-0.46277696207007035,-0.8290313946973065,29.0
-0.46277696207007035,-0.7417649320975901,22.0
-0.46277696207007035,-0.6544984694978737,30.0
-0.46277696207007035,-0.5672320068981571,35.0
-0.46277696207007035,-0.4799655442984405,33.0
-0.46277696207007035,-0.39269908169872414,37.0
-0.46277696207007035,-0.30543261909900776,39.0
-0.46277696207007035,-0.21816615649929139,42.0
-0.46277696207007035,-0.1308996938995748,32.0
-0.46277696207007035,-0.04363323129985819,36.0
-0.46277696207007035,0.04363323129985819,37.0
-0.46277696207007035,0.13089969389957457,29.0
-0.46277696207007035,0.21816615649929116,40.0
-0.46277696207007035,0.30543261909900776,35.0
-0.46277696207007035,0.39269908169872414,38.0
-0.46277696207007035,0.4799655442984405,40.0
-0.46277696207007035,0.5672320068981569,30.0
-0.46277696207007035,0.6544984694978735,36.0
-0.46277696207007035,0.7417649320975901,38.0
-0.46277696207007035,0.8290313946973065,35.0
-0.46277696207007035,0.9162978572970228,31.0
-0.46277696207007035,1.0035643198967392,36.0
-0.46277696207007035,1.0908307824964556,31.0
-0.46277696207007035,1.178097245096172,39.0
-0.46277696207007035,1.2653637076958888,34.0
-0.46277696207007035,1.3526301702956056,37.0
-0.46277696207007035,1.439896632895322,42.0
-0.46277696207007035,1.5271630954950384,28.0
-0.46277696207007035,1.6144295580947547,32.0
-0.46277696207007035,1.7016960206944711,30.0
-0.46277696207007035,1.7889624832941875,31.0
-0.46277696207007035,1.8762289458939039,35.0
-0.46277696207007035,1.9634954084936203,39.0
-0.46277696207007035,2.050761871093337,24.0
-0.46277696207007035,2.138028333693054,35.0
-0.46277696207007035,2.2252947962927703,36.0
-0.46277696207007035,2.3125612588924866,25.0
-0.46277696207007035,2.399827721492203,40.0
-0.46277696207007035,2.4870941840919194,38.0
-0.46277696207007035,2.574360646691636,38.0
-0.46277696207007035,2.661627109291352,31.0
-0.46277696207007035,2.7488935718910685,38.0
-0.46277696207007035,2.8361600344907854,38.0
-0.46277696207007035,2.923426497090502,41.0
-0.46277696207007035,3.0106929596902186,33.0
-0.46277696207007035,3.097959422289935,44.0
-0.4230442134994984,-3.097959422289935,39.0
-0.4230442134994984,-3.0106929596902186,36.0
-0.4230442134994984,-2.923426497090502,38.0
-0.4230442134994984,-2.8361600344907854,39.0
-0.4230442134994984,-2.748893571891069,30.0
-0.4230442134994984,-2.6616271092913526,47.0
-0.4230442134994984,-2.574360646691636,29.0
-0.4230442134994984,-2.4870941840919194,39.0
-0.4230442134994984,-2.399827721492203,38.0
-0.4230442134994984,-2.3125612588924866,36.0
-0.4230442134994984,-2.2252947962927703,25.0
-0.4230442134994984,-2.138028333693054,32.0
-0.4230442134994984,-2.0507618710933375,39.0
-0.4230442134994984,-1.9634954084936207,36.0
-0.4230442134994984,-1.8762289458939043,33.0
-0.4230442134994984,-1.7889624832941877,41.0
-0.4230442134994984,-1.7016960206944713,41.0
-0.4230442134994984,-1.6144295580947547,34.0
-0.4230442134994984,-1.5271630954950384,33.0
-0.4230442134994984,-1.439896632895322,31.0
-0.4230442134994984,-1.3526301702956054,34.0
-0.4230442134994984,-1.2653637076958888,32.0
-0.4230442134994984,-1.1780972450961724,35.0
-0.4230442134994984,-1.090830782496456,40.0
-0.4230442134994984,-1.0035643198967397,38.0
-0.4230442134994984,-0.9162978572970231,40.0
-0.4230442134994984,-0.8290313946973065,40.0
-0.4230442134994984,-0.7417649320975901,38.0
-0.4230442134994984,-0.6544984694978737,32.0
-0.4230442134994984,-0.5672320068981571,32.0
-0.4230442134994984,-0.4799655442984405,30.0
-0.4230442134994984,-0.39269908169872414,43.0
-0.4230442134994984,-0.30543261909900776,35.0
-0.4230442134994984,-0.21816615649929139,38.0
-0.4230442134994984,-0.1308996938995748,37.0
-0.4230442134994984,-0.04363323129985819,35.0
-0.4230442134994984,0.04363323129985819,33.0
-0.4230442134994984,0.13089969389957457,31.0
-0.4230442134994984,0.21816615649929116,33.0
-0.4230442134994984,0.30543261909900776,35.0
-0.4230442134994984,0.39269908169872414,40.0
-0.4230442134994984,0.4799655442984405,41.0
-0.4230442134994984,0.5672320068981569,35.0
-0.4230442134994984,0.6544984694978735,29.0
-0.4230442134994984,0.7417649320975901,46.0
-0.4230442134994984,0.8290313946973065,32.0
-0.4230442134994984,0.9162978572970228,39.0
-0.4230442134994984,1.0035643198967392,21.0
-0.4230442134994984,1.0908307824964556,36.0
-0.4230442134994984,1.178097245096172,27.0
-0.4230442134994984,1.2653637076958888,44.0
-0.4230442134994984,1.3526301702956056,34.0
-0.4230442134994984,1.439896632895322,41.0
-0.4230442134994984,1.5271630954950384,49.0
-0.4230442134994984,1.6144295580947547,37.0
-0.4230442134994984,1.7016960206944711,44.0
-0.4230442134994984,1.7889624832941875,30.0
-0.4230442134994984,1.8762289458939039,42.0
-0.4230442134994984,1.9634954084936203,32.0
-0.4230442134994984,2.050761871093337,40.0
-0.4230442134994984,2.138028333693054,36.0
-0.4230442134994984,2.2252947962927703,32.0
-0.4230442134994984,2.3125612588924866,44.0
-0.4230442134994984,2.399827721492203,28.0
-0.4230442134994984,2.4870941840919194,32.0
-0.4230442134994984,2.574360646691636,44.0
-0.4230442134994984,2.661627109291352,36.0
-0.4230442134994984,2.7488935718910685,32.0
-0.4230442134994984,2.8361600344907854,39.0
-0.4230442134994984,2.923426497090502,45.0
-0.4230442134994984,3.0106929596902186,31.0
-0.4230442134994984,3.097959422289935,46.0
-0.3833114649289264,-3.097959422289935,35.0
-0.3833114649289264,-3.0106929596902186,38.0
-0.3833114649289264,-2.923426497090502,37.0
-0.3833114649289264,-2.8361600344907854,44.0
-0.3833114649289264,-2.748893571891069,46.0
-0.3833114649289264,-2.6616271092913526,36.0
-0.3833114649289264,-2.574360646691636,43.0
-0.3833114649289264,-2.4870941840919194,26.0
-0.3833114649289264,-2.399827721492203,45.0
-0.3833114649289264,-2.3125612588924866,41.0
-0.3833114649289264,-2.2252947962927703,27.0
-0.3833114649289264,-2.138028333693054,33.0
-0.3833114649289264,-2.0507618710933375,38.0
-0.3833114649289264,-1.9634954084936207,42.0
-0.3833114649289264,-1.8762289458939043,35.0
-0.3833114649289264,-1.7889624832941877,36.0
-0.3833114649289264,-1.7016960206944713,21.0
-0.3833114649289264,-1.6144295580947547,34.0
-0.3833114649289264,-1.5271630954950384,46.0
-0.3833114649289264,-1.439896632895322,34.0
-0.3833114649289264,-1.3526301702956054,37.0
-0.3833114649289264,-1.2653637076958888,40.0
-0.3833114649289264,-1.1780972450961724,32.0
-0.3833114649289264,-1.090830782496456,53.0
-0.3833114649289264,-1.0035643198967397,34.0
-0.3833114649289264,-0.9162978572970231,54.0
-0.3833114649289264,-0.8290313946973065,34.0
-0.3833114649289264,-0.7417649320975901,40.0
-0.3833114649289264,-0.6544984694978737,43.0
-0.3833114649289264,-0.5672320068981571,36.0
-0.3833114649289264,-0.4799655442984405,33.0
-0.3833114649289264,-0.39269908169872414,39.0
-0.3833114649289264,-0.30543261909900776,27.0
-0.3833114649289264,-0.21816615649929139,25.0
-0.3833114649289264,-0.1308996938995748,38.0
-0.3833114649289264,-0.04363323129985819,41.0
-0.3833114649289264,0.04363323129985819,42.0
-0.3833114649289264,0.13089969389957457,28.0
-0.3833114649289264,0.21816615649929116,40.0
-0.3833114649289264,0.30543261909900776,37.0
-0.3833114649289264,0.39269908169872414,38.0
-0.3833114649289264,0.4799655442984405,39.0
-0.3833114649289264,0.5672320068981569,49.0
-0.3833114649289264,0.6544984694978735,39.0
-0.3833114649289264,0.7417649320975901,27.0
-0.3833114649289264,0.8290313946973065,36.0
-0.3833114649289264,0.9162978572970228,43.0
-0.3833114649289264,1.0035643198967392,40.0
-0.3833114649289264,1.0908307824964556,34.0
-0.3833114649289264,1.178097245096172,35.0
-0.3833114649289264,1.2653637076958888,40.0
-0.3833114649289264,1.3526301702956056,37.0
-0.3833114649289264,1.439896632895322,42.0
-0.3833114649289264,1.5271630954950384,40.0
-0.3833114649289264,1.6144295580947547,38.0
-0.3833114649289264,1.7016960206944711,46.0
-0.3833114649289264,1.7889624832941875,40.0
-0.3833114649289264,1.8762289458939039,46.0
-0.3833114649289264,1.9634954084936203,36.0
-0.3833114649289264,2.050761871093337,41.0
-0.3833114649289264,2.138028333693054,42.0
-0.3833114649289264,2.2252947962927703,38.0
-0.3833114649289264,2.3125612588924866,33.0
-0.3833114649289264,2.399827721492203,34.0
-0.3833114649289264,2.4870941840919194,52.0
-0.3833114649289264,2.574360646691636,31.0
-0.3833114649289264,2.661627109291352,39.0
-0.3833114649289264,2.7488935718910685,50.0
-0.3833114649289264,2.8361600344907854,30.0
-0.3833114649289264,2.923426497090502,51.0
-0.3833114649289264,3.0106929596902186,36.0
-0.3833114649289264,3.097959422289935,40.0
-0.34357871635835446,-3.097959422289935,39.0
-0.34357871635835446,-3.0106929596902186,39.0
-0.34357871635835446,-2.923426497090502,59.0
-0.34357871635835446,-2.8361600344907854,37.0
-0.34357871635835446,-2.748893571891069,44.0
-0.34357871635835446,-2.6616271092913526,45.0
-0.34357871635835446,-2.574360646691636,42.0
-0.34357871635835446,-2.4870941840919194,33.0
-0.34357871635835446,-2.399827721492203,30.0
-0.34357871635835446,-2.3125612588924866,41.0
-0.34357871635835446,-2.2252947962927703,26.0
-0.34357871635835446,-2.138028333693054,44.0
-0.34357871635835446,-2.0507618710933375,49.0
-0.34357871635835446,-1.9634954084936207,32.0
-0.34357871635835446,-1.8762289458939043,31.0
-0.34357871635835446,-1.7889624832941877,28.0
-0.34357871635835446,-1.7016960206944713,40.0
-0.34357871635835446,-1.6144295580947547,40.0
-0.34357871635835446,-1.5271630954950384,33.0
-0.34357871635835446,-1.439896632895322,44.0
-0.34357871635835446,-1.3526301702956054,38.0
-0.34357871635835446,-1.2653637076958888,29.0
-0.34357871635835446,-1.1780972450961724,36.0
-0.34357871635835446,-1.090830782496456,51.0
-0.34357871635835446,-1.0035643198967397,38.0
-0.34357871635835446,-0.9162978572970231,46.0
-0.34357871635835446,-0.8290313946973065,45.0
-0.34357871635835446,-0.7417649320975901,37.0
-0.34357871635835446,-0.6544984694978737,38.0
-0.34357871635835446,-0.5672320068981571,28.0
-0.34357871635835446,-0.4799655442984405,32.0
-0.34357871635835446,-0.39269908169872414,51.0
-0.34357871635835446,-0.30543261909900776,45.0
-0.34357871635835446,-0.21816615649929139,32.0
-0.34357871635835446,-0.1308996938995748,48.0
-0.34357871635835446,-0.04363323129985819,43.0
-0.34357871635835446,0.04363323129985819,37.0
-0.34357871635835446,0.13089969389957457,35.0
-0.34357871635835446,0.21816615649929116,37.0
-0.34357871635835446,0.30543261909900776,35.0
-0.34357871635835446,0.39269908169872414,35.0
-0.34357871635835446,0.4799655442984405,46.0
-0.34357871635835446,0.5672320068981569,33.0
-0.34357871635835446,0.6544984694978735,43.0
-0.34357871635835446,0.7417649320975901,42.0
-0.34357871635835446,0.8290313946973065,31.0
-0.34357871635835446,0.9162978572970228,40.0
-0.34357871635835446,1.0035643198967392,39.0
-0.34357871635835446,1.0908307824964556,38.0
-0.34357871635835446,1.178097245096172,50.0
-0.34357871635835446,1.2653637076958888,44.0
-0.34357871635835446,1.3526301702956056,43.0
-0.34357871635835446,1.439896632895322,32.0
-0.34357871635835446,1.5271630954950384,45.0
-0.34357871635835446,1.6144295580947547,34.0
-0.34357871635835446,1.7016960206944711,49.0
-0.34357871635835446,1.7889624832941875,44.0
-0.34357871635835446,1.8762289458939039,38.0
-0.34357871635835446,1.9634954084936203,50.0
-0.34357871635835446,2.050761871093337,32.0
-0.34357871635835446,2.138028333693054,44.0
-0.34357871635835446,2.2252947962927703,42.0
-0.34357871635835446,2.3125612588924866,33.0
-0.34357871635835446,2.399827721492203,42.0
-0.34357871635835446,2.4870941840919194,29.0
-0.34357871635835446,2.574360646691636,51.0
-0.34357871635835446,2.661627109291352,36.0
-0.34357871635835446,2.7488935718910685,35.0
-0.34357871635835446,2.8361600344907854,47.0
-0.34357871635835446,2.923426497090502,32.0
-0.34357871635835446,3.0106929596902186,36.0
-0.34357871635835446,3.097959422289935,43.0
-0.3038459677877826,-3.097959422289935,47.0
-0.3038459677877826,-3.0106929596902186,34.0
-0.3038459677877826,-2.923426497090502,36.0
-0.3038459677877826,-2.8361600344907854,37.0
-0.3038459677877826,-2.748893571891069,40.0
-0.3038459677877826,-2.6616271092913526,39.0
-0.3038459677877826,-2.574360646691636,39.0
-0.3038459677877826,-2.4870941840919194,46.0
-0.3038459677877826,-2.399827721492203,43.0
-0.3038459677877826,-2.3125612588924866,34.0
-0.3038459677877826,-2.2252947962927703,43.0
-0.3038459677877826,-2.138028333693054,36.0
-0.3038459677877826,-2.0507618710933375,39.0
-0.3038459677877826,-1.9634954084936207,30.0
-0.3038459677877826,-1.8762289458939043,36.0
-0.3038459677877826,-1.7889624832941877,28.0
-0.3038459677877826,-1.7016960206944713,40.0
-0.3038459677877826,-1.6144295580947547,33.0
-0.3038459677877826,-1.5271630954950384,33.0
-0.3038459677877826,-1.439896632895322,35.0
-0.3038459677877826,-1.3526301702956054,42.0
-0.3038459677877826,-1.2653637076958888,42.0
-0.3038459677877826,-1.1780972450961724,34.0
-0.3038459677877826,-1.090830782496456,44.0
-0.3038459677877826,-1.0035643198967397,45.0
-0.3038459677877826,-0.9162978572970231,52.0
-0.3038459677877826,-0.8290313946973065,35.0
-0.3038459677877826,-0.7417649320975901,45.0
-0.3038459677877826,-0.6544984694978737,47.0
-0.3038459677877826,-0.5672320068981571,42.0
-0.3038459677877826,-0.4799655442984405,43.0
-0.3038459677877826,-0.39269908169872414,33.0
-0.3038459677877826,-0.30543261909900776,55.0
-0.3038459677877826,-0.21816615649929139,33.0
-0.3038459677877826,-0.1308996938995748,37.0
-0.3038459677877826,-0.04363323129985819,35.0
-0.3038459677877826,0.04363323129985819,26.0
-0.3038459677877826,0.13089969389957457,29.0
-0.3038459677877826,0.21816615649929116,43.0
-0.3038459677877826,0.30543261909900776,34.0
-0.3038459677877826,0.39269908169872414,45.0
-0.3038459677877826,0.4799655442984405,26.0
-0.3038459677877826,0.5672320068981569,49.0
-0.3038459677877826,0.6544984694978735,53.0
-0.3038459677877826,0.7417649320975901,45.0
-0.3038459677877826,0.8290313946973065,40.0
-0.3038459677877826,0.9162978572970228,26.0
-0.3038459677877826,1.0035643198967392,38.0
-0.3038459677877826,1.0908307824964556,44.0
-0.3038459677877826,1.178097245096172,44.0
-0.3038459677877826,1.2653637076958888,35.0
-0.3038459677877826,1.3526301702956056,52.0
-0.3038459677877826,1.439896632895322,33.0
-0.3038459677877826,1.5271630954950384,57.0
-0.3038459677877826,1.6144295580947547,44.0
-0.3038459677877826,1.7016960206944711,47.0
-0.3038459677877826,1.7889624832941875,35.0
-0.3038459677877826,1.8762289458939039,46.0
-0.3038459677877826,1.9634954084936203,37.0
-0.3038459677877826,2.050761871093337,32.0
-0.3038459677877826,2.138028333693054,39.0
-0.3038459677877826,2.2252947962927703,36.0
-0.3038459677877826,2.3125612588924866,35.0
-0.3038459677877826,2.399827721492203,42.0
-0.3038459677877826,2.4870941840919194,39.0
-0.3038459677877826,2.574360646691636,31.0
-0.3038459677877826,2.661627109291352,36.0
-0.3038459677877826,2.7488935718910685,40.0
-0.3038459677877826,2.8361600344907854,46.0
-0.3038459677877826,2.923426497090502,40.0
-0.3038459677877826,3.0106929596902186,41.0
-0.3038459677877826,3.097959422289935,29.0
-0.26411321921721065,-3.097959422289935,44.0
-0.26411321921721065,-3.0106929596902186,39.0
-0.26411321921721065,-2.923426497090502,41.0
-0.26411321921721065,-2.8361600344907854,40.0
-0.26411321921721065,-2.748893571891069,48.0
-0.26411321921721065,-2.6616271092913526,43.0
-0.26411321921721065,-2.574360646691636,40.0
-0.26411321921721065,-2.4870941840919194,35.0
-0.26411321921721065,-2.399827721492203,39.0
-0.26411321921721065,-2.3125612588924866,39.0
-0.26411321921721065,-2.2252947962927703,52.0
-0.26411321921721065,-2.138028333693054,37.0
-0.26411321921721065,-2.0507618710933375,34.0
-0.26411321921721065,-1.9634954084936207,48.0
-0.26411321921721065,-1.8762289458939043,36.0
-0.26411321921721065,-1.7889624832941877,35.0
-0.26411321921721065,-1.7016960206944713,46.0
-0.26411321921721065,-1.6144295580947547,38.0
-0.26411321921721065,-1.5271630954950384,37.0
-0.26411321921721065,-1.439896632895322,35.0
-0.26411321921721065,-1.3526301702956054,37.0
-0.26411321921721065,-1.2653637076958888,45.0
-0.26411321921721065,-1.1780972450961724,42.0
-0.26411321921721065,-1.090830782496456,41.0
-0.26411321921721065,-1.0035643198967397,48.0
-0.26411321921721065,-0.9162978572970231,42.0
-0.26411321921721065,-0.8290313946973065,51.0
-0.26411321921721065,-0.7417649320975901,35.0
-0.26411321921721065,-0.6544984694978737,43.0
-0.26411321921721065,-0.5672320068981571,33.0
-0.26411321921721065,-0.4799655442984405,45.0
-0.26411321921721065,-0.39269908169872414,36.0
-0.26411321921721065,-0.30543261909900776,42.0
-0.26411321921721065,-0.21816615649929139,53.0
-0.26411321921721065,-0.1308996938995748,45.0
-0.26411321921721065,-0.04363323129985819,52.0
-0.26411321921721065,0.04363323129985819,51.0
-0.26411321921721065,0.13089969389957457,51.0
-0.26411321921721065,0.21816615649929116,41.0
-0.26411321921721065,0.30543261909900776,51.0
-0.26411321921721065,0.39269908169872414,33.0
-0.26411321921721065,0.4799655442984405,43.0
-0.26411321921721065,0.5672320068981569,45.0
-0.26411321921721065,0.6544984694978735,38.0
-0.26411321921721065,0.7417649320975901,57.0
-0.26411321921721065,0.8290313946973065,36.0
-0.26411321921721065,0.9162978572970228,46.0
-0.26411321921721065,1.0035643198967392,49.0
-0.26411321921721065,1.0908307824964556,50.0
-0.26411321921721065,1.178097245096172,37.0
-0.26411321921721065,1.2653637076958888,40.0
-0.26411321921721065,1.3526301702956056,40.0
-0.26411321921721065,1.439896632895322,44.0
-0.26411321921721065,1.5271630954950384,41.0
-0.26411321921721065,1.6144295580947547,37.0
-0.26411321921721065,1.7016960206944711,44.0
-0.26411321921721065,1.7889624832941875,31.0
-0.26411321921721065,1.8762289458939039,49.0
-0.26411321921721065,1.9634954084936203,42.0
-0.26411321921721065,2.050761871093337,35.0
-0.26411321921721065,2.138028333693054,45.0
-0.26411321921721065,2.2252947962927703,53.0
-0.26411321921721065,2.3125612588924866,50.0
-0.26411321921721065,2.399827721492203,26.0
-0.26411321921721065,2.4870941840919194,34.0
-0.26411321921721065,2.574360646691636,34.0
-0.26411321921721065,2.661627109291352,29.0
-0.26411321921721065,2.7488935718910685,34.0
-0.26411321921721065,2.8361600344907854,34.0
-0.26411321921721065,2.923426497090502,33.0
-0.26411321921721065,3.0106929596902186,48.0
-0.26411321921721065,3.097959422289935,38.0
-0.22438047064663869,-3.097959422289935,38.0
-0.22438047064663869,-3.0106929596902186,35.0
-0.22438047064663869,-2.923426497090502,31.0
-0.22438047064663869,-2.8361600344907854,39.0
-0.22438047064663869,-2.748893571891069,45.0
-0.22438047064663869,-2.6616271092913526,47.0
-0.22438047064663869,-2.574360646691636,34.0
-0.22438047064663869,-2.4870941840919194,32.0
-0.22438047064663869,-2.399827721492203,36.0
-0.22438047064663869,-2.3125612588924866,41.0
-0.22438047064663869,-2.2252947962927703,35.0
-0.22438047064663869,-2.138028333693054,34.0
-0.22438047064663869,-2.0507618710933375,49.0
-0.22438047064663869,-1.9634954084936207,44.0
-0.22438047064663869,-1.8762289458939043,53.0
-0.22438047064663869,-1.7889624832941877,39.0
-0.22438047064663869,-1.7016960206944713,54.0
-0.22438047064663869,-1.6144295580947547,39.0
-0.22438047064663869,-1.5271630954950384,51.0
-0.22438047064663869,-1.439896632895322,51.0
-0.22438047064663869,-1.3526301702956054,47.0
-0.22438047064663869,-1.2653637076958888,47.0
-0.22438047064663869,-1.1780972450961724,57.0
-0.22438047064663869,-1.090830782496456,49.0
-0.22438047064663869,-1.0035643198967397,36.0
-0.22438047064663869,-0.9162978572970231,44.0
-0.22438047064663869,-0.8290313946973065,54.0
-0.22438047064663869,-0.7417649320975901,41.0
-0.22438047064663869,-0.6544984694978737,48.0
-0.22438047064663869,-0.5672320068981571,49.0
-0.22438047064663869,-0.4799655442984405,45.0
-0.22438047064663869,-0.39269908169872414,40.0
-0.22438047064663869,-0.30543261909900776,45.0
-0.22438047064663869,-0.21816615649929139,43.0
-0.22438047064663869,-0.1308996938995748,41.0
-0.22438047064663869,-0.04363323129985819,38.0
-0.22438047064663869,0.04363323129985819,35.0
-0.22438047064663869,0.13089969389957457,51.0
-0.22438047064663869,0.21816615649929116,30.0
-0.22438047064663869,0.30543261909900776,41.0
-0.22438047064663869,0.39269908169872414,48.0
-0.22438047064663869,0.4799655442984405,39.0
-0.22438047064663869,0.5672320068981569,49.0
-0.22438047064663869,0.6544984694978735,60.0
-0.22438047064663869,0.7417649320975901,53.0
-0.22438047064663869,0.8290313946973065,40.0
-0.22438047064663869,0.9162978572970228,42.0
-0.22438047064663869,1.0035643198967392,36.0
-0.22438047064663869,1.0908307824964556,36.0
-0.22438047064663869,1.178097245096172,44.0
-0.22438047064663869,1.2653637076958888,40.0
-0.22438047064663869,1.3526301702956056,30.0
-0.22438047064663869,1.439896632895322,42.0
-0.22438047064663869,1.5271630954950384,32.0
-0.22438047064663869,1.6144295580947547,37.0
-0.22438047064663869,1.7016960206944711,42.0
-0.22438047064663869,1.7889624832941875,48.0
-0.22438047064663869,1.8762289458939039,34.0
-0.22438047064663869,1.9634954084936203,42.0
-0.22438047064663869,2.050761871093337,53.0
-0.22438047064663869,2.138028333693054,43.0
-0.22438047064663869,2.2252947962927703,39.0
-0.22438047064663869,2.3125612588924866,49.0
-0.22438047064663869,2.399827721492203,46.0
-0.22438047064663869,2.4870941840919194,39.0
-0.22438047064663869,2.574360646691636,42.0
-0.22438047064663869,2.661627109291352,48.0
-0.22438047064663869,2.7488935718910685,43.0
-0.22438047064663869,2.8361600344907854,49.0
-0.22438047064663869,2.923426497090502,37.0
-0.22438047064663869,3.0106929596902186,33.0
-0.22438047064663869,3.097959422289935,39.0
-0.18464772207606672,-3.097959422289935,42.0
-0.18464772207606672,-3.0106929596902186,55.0
-0.18464772207606672,-2.923426497090502,42.0
-0.18464772207606672,-2.8361600344907854,41.0
-0.18464772207606672,-2.748893571891069,37.0
-0.18464772207606672,-2.6616271092913526,52.0
-0.18464772207606672,-2.574360646691636,48.0
-0.18464772207606672,-2.4870941840919194,41.0
-0.18464772207606672,-2.399827721492203,51.0
-0.18464772207606672,-2.3125612588924866,34.0
-0.18464772207606672,-2.2252947962927703,44.0
-0.18464772207606672,-2.138028333693054,50.0
-0.18464772207606672,-2.0507618710933375,41.0
-0.18464772207606672,-1.9634954084936207,38.0
-0.18464772207606672,-1.8762289458939043,30.0
-0.18464772207606672,-1.7889624832941877,46.0
-0.18464772207606672,-1.7016960206944713,46.0
-0.18464772207606672,-1.6144295580947547,40.0
-0.18464772207606672,-1.5271630954950384,48.0
-0.18464772207606672,-1.439896632895322,39.0
-0.18464772207606672,-1.3526301702956054,40.0
-0.18464772207606672,-1.2653637076958888,37.0
-0.18464772207606672,-1.1780972450961724,38.0
-0.18464772207606672,-1.090830782496456,39.0
-0.18464772207606672,-1.0035643198967397,59.0
-0.18464772207606672,-0.9162978572970231,48.0
-0.18464772207606672,-0.8290313946973065,41.0
-0.18464772207606672,-0.7417649320975901,51.0
-0.18464772207606672,-0.6544984694978737,37.0
-0.18464772207606672,-0.5672320068981571,57.0
-0.18464772207606672,-0.4799655442984405,51.0
-0.18464772207606672,-0.39269908169872414,47.0
-0.18464772207606672,-0.30543261909900776,45.0
-0.18464772207606672,-0.21816615649929139,36.0
-0.18464772207606672,-0.1308996938995748,36.0
-0.18464772207606672,-0.04363323129985819,55.0
-0.18464772207606672,0.04363323129985819,47.0
-0.18464772207606672,0.13089969389957457,50.0
-0.18464772207606672,0.21816615649929116,41.0
-0.18464772207606672,0.30543261909900776,45.0
-0.18464772207606672,0.39269908169872414,34.0
-0.18464772207606672,0.4799655442984405,46.0
-0.18464772207606672,0.5672320068981569,38.0
-0.18464772207606672,0.6544984694978735,54.0
-0.18464772207606672,0.7417649320975901,56.0
-0.18464772207606672,0.8290313946973065,39.0
-0.18464772207606672,0.9162978572970228,45.0
-0.18464772207606672,1.0035643198967392,48.0
-0.18464772207606672,1.0908307824964556,35.0
-0.18464772207606672,1.178097245096172,44.0
-0.18464772207606672,1.2653637076958888,57.0
-0.18464772207606672,1.3526301702956056,35.0
-0.18464772207606672,1.439896632895322,50.0
-0.18464772207606672,1.5271630954950384,41.0
-0.18464772207606672,1.6144295580947547,38.0
-0.18464772207606672,1.7016960206944711,46.0
-0.18464772207606672,1.7889624832941875,36.0
-0.18464772207606672,1.8762289458939039,33.0
-0.18464772207606672,1.9634954084936203,48.0
-0.18464772207606672,2.050761871093337,46.0
-0.18464772207606672,2.138028333693054,39.0
-0.18464772207606672,2.2252947962927703,45.0
-0.18464772207606672,2.3125612588924866,39.0
-0.18464772207606672,2.399827721492203,46.0
-0.18464772207606672,2.4870941840919194,41.0
-0.18464772207606672,2.574360646691636,55.0
-0.18464772207606672,2.661627109291352,53.0
-0.18464772207606672,2.7488935718910685,37.0
-0.18464772207606672,2.8361600344907854,48.0
-0.18464772207606672,2.923426497090502,38.0
-0.18464772207606672,3.0106929596902186,49.0
-0.18464772207606672,3.097959422289935,40.0
-0.14491497350549476,-3.097959422289935,38.0
-0.14491497350549476,-3.0106929596902186,38.0
-0.14491497350549476,-2.923426497090502,43.0
-0.14491497350549476,-2.8361600344907854,38.0
-0.14491497350549476,-2.748893571891069,45.0
-0.14491497350549476,-2.6616271092913526,53.0
-0.14491497350549476,-2.574360646691636,45.0
-0.14491497350549476,-2.4870941840919194,54.0
-0.14491497350549476,-2.399827721492203,41.0
-0.14491497350549476,-2.3125612588924866,40.0
-0.14491497350549476,-2.2252947962927703,34.0
-0.14491497350549476,-2.138028333693054,48.0
-0.14491497350549476,-2.0507618710933375,47.0
-0.14491497350549476,-1.9634954084936207,43.0
-0.14491497350549476,-1.8762289458939043,34.0
-0.14491497350549476,-1.7889624832941877,48.0
-0.14491497350549476,-1.7016960206944713,49.0
-0.14491497350549476,-1.6144295580947547,37.0
-0.14491497350549476,-1.5271630954950384,42.0
-0.14491497350549476,-1.439896632895322,42.0
-0.14491497350549476,-1.3526301702956054,51.0
-0.14491497350549476,-1.2653637076958888,47.0
-0.14491497350549476,-1.1780972450961724,56.0
-0.14491497350549476,-1.090830782496456,58.0
-0.14491497350549476,-1.0035643198967397,34.0
-0.14491497350549476,-0.9162978572970231,43.0
-0.14491497350549476,-0.8290313946973065,45.0
-0.14491497350549476,-0.7417649320975901,40.0
-0.14491497350549476,-0.6544984694978737,38.0
-0.14491497350549476,-0.5672320068981571,47.0
-0.14491497350549476,-0.4799655442984405,49.0
-0.14491497350549476,-0.39269908169872414,43.0
-0.14491497350549476,-0.30543261909900776,46.0
-0.14491497350549476,-0.21816615649929139,39.0
-0.14491497350549476,-0.1308996938995748,47.0
-0.14491497350549476,-0.04363323129985819,39.0
-0.14491497350549476,0.04363323129985819,30.0
-0.14491497350549476,0.13089969389957457,41.0
-0.14491497350549476,0.21816615649929116,43.0
-0.14491497350549476,0.30543261909900776,54.0
-0.14491497350549476,0.39269908169872414,52.0
-0.14491497350549476,0.4799655442984405,47.0
-0.14491497350549476,0.5672320068981569,31.0
-0.14491497350549476,0.6544984694978735,38.0
-0.14491497350549476,0.7417649320975901,45.0
-0.14491497350549476,0.8290313946973065,54.0
-0.14491497350549476,0.9162978572970228,38.0
-0.14491497350549476,1.0035643198967392,51.0
-0.14491497350549476,1.0908307824964556,53.0
-0.14491497350549476,1.178097245096172,45.0
-0.14491497350549476,1.2653637076958888,53.0
-0.14491497350549476,1.3526301702956056,38.0
-0.14491497350549476,1.439896632895322,43.0
-0.14491497350549476,1.5271630954950384,41.0
-0.14491497350549476,1.6144295580947547,40.0
-0.14491497350549476,1.7016960206944711,48.0
-0.14491497350549476,1.7889624832941875,62.0
-0.14491497350549476,1.8762289458939039,40.0
-0.14491497350549476,1.9634954084936203,38.0
-0.14491497350549476,2.050761871093337,41.0
-0.14491497350549476,2.138028333693054,44.0
-0.14491497350549476,2.2252947962927703,48.0
-0.14491497350549476,2.3125612588924866,46.0
-0.14491497350549476,2.399827721492203,43.0
-0.14491497350549476,2.4870941840919194,49.0
-0.14491497350549476,2.574360646691636,52.0
-0.14491497350549476,2.661627109291352,43.0
-0.14491497350549476,2.7488935718910685,48.0
-0.14491497350549476,2.8361600344907854,50.0
-0.14491497350549476,2.923426497090502,48.0
-0.14491497350549476,3.0106929596902186,50.0
-0.14491497350549476,3.097959422289935,41.0
-0.1051822249349228,-3.097959422289935,46.0
-0.1051822249349228,-3.0106929596902186,42.0
-0.1051822249349228,-2.923426497090502,55.0
-0.1051822249349228,-2.8361600344907854,64.0
-0.1051822249349228,-2.748893571891069,50.0
-0.1051822249349228,-2.6616271092913526,49.0
-0.1051822249349228,-2.574360646691636,40.0
-0.1051822249349228,-2.4870941840919194,39.0
-0.1051822249349228,-2.399827721492203,42.0
-0.1051822249349228,-2.3125612588924866,43.0
-0.1051822249349228,-2.2252947962927703,37.0
-0.1051822249349228,-2.138028333693054,48.0
-0.1051822249349228,-2.0507618710933375,35.0
-0.1051822249349228,-1.9634954084936207,43.0
-0.1051822249349228,-1.8762289458939043,44.0
-0.1051822249349228,-1.7889624832941877,47.0
-0.1051822249349228,-1.7016960206944713,36.0
-0.1051822249349228,-1.6144295580947547,52.0
-0.1051822249349228,-1.5271630954950384,53.0
-0.1051822249349228,-1.439896632895322,48.0
-0.1051822249349228,-1.3526301702956054,44.0
-0.1051822249349228,-1.2653637076958888,47.0
-0.1051822249349228,-1.1780972450961724,53.0
-0.1051822249349228,-1.090830782496456,45.0
-0.1051822249349228,-1.0035643198967397,52.0
-0.1051822249349228,-0.9162978572970231,43.0
-0.1051822249349228,-0.8290313946973065,40.0
-0.1051822249349228,-0.7417649320975901,41.0
-0.1051822249349228,-0.6544984694978737,49.0
-0.1051822249349228,-0.5672320068981571,61.0
-0.1051822249349228,-0.4799655442984405,48.0
-0.1051822249349228,-0.39269908169872414,45.0
-0.1051822249349228,-0.30543261909900776,42.0
-0.1051822249349228,-0.21816615649929139,55.0
-0.1051822249349228,-0.1308996938995748,50.0
-0.1051822249349228,-0.04363323129985819,46.0
-0.1051822249349228,0.04363323129985819,46.0
-0.1051822249349228,0.13089969389957457,47.0
-0.1051822249349228,0.21816615649929116,52.0
-0.1051822249349228,0.30543261909900776,46.0
-0.1051822249349228,0.39269908169872414,47.0
-0.1051822249349228,0.4799655442984405,43.0
-0.1051822249349228,0.5672320068981569,50.0
-0.1051822249349228,0.6544984694978735,44.0
-0.1051822249349228,0.7417649320975901,46.0
-0.1051822249349228,0.8290313946973065,58.0
-0.1051822249349228,0.9162978572970228,52.0
-0.1051822249349228,1.0035643198967392,64.0
-0.1051822249349228,1.0908307824964556,46.0
-0.1051822249349228,1.178097245096172,47.0
-0.1051822249349228,1.2653637076958888,47.0
-0.1051822249349228,1.3526301702956056,37.0
-0.1051822249349228,1.439896632895322,61.0
-0.1051822249349228,1.5271630954950384,45.0
-0.1051822249349228,1.6144295580947547,46.0
-0.1051822249349228,1.7016960206944711,53.0
-0.1051822249349228,1.7889624832941875,49.0
-0.1051822249349228,1.8762289458939039,60.0
-0.1051822249349228,1.9634954084936203,51.0
-0.1051822249349228,2.050761871093337,32.0
-0.1051822249349228,2.138028333693054,50.0
-0.1051822249349228,2.2252947962927703,42.0
-0.1051822249349228,2.3125612588924866,57.0
-0.1051822249349228,2.399827721492203,40.0
-0.1051822249349228,2.4870941840919194,51.0
-0.1051822249349228,2.574360646691636,35.0
-0.1051822249349228,2.661627109291352,46.0
-0.1051822249349228,2.7488935718910685,46.0
-0.1051822249349228,2.8361600344907854,50.0
-0.1051822249349228,2.923426497090502,59.0
-0.1051822249349228,3.0106929596902186,51.0
-0.1051822249349228,3.097959422289935,53.0
-0.06544947636435083,-3.097959422289935,49.0
-0.06544947636435083,-3.0106929596902186,52.0
-0.06544947636435083,-2.923426497090502,45.0
-0.06544947636435083,-2.8361600344907854,46.0
-0.06544947636435083,-2.748893571891069,42.0
-0.06544947636435083,-2.6616271092913526,42.0
-0.06544947636435083,-2.574360646691636,50.0
-0.06544947636435083,-2.4870941840919194,38.0
-0.06544947636435083,-2.399827721492203,56.0
-0.06544947636435083,-2.3125612588924866,60.0
-0.06544947636435083,-2.2252947962927703,46.0
-0.06544947636435083,-2.138028333693054,41.0
-0.06544947636435083,-2.0507618710933375,49.0
-0.06544947636435083,-1.9634954084936207,46.0
-0.06544947636435083,-1.8762289458939043,47.0
-0.06544947636435083,-1.7889624832941877,48.0
-0.06544947636435083,-1.7016960206944713,50.0
-0.06544947636435083,-1.6144295580947547,45.0
-0.06544947636435083,-1.5271630954950384,48.0
-0.06544947636435083,-1.439896632895322,55.0
-0.06544947636435083,-1.3526301702956054,45.0
-0.06544947636435083,-1.2653637076958888,43.0
-0.06544947636435083,-1.1780972450961724,59.0
-0.06544947636435083,-1.090830782496456,39.0
-0.06544947636435083,-1.0035643198967397,50.0
-0.06544947636435083,-0.9162978572970231,47.0
-0.06544947636435083,-0.8290313946973065,54.0
-0.06544947636435083,-0.7417649320975901,48.0
-0.06544947636435083,-0.6544984694978737,41.0
-0.06544947636435083,-0.5672320068981571,51.0
-0.06544947636435083,-0.4799655442984405,47.0
-0.06544947636435083,-0.39269908169872414,51.0
-0.06544947636435083,-0.30543261909900776,50.0
-0.06544947636435083,-0.21816615649929139,52.0
-0.06544947636435083,-0.1308996938995748,48.0
-0.06544947636435083,-0.04363323129985819,53.0
-0.06544947636435083,0.04363323129985819,55.0
-0.06544947636435083,0.13089969389957457,50.0
-0.06544947636435083,0.21816615649929116,46.0
-0.06544947636435083,0.30543261909900776,51.0
-0.06544947636435083,0.39269908169872414,53.0
-0.06544947636435083,0.4799655442984405,37.0
-0.06544947636435083,0.5672320068981569,61.0
-0.06544947636435083,0.6544984694978735,49.0
-0.06544947636435083,0.7417649320975901,43.0
-0.06544947636435083,0.8290313946973065,52.0
-0.06544947636435083,0.9162978572970228,43.0
-0.06544947636435083,1.0035643198967392,50.0
-0.06544947636435083,1.0908307824964556,62.0
-0.06544947636435083,1.178097245096172,49.0
-0.06544947636435083,1.2653637076958888,52.0
-0.06544947636435083,1.3526301702956056,61.0
-0.06544947636435083,1.439896632895322,42.0
-0.06544947636435083,1.5271630954950384,45.0
-0.06544947636435083,1.6144295580947547,52.0
-0.06544947636435083,1.7016960206944711,50.0
-0.06544947636435083,1.7889624832941875,56.0
-0.06544947636435083,1.8762289458939039,54.0
-0.06544947636435083,1.9634954084936203,62.0
-0.06544947636435083,2.050761871093337,44.0
-0.06544947636435083,2.138028333693054,46.0
-0.06544947636435083,2.2252947962927703,52.0
-0.06544947636435083,2.3125612588924866,44.0
-0.06544947636435083,2.399827721492203,45.0
-0.06544947636435083,2.4870941840919194,49.0
-0.06544947636435083,2.574360646691636,45.0
-0.06544947636435083,2.661627109291352,60.0
-0.06544947636435083,2.7488935718910685,50.0
-0.06544947636435083,2.8361600344907854,47.0
-0.06544947636435083,2.923426497090502,51.0
-0.06544947636435083,3.0106929596902186,41.0
-0.06544947636435083,3.097959422289935,43.0
-0.02571672779377887,-3.097959422289935,47.0
-0.02571672779377887,-3.0106929596902186,29.0
-0.02571672779377887,-2.923426497090502,40.0
-0.02571672779377887,-2.8361600344907854,54.0
-0.02571672779377887,-2.748893571891069,50.0
-0.02571672779377887,-2.6616271092913526,54.0
-0.02571672779377887,-2.574360646691636,42.0
-0.02571672779377887,-2.4870941840919194,48.0
-0.02571672779377887,-2.399827721492203,45.0
-0.02571672779377887,-2.3125612588924866,47.0
-0.02571672779377887,-2.2252947962927703,51.0
-0.02571672779377887,-2.138028333693054,46.0
-0.02571672779377887,-2.0507618710933375,50.0
-0.02571672779377887,-1.9634954084936207,52.0
-0.02571672779377887,-1.8762289458939043,41.0
-0.02571672779377887,-1.7889624832941877,55.0
-0.02571672779377887,-1.7016960206944713,34.0
-0.02571672779377887,-1.6144295580947547,40.0
-0.02571672779377887,-1.5271630954950384,47.0
-0.02571672779377887,-1.439896632895322,45.0
-0.02571672779377887,-1.3526301702956054,50.0
-0.02571672779377887,-1.2653637076958888,50.0
-0.02571672779377887,-1.1780972450961724,39.0
-0.02571672779377887,-1.090830782496456,55.0
-0.02571672779377887,-1.0035643198967397,60.0
-0.02571672779377887,-0.9162978572970231,40.0
-0.02571672779377887,-0.8290313946973065,60.0
-0.02571672779377887,-0.7417649320975901,50.0
-0.02571672779377887,-0.6544984694978737,38.0
-0.02571672779377887,-0.5672320068981571,53.0
-0.02571672779377887,-0.4799655442984405,51.0
-0.02571672779377887,-0.39269908169872414,45.0
-0.02571672779377887,-0.30543261909900776,48.0
-0.02571672779377887,-0.21816615649929139,43.0
-0.02571672779377887,-0.1308996938995748,54.0
-0.02571672779377887,-0.04363323129985819,57.0
-0.02571672779377887,0.04363323129985819,57.0
-0.02571672779377887,0.13089969389957457,43.0
-0.02571672779377887,0.21816615649929116,48.0
-0.02571672779377887,0.30543261909900776,53.0
-0.02571672779377887,0.39269908169872414,55.0
-0.02571672779377887,0.4799655442984405,59.0
-0.02571672779377887,0.5672320068981569,60.0
-0.02571672779377887,0.6544984694978735,45.0
-0.02571672779377887,0.7417649320975901,43.0
-0.02571672779377887,0.8290313946973065,53.0
-0.02571672779377887,0.9162978572970228,60.0
-0.02571672779377887,1.0035643198967392,47.0
-0.02571672779377887,1.0908307824964556,50.0
-0.02571672779377887,1.178097245096172,54.0
-0.02571672779377887,1.2653637076958888,44.0
-0.02571672779377887,1.3526301702956056,55.0
-0.02571672779377887,1.439896632895322,58.0
-0.02571672779377887,1.5271630954950384,36.0
-0.02571672779377887,1.6144295580947547,40.0
-0.02571672779377887,1.7016960206944711,43.0
-0.02571672779377887,1.7889624832941875,37.0
-0.02571672779377887,1.8762289458939039,52.0
-0.02571672779377887,1.9634954084936203,43.0
-0.02571672779377887,2.050761871093337,58.0
-0.02571672779377887,2.138028333693054,45.0
-0.02571672779377887,2.2252947962927703,47.0
-0.02571672779377887,2.3125612588924866,51.0
-0.02571672779377887,2.399827721492203,52.0
-0.02571672779377887,2.4870941840919194,40.0
-0.02571672779377887,2.574360646691636,44.0
-0.02571672779377887,2.661627109291352,36.0
-0.02571672779377887,2.7488935718910685,56.0
-0.02571672779377887,2.8361600344907854,56.0
-0.02571672779377887,2.923426497090502,35.0
-0.02571672779377887,3.0106929596902186,48.0
-0.02571672779377887,3.097959422289935,48.0
0.014016020776793092,-3.097959422289935,43.0
0.014016020776793092,-3.0106929596902186,53.0
0.014016020776793092,-2.923426497090502,50.0
0.014016020776793092,-2.8361600344907854,47.0
0.014016020776793092,-2.748893571891069,36.0
0.014016020776793092,-2.6616271092913526,43.0
0.014016020776793092,-2.574360646691636,40.0
0.014016020776793092,-2.4870941840919194,36.0
0.014016020776793092,-2.399827721492203,39.0
0.014016020776793092,-2.3125612588924866,43.0
0.014016020776793092,-2.2252947962927703,49.0
0.014016020776793092,-2.138028333693054,56.0
0.014016020776793092,-2.0507618710933375,54.0
0.014016020776793092,-1.9634954084936207,34.0
0.014016020776793092,-1.8762289458939043,43.0
0.014016020776793092,-1.7889624832941877,37.0
0.014016020776793092,-1.7016960206944713,59.0
0.014016020776793092,-1.6144295580947547,48.0
0.014016020776793092,-1.5271630954950384,58.0
0.014016020776793092,-1.439896632895322,46.0
0.014016020776793092,-1.3526301702956054,57.0
0.014016020776793092,-1.2653637076958888,46.0
0.014016020776793092,-1.1780972450961724,46.0
0.014016020776793092,-1.090830782496456,45.0
0.014016020776793092,-1.0035643198967397,47.0
0.014016020776793092,-0.9162978572970231,47.0
0.014016020776793092,-0.8290313946973065,50.0
0.014016020776793092,-0.7417649320975901,52.0
0.014016020776793092,-0.6544984694978737,57.0
0.014016020776793092,-0.5672320068981571,45.0
0.014016020776793092,-0.4799655442984405,48.0
0.014016020776793092,-0.39269908169872414,45.0
0.014016020776793092,-0.30543261909900776,63.0
0.014016020776793092,-0.21816615649929139,42.0
0.014016020776793092,-0.1308996938995748,43.0
0.014016020776793092,-0.04363323129985819,76.0
0.014016020776793092,0.04363323129985819,50.0
0.014016020776793092,0.13089969389957457,52.0
0.014016020776793092,0.21816615649929116,54.0
0.014016020776793092,0.30543261909900776,44.0
0.014016020776793092,0.39269908169872414,43.0
0.014016020776793092,0.4799655442984405,51.0
0.014016020776793092,0.5672320068981569,38.0
0.014016020776793092,0.6544984694978735,57.0
0.014016020776793092,0.7417649320975901,39.0
0.014016020776793092,0.8290313946973065,48.0
0.014016020776793092,0.9162978572970228,51.0
0.014016020776793092,1.0035643198967392,47.0
0.014016020776793092,1.0908307824964556,36.0
0.014016020776793092,1.178097245096172,55.0
0.014016020776793092,1.2653637076958888,40.0
0.014016020776793092,1.3526301702956056,52.0
0.014016020776793092,1.439896632895322,39.0
0.014016020776793092,1.5271630954950384,61.0
0.014016020776793092,1.6144295580947547,58.0
0.014016020776793092,1.7016960206944711,49.0
0.014016020776793092,1.7889624832941875,49.0
0.014016020776793092,1.8762289458939039,46.0
0.014016020776793092,1.9634954084936203,59.0
0.014016020776793092,2.050761871093337,48.0
0.014016020776793092,2.138028333693054,49.0
0.014016020776793092,2.2252947962927703,39.0
0.014016020776793092,2.3125612588924866,46.0
0.014016020776793092,2.399827721492203,47.0
0.014016020776793092,2.4870941840919194,42.0
0.014016020776793092,2.574360646691636,51.0
0.014016020776793092,2.661627109291352,64.0
0.014016020776793092,2.7488935718910685,35.0
0.014016020776793092,2.8361600344907854,47.0
0.014016020776793092,2.923426497090502,50.0
0.014016020776793092,3.0106929596902186,41.0
0.014016020776793092,3.097959422289935,46.0
0.053748769347364944,-3.097959422289935,53.0
0.053748769347364944,-3.0106929596902186,41.0
0.053748769347364944,-2.923426497090502,53.0
0.053748769347364944,-2.8361600344907854,40.0
0.053748769347364944,-2.748893571891069,48.0
0.053748769347364944,-2.6616271092913526,50.0
0.053748769347364944,-2.574360646691636,54.0
0.053748769347364944,-2.4870941840919194,46.0
0.053748769347364944,-2.399827721492203,52.0
0.053748769347364944,-2.3125612588924866,46.0
0.053748769347364944,-2.2252947962927703,55.0
0.053748769347364944,-2.138028333693054,43.0
0.053748769347364944,-2.0507618710933375,55.0
0.053748769347364944,-1.9634954084936207,47.0
0.053748769347364944,-1.8762289458939043,44.0
0.053748769347364944,-1.7889624832941877,56.0
0.053748769347364944,-1.7016960206944713,37.0
0.053748769347364944,-1.6144295580947547,57.0
0.053748769347364944,-1.5271630954950384,63.0
0.053748769347364944,-1.439896632895322,58.0
0.053748769347364944,-1.3526301702956054,46.0
0.053748769347364944,-1.2653637076958888,51.0
0.053748769347364944,-1.1780972450961724,38.0
0.053748769347364944,-1.090830782496456,43.0
0.053748769347364944,-1.0035643198967397,49.0
0.053748769347364944,-0.9162978572970231,35.0
0.053748769347364944,-0.8290313946973065,43.0
0.053748769347364944,-0.7417649320975901,44.0
0.053748769347364944,-0.6544984694978737,40.0
0.053748769347364944,-0.5672320068981571,49.0
0.053748769347364944,-0.4799655442984405,48.0
0.053748769347364944,-0.39269908169872414,60.0
0.053748769347364944,-0.30543261909900776,48.0
0.053748769347364944,-0.21816615649929139,38.0
0.053748769347364944,-0.1308996938995748,48.0
0.053748769347364944,-0.04363323129985819,38.0
0.053748769347364944,0.04363323129985819,41.0
0.053748769347364944,0.13089969389957457,43.0
0.053748769347364944,0.21816615649929116,45.0
0.053748769347364944,0.30543261909900776,45.0
0.053748769347364944,0.39269908169872414,49.0
0.053748769347364944,0.4799655442984405,43.0
0.053748769347364944,0.5672320068981569,58.0
0.053748769347364944,0.6544984694978735,40.0
0.053748769347364944,0.7417649320975901,51.0
0.053748769347364944,0.8290313946973065,55.0
0.053748769347364944,0.9162978572970228,56.0
0.053748769347364944,1.0035643198967392,52.0
0.053748769347364944,1.0908307824964556,43.0
0.053748769347364944,1.178097245096172,48.0
0.053748769347364944,1.2653637076958888,37.0
0.053748769347364944,1.3526301702956056,46.0
0.053748769347364944,1.439896632895322,54.0
0.053748769347364944,1.5271630954950384,57.0
0.053748769347364944,1.6144295580947547,45.0
0.053748769347364944,1.7016960206944711,36.0
0.053748769347364944,1.7889624832941875,38.0
0.053748769347364944,1.8762289458939039,48.0
0.053748769347364944,1.9634954084936203,50.0
0.053748769347364944,2.050761871093337,45.0
0.053748769347364944,2.138028333693054,41.0
0.053748769347364944,2.2252947962927703,44.0
0.053748769347364944,2.3125612588924866,42.0
0.053748769347364944,2.399827721492203,44.0
0.053748769347364944,2.4870941840919194,49.0
0.053748769347364944,2.574360646691636,48.0
0.053748769347364944,2.661627109291352,48.0
0.053748769347364944,2.7488935718910685,45.0
0.053748769347364944,2.8361600344907854,45.0
0.053748769347364944,2.923426497090502,55.0
0.053748769347364944,3.0106929596902186,52.0
0.053748769347364944,3.097959422289935,41.0
0.09348151791793691,-3.097959422289935,64.0
0.09348151791793691,-3.0106929596902186,49.0
0.09348151791793691,-2.923426497090502,40.0
0.09348151791793691,-2.8361600344907854,47.0
0.09348151791793691,-2.748893571891069,41.0
0.09348151791793691,-2.6616271092913526,39.0
0.09348151791793691,-2.574360646691636,46.0
0.09348151791793691,-2.4870941840919194,45.0
0.09348151791793691,-2.399827721492203,48.0
0.09348151791793691,-2.3125612588924866,53.0
0.09348151791793691,-2.2252947962927703,50.0
0.09348151791793691,-2.138028333693054,40.0
0.09348151791793691,-2.0507618710933375,59.0
0.09348151791793691,-1.9634954084936207,49.0
0.09348151791793691,-1.8762289458939043,47.0
0.09348151791793691,-1.7889624832941877,46.0
0.09348151791793691,-1.7016960206944713,42.0
0.09348151791793691,-1.6144295580947547,49.0
0.09348151791793691,-1.5271630954950384,47.0
0.09348151791793691,-1.439896632895322,47.0
0.09348151791793691,-1.3526301702956054,49.0
0.09348151791793691,-1.2653637076958888,46.0
0.09348151791793691,-1.1780972450961724,37.0
0.09348151791793691,-1.090830782496456,44.0
0.09348151791793691,-1.0035643198967397,42.0
0.09348151791793691,-0.9162978572970231,51.0
0.09348151791793691,-0.8290313946973065,48.0
0.09348151791793691,-0.7417649320975901,47.0
0.09348151791793691,-0.6544984694978737,58.0
0.09348151791793691,-0.5672320068981571,44.0
0.09348151791793691,-0.4799655442984405,48.0
0.09348151791793691,-0.39269908169872414,52.0
0.09348151791793691,-0.30543261909900776,66.0
0.09348151791793691,-0.21816615649929139,54.0
0.09348151791793691,-0.1308996938995748,46.0
0.09348151791793691,-0.04363323129985819,42.0
0.09348151791793691,0.04363323129985819,48.0
0.09348151791793691,0.13089969389957457,45.0
0.09348151791793691,0.21816615649929116,47.0
0.09348151791793691,0.30543261909900776,52.0
0.09348151791793691,0.39269908169872414,57.0
0.09348151791793691,0.4799655442984405,41.0
0.09348151791793691,0.5672320068981569,43.0
0.09348151791793691,0.6544984694978735,44.0
0.09348151791793691,0.7417649320975901,45.0
0.09348151791793691,0.8290313946973065,46.0
0.09348151791793691,0.9162978572970228,43.0
0.09348151791793691,1.0035643198967392,43.0
0.09348151791793691,1.0908307824964556,48.0
0.09348151791793691,1.178097245096172,60.0
0.09348151791793691,1.2653637076958888,41.0
0.09348151791793691,1.3526301702956056,46.0
0.09348151791793691,1.439896632895322,50.0
0.09348151791793691,1.5271630954950384,53.0
0.09348151791793691,1.6144295580947547,42.0
0.09348151791793691,1.7016960206944711,49.0
0.09348151791793691,1.7889624832941875,43.0
0.09348151791793691,1.8762289458939039,39.0
0.09348151791793691,1.9634954084936203,49.0
0.09348151791793691,2.050761871093337,39.0
0.09348151791793691,2.138028333693054,36.0
0.09348151791793691,2.2252947962927703,47.0
0.09348151791793691,2.3125612588924866,50.0
0.09348151791793691,2.399827721492203,41.0
0.09348151791793691,2.4870941840919194,39.0
0.09348151791793691,2.574360646691636,45.0
0.09348151791793691,2.661627109291352,76.0
0.09348151791793691,2.7488935718910685,45.0
0.09348151791793691,2.8361600344907854,42.0
0.09348151791793691,2.923426497090502,38.0
0.09348151791793691,3.0106929596902186,50.0
0.09348151791793691,3.097959422289935,38.0
0.13321426648850887,-3.097959422289935,52.0
0.13321426648850887,-3.0106929596902186,44.0
0.13321426648850887,-2.923426497090502,61.0
0.13321426648850887,-2.8361600344907854,50.0
0.13321426648850887,-2.748893571891069,38.0
0.13321426648850887,-2.6616271092913526,45.0
0.13321426648850887,-2.574360646691636,50.0
0.13321426648850887,-2.4870941840919194,38.0
0.13321426648850887,-2.399827721492203,30.0
0.13321426648850887,-2.3125612588924866,52.0
0.13321426648850887,-2.2252947962927703,34.0
0.13321426648850887,-2.138028333693054,48.0
0.13321426648850887,-2.0507618710933375,38.0
0.13321426648850887,-1.9634954084936207,40.0
0.13321426648850887,-1.8762289458939043,39.0
0.13321426648850887,-1.7889624832941877,40.0
0.13321426648850887,-1.7016960206944713,41.0
0.13321426648850887,-1.6144295580947547,57.0
0.13321426648850887,-1.5271630954950384,53.0
0.13321426648850887,-1.439896632895322,43.0
0.13321426648850887,-1.3526301702956054,43.0
0.13321426648850887,-1.2653637076958888,57.0
0.13321426648850887,-1.1780972450961724,53.0
0.13321426648850887,-1.090830782496456,53.0
0.13321426648850887,-1.0035643198967397,41.0
0.13321426648850887,-0.9162978572970231,37.0
0.13321426648850887,-0.8290313946973065,36.0
0.13321426648850887,-0.7417649320975901,45.0
0.13321426648850887,-0.6544984694978737,37.0
0.13321426648850887,-0.5672320068981571,36.0
0.13321426648850887,-0.4799655442984405,43.0
0.13321426648850887,-0.39269908169872414,39.0
0.13321426648850887,-0.30543261909900776,38.0
0.13321426648850887,-0.21816615649929139,43.0
0.13321426648850887,-0.1308996938995748,45.0
0.13321426648850887,-0.04363323129985819,52.0
0.13321426648850887,0.04363323129985819,48.0
0.13321426648850887,0.13089969389957457,54.0
0.13321426648850887,0.21816615649929116,49.0
0.13321426648850887,0.30543261909900776,42.0
0.13321426648850887,0.39269908169872414,33.0
0.13321426648850887,0.4799655442984405,47.0
0.13321426648850887,0.5672320068981569,43.0
0.13321426648850887,0.6544984694978735,36.0
0.13321426648850887,0.7417649320975901,60.0
0.13321426648850887,0.8290313946973065,44.0
0.13321426648850887,0.9162978572970228,50.0
0.13321426648850887,1.0035643198967392,50.0
0.13321426648850887,1.0908307824964556,36.0
0.13321426648850887,1.178097245096172,54.0
0.13321426648850887,1.2653637076958888,39.0
0.13321426648850887,1.3526301702956056,40.0
0.13321426648850887,1.439896632895322,42.0
0.13321426648850887,1.5271630954950384,42.0
0.13321426648850887,1.6144295580947547,49.0
0.13321426648850887,1.7016960206944711,48.0
0.13321426648850887,1.7889624832941875,49.0
0.13321426648850887,1.8762289458939039,41.0
0.13321426648850887,1.9634954084936203,50.0
0.13321426648850887,2.050761871093337,35.0
0.13321426648850887,2.138028333693054,54.0
0.13321426648850887,2.2252947962927703,37.0
0.13321426648850887,2.3125612588924866,41.0
0.13321426648850887,2.399827721492203,60.0
0.13321426648850887,2.4870941840919194,49.0
0.13321426648850887,2.574360646691636,45.0
0.13321426648850887,2.661627109291352,52.0
0.13321426648850887,2.7488935718910685,38.0
0.13321426648850887,2.8361600344907854,57.0
0.13321426648850887,2.923426497090502,41.0
0.13321426648850887,3.0106929596902186,54.0
0.13321426648850887,3.097959422289935,53.0
0.17294701505908083,-3.097959422289935,49.0
0.17294701505908083,-3.0106929596902186,42.0
0.17294701505908083,-2.923426497090502,60.0
0.17294701505908083,-2.8361600344907854,53.0
0.17294701505908083,-2.748893571891069,44.0
0.17294701505908083,-2.6616271092913526,42.0
0.17294701505908083,-2.574360646691636,50.0
0.17294701505908083,-2.4870941840919194,33.0
0.17294701505908083,-2.399827721492203,39.0
0.17294701505908083,-2.3125612588924866,48.0
0.17294701505908083,-2.2252947962927703,55.0
0.17294701505908083,-2.138028333693054,38.0
0.17294701505908083,-2.0507618710933375,47.0
0.17294701505908083,-1.9634954084936207,42.0
0.17294701505908083,-1.8762289458939043,49.0
0.17294701505908083,-1.7889624832941877,37.0
0.17294701505908083,-1.7016960206944713,43.0
0.17294701505908083,-1.6144295580947547,42.0
0.17294701505908083,-1.5271630954950384,37.0
0.17294701505908083,-1.439896632895322,46.0
0.17294701505908083,-1.3526301702956054,42.0
0.17294701505908083,-1.2653637076958888,41.0
0.17294701505908083,-1.1780972450961724,43.0
0.17294701505908083,-1.090830782496456,35.0
0.17294701505908083,-1.0035643198967397,56.0
0.17294701505908083,-0.9162978572970231,40.0
0.17294701505908083,-0.8290313946973065,47.0
0.17294701505908083,-0.7417649320975901,36.0
0.17294701505908083,-0.6544984694978737,47.0
0.17294701505908083,-0.5672320068981571,43.0
0.17294701505908083,-0.4799655442984405,39.0
0.17294701505908083,-0.39269908169872414,53.0
0.17294701505908083,-0.30543261909900776,43.0
0.17294701505908083,-0.21816615649929139,45.0
0.17294701505908083,-0.1308996938995748,44.0
0.17294701505908083,-0.04363323129985819,42.0
0.17294701505908083,0.04363323129985819,41.0
0.17294701505908083,0.13089969389957457,51.0
0.17294701505908083,0.21816615649929116,58.0
0.17294701505908083,0.30543261909900776,35.0
0.17294701505908083,0.39269908169872414,40.0
0.17294701505908083,0.4799655442984405,49.0
0.17294701505908083,0.5672320068981569,39.0
0.17294701505908083,0.6544984694978735,40.0
0.17294701505908083,0.7417649320975901,46.0
0.17294701505908083,0.8290313946973065,56.0
0.17294701505908083,0.9162978572970228,41.0
0.17294701505908083,1.0035643198967392,40.0
0.17294701505908083,1.0908307824964556,44.0
0.17294701505908083,1.178097245096172,54.0
0.17294701505908083,1.2653637076958888,51.0
0.17294701505908083,1.3526301702956056,49.0
0.17294701505908083,1.439896632895322,44.0
0.17294701505908083,1.5271630954950384,47.0
0.17294701505908083,1.6144295580947547,38.0
0.17294701505908083,1.7016960206944711,60.0
0.17294701505908083,1.7889624832941875,47.0
0.17294701505908083,1.8762289458939039,39.0
0.17294701505908083,1.9634954084936203,38.0
0.17294701505908083,2.050761871093337,49.0
0.17294701505908083,2.138028333693054,56.0
0.17294701505908083,2.2252947962927703,37.0
0.17294701505908083,2.3125612588924866,61.0
0.17294701505908083,2.399827721492203,62.0
0.17294701505908083,2.4870941840919194,38.0
0.17294701505908083,2.574360646691636,54.0
0.17294701505908083,2.661627109291352,41.0
0.17294701505908083,2.7488935718910685,50.0
0.17294701505908083,2.8361600344907854,45.0
0.17294701505908083,2.923426497090502,51.0
0.17294701505908083,3.0106929596902186,39.0
0.17294701505908083,3.097959422289935,36.0
0.2126797636296528,-3.097959422289935,44.0
0.2126797636296528,-3.0106929596902186,43.0
0.2126797636296528,-2.923426497090502,44.0
0.2126797636296528,-2.8361600344907854,45.0
0.2126797636296528,-2.748893571891069,41.0
0.2126797636296528,-2.6616271092913526,50.0
0.2126797636296528,-2.574360646691636,50.0
0.2126797636296528,-2.4870941840919194,44.0
0.2126797636296528,-2.399827721492203,43.0
0.2126797636296528,-2.3125612588924866,58.0
0.2126797636296528,-2.2252947962927703,49.0
0.2126797636296528,-2.138028333693054,46.0
0.2126797636296528,-2.0507618710933375,41.0
0.2126797636296528,-1.9634954084936207,42.0
0.2126797636296528,-1.8762289458939043,33.0
0.2126797636296528,-1.7889624832941877,38.0
0.2126797636296528,-1.7016960206944713,43.0
0.2126797636296528,-1.6144295580947547,44.0
0.2126797636296528,-1.5271630954950384,33.0
0.2126797636296528,-1.439896632895322,48.0
0.2126797636296528,-1.3526301702956054,36.0
0.2126797636296528,-1.2653637076958888,40.0
0.2126797636296528,-1.1780972450961724,41.0
0.2126797636296528,-1.090830782496456,54.0
0.2126797636296528,-1.0035643198967397,51.0
0.2126797636296528,-0.9162978572970231,42.0
0.2126797636296528,-0.8290313946973065,44.0
0.2126797636296528,-0.7417649320975901,40.0
0.2126797636296528,-0.6544984694978737,40.0
0.2126797636296528,-0.5672320068981571,40.0
0.2126797636296528,-0.4799655442984405,26.0
0.2126797636296528,-0.39269908169872414,37.0
0.2126797636296528,-0.30543261909900776,40.0
0.2126797636296528,-0.21816615649929139,36.0
0.2126797636296528,-0.1308996938995748,44.0
0.2126797636296528,-0.04363323129985819,45.0
0.2126797636296528,0.04363323129985819,46.0
0.2126797636296528,0.13089969389957457,46.0
0.2126797636296528,0.21816615649929116,48.0
0.2126797636296528,0.30543261909900776,44.0
0.2126797636296528,0.39269908169872414,44.0
0.2126797636296528,0.4799655442984405,39.0
0.2126797636296528,0.5672320068981569,33.0
0.2126797636296528,0.6544984694978735,46.0
0.2126797636296528,0.7417649320975901,43.0
0.2126797636296528,0.8290313946973065,47.0
0.2126797636296528,0.9162978572970228,40.0
0.2126797636296528,1.0035643198967392,48.0
0.2126797636296528,1.0908307824964556,45.0
0.2126797636296528,1.178097245096172,32.0
0.2126797636296528,1.2653637076958888,54.0
0.2126797636296528,1.3526301702956056,40.0
0.2126797636296528,1.439896632895322,38.0
0.2126797636296528,1.5271630954950384,58.0
0.2126797636296528,1.6144295580947547,52.0
0.2126797636296528,1.7016960206944711,49.0
0.2126797636296528,1.7889624832941875,41.0
0.2126797636296528,1.8762289458939039,57.0
0.2126797636296528,1.9634954084936203,50.0
0.2126797636296528,2.050761871093337,41.0
0.2126797636296528,2.138028333693054,50.0
0.2126797636296528,2.2252947962927703,43.0
0.2126797636296528,2.3125612588924866,44.0
0.2126797636296528,2.399827721492203,38.0
0.2126797636296528,2.4870941840919194,50.0
0.2126797636296528,2.574360646691636,35.0
0.2126797636296528,2.661627109291352,41.0
0.2126797636296528,2.7488935718910685,53.0
0.2126797636296528,2.8361600344907854,53.0
0.2126797636296528,2.923426497090502,39.0
0.2126797636296528,3.0106929596902186,44.0
0.2126797636296528,3.097959422289935,51.0
0.25241251220022476,-3.097959422289935,47.0
0.25241251220022476,-3.0106929596902186,43.0
0.25241251220022476,-2.923426497090502,46.0
0.25241251220022476,-2.8361600344907854,35.0
0.25241251220022476,-2.748893571891069,44.0
0.25241251220022476,-2.6616271092913526,56.0
0.25241251220022476,-2.574360646691636,38.0
0.25241251220022476,-2.4870941840919194,40.0
0.25241251220022476,-2.399827721492203,37.0
0.25241251220022476,-2.3125612588924866,45.0
0.25241251220022476,-2.2252947962927703,54.0
0.25241251220022476,-2.138028333693054,34.0
0.25241251220022476,-2.0507618710933375,36.0
0.25241251220022476,-1.9634954084936207,52.0
0.25241251220022476,-1.8762289458939043,43.0
0.25241251220022476,-1.7889624832941877,44.0
0.25241251220022476,-1.7016960206944713,36.0
0.25241251220022476,-1.6144295580947547,42.0
0.25241251220022476,-1.5271630954950384,46.0
0.25241251220022476,-1.439896632895322,42.0
0.25241251220022476,-1.3526301702956054,45.0
0.25241251220022476,-1.2653637076958888,52.0
0.25241251220022476,-1.1780972450961724,32.0
0.25241251220022476,-1.090830782496456,40.0
0.25241251220022476,-1.0035643198967397,46.0
0.25241251220022476,-0.9162978572970231,36.0
0.25241251220022476,-0.8290313946973065,42.0
0.25241251220022476,-0.7417649320975901,43.0
0.25241251220022476,-0.6544984694978737,33.0
0.25241251220022476,-0.5672320068981571,32.0
0.25241251220022476,-0.4799655442984405,36.0
0.25241251220022476,-0.39269908169872414,42.0
0.25241251220022476,-0.30543261909900776,42.0
0.25241251220022476,-0.21816615649929139,33.0
0.25241251220022476,-0.1308996938995748,52.0
0.25241251220022476,-0.04363323129985819,41.0
0.25241251220022476,0.04363323129985819,47.0
0.25241251220022476,0.13089969389957457,40.0
0.25241251220022476,0.21816615649929116,52.0
0.25241251220022476,0.30543261909900776,34.0
0.25241251220022476,0.39269908169872414,39.0
0.25241251220022476,0.4799655442984405,37.0
0.25241251220022476,0.5672320068981569,36.0
0.25241251220022476,0.6544984694978735,36.0
0.25241251220022476,0.7417649320975901,46.0
0.25241251220022476,0.8290313946973065,43.0
0.25241251220022476,0.9162978572970228,46.0
0.25241251220022476,1.0035643198967392,43.0
0.25241251220022476,1.0908307824964556,42.0
0.25241251220022476,1.178097245096172,45.0
0.25241251220022476,1.2653637076958888,42.0
0.25241251220022476,1.3526301702956056,45.0
0.25241251220022476,1.439896632895322,41.0
0.25241251220022476,1.5271630954950384,43.0
0.25241251220022476,1.6144295580947547,48.0
0.25241251220022476,1.7016960206944711,40.0
0.25241251220022476,1.7889624832941875,32.0
0.25241251220022476,1.8762289458939039,35.0
0.25241251220022476,1.9634954084936203,44.0
0.25241251220022476,2.050761871093337,38.0
0.25241251220022476,2.138028333693054,37.0
0.25241251220022476,2.2252947962927703,31.0
0.25241251220022476,2.3125612588924866,38.0
0.25241251220022476,2.399827721492203,46.0
0.25241251220022476,2.4870941840919194,42.0
0.25241251220022476,2.574360646691636,34.0
0.25241251220022476,2.661627109291352,41.0
0.25241251220022476,2.7488935718910685,35.0
0.25241251220022476,2.8361600344907854,49.0
0.25241251220022476,2.923426497090502,41.0
0.25241251220022476,3.0106929596902186,41.0
0.25241251220022476,3.097959422289935,33.0
0.2921452607707967,-3.097959422289935,43.0
0.2921452607707967,-3.0106929596902186,51.0
0.2921452607707967,-2.923426497090502,28.0
0.2921452607707967,-2.8361600344907854,42.0
0.2921452607707967,-2.748893571891069,29.0
0.2921452607707967,-2.6616271092913526,39.0
0.2921452607707967,-2.574360646691636,42.0
0.2921452607707967,-2.4870941840919194,37.0
0.2921452607707967,-2.399827721492203,47.0
0.2921452607707967,-2.3125612588924866,40.0
0.2921452607707967,-2.2252947962927703,39.0
0.2921452607707967,-2.138028333693054,36.0
0.2921452607707967,-2.0507618710933375,47.0
0.2921452607707967,-1.9634954084936207,47.0
0.2921452607707967,-1.8762289458939043,43.0
0.2921452607707967,-1.7889624832941877,43.0
0.2921452607707967,-1.7016960206944713,46.0
0.2921452607707967,-1.6144295580947547,52.0
0.2921452607707967,-1.5271630954950384,41.0
0.2921452607707967,-1.439896632895322,48.0
0.2921452607707967,-1.3526301702956054,38.0
0.2921452607707967,-1.2653637076958888,36.0
0.2921452607707967,-1.1780972450961724,53.0
0.2921452607707967,-1.090830782496456,34.0
0.2921452607707967,-1.0035643198967397,43.0
0.2921452607707967,-0.9162978572970231,33.0
0.2921452607707967,-0.8290313946973065,45.0
0.2921452607707967,-0.7417649320975901,44.0
0.2921452607707967,-0.6544984694978737,41.0
0.2921452607707967,-0.5672320068981571,59.0
0.2921452607707967,-0.4799655442984405,43.0
0.2921452607707967,-0.39269908169872414,46.0
0.2921452607707967,-0.30543261909900776,35.0
0.2921452607707967,-0.21816615649929139,42.0
0.2921452607707967,-0.1308996938995748,35.0
0.2921452607707967,-0.04363323129985819,43.0
0.2921452607707967,0.04363323129985819,36.0
0.2921452607707967,0.13089969389957457,41.0
0.2921452607707967,0.21816615649929116,44.0
0.2921452607707967,0.30543261909900776,43.0
0.2921452607707967,0.39269908169872414,51.0
0.2921452607707967,0.4799655442984405,47.0
0.2921452607707967,0.5672320068981569,44.0
0.2921452607707967,0.6544984694978735,46.0
0.2921452607707967,0.7417649320975901,40.0
0.2921452607707967,0.8290313946973065,41.0
0.2921452607707967,0.9162978572970228,47.0
0.2921452607707967,1.0035643198967392,43.0
0.2921452607707967,1.0908307824964556,35.0
0.2921452607707967,1.178097245096172,33.0
0.2921452607707967,1.2653637076958888,31.0
0.2921452607707967,1.3526301702956056,38.0
0.2921452607707967,1.439896632895322,48.0
0.2921452607707967,1.5271630954950384,41.0
0.2921452607707967,1.6144295580947547,40.0
0.2921452607707967,1.7016960206944711,45.0
0.2921452607707967,1.7889624832941875,44.0
0.2921452607707967,1.8762289458939039,50.0
0.2921452607707967,1.9634954084936203,36.0
0.2921452607707967,2.050761871093337,38.0
0.2921452607707967,2.138028333693054,47.0
0.2921452607707967,2.2252947962927703,45.0
0.2921452607707967,2.3125612588924866,37.0
0.2921452607707967,2.399827721492203,52.0
0.2921452607707967,2.4870941840919194,36.0
0.2921452607707967,2.574360646691636,50.0
0.2921452607707967,2.661627109291352,33.0
0.2921452607707967,2.7488935718910685,45.0
0.2921452607707967,2.8361600344907854,38.0
0.2921452607707967,2.923426497090502,42.0
0.2921452607707967,3.0106929596902186,28.0
0.2921452607707967,3.097959422289935,36.0
0.3318780093413686,-3.097959422289935,40.0
0.3318780093413686,-3.0106929596902186,42.0
0.3318780093413686,-2.923426497090502,37.0
0.3318780093413686,-2.8361600344907854,37.0
0.3318780093413686,-2.748893571891069,38.0
0.3318780093413686,-2.6616271092913526,37.0
0.3318780093413686,-2.574360646691636,40.0
0.3318780093413686,-2.4870941840919194,32.0
0.3318780093413686,-2.399827721492203,44.0
0.3318780093413686,-2.3125612588924866,58.0
0.3318780093413686,-2.2252947962927703,35.0
0.3318780093413686,-2.138028333693054,42.0
0.3318780093413686,-2.0507618710933375,30.0
0.3318780093413686,-1.9634954084936207,49.0
0.3318780093413686,-1.8762289458939043,37.0
0.3318780093413686,-1.7889624832941877,34.0
0.3318780093413686,-1.7016960206944713,44.0
0.3318780093413686,-1.6144295580947547,44.0
0.3318780093413686,-1.5271630954950384,39.0
0.3318780093413686,-1.439896632895322,41.0
0.3318780093413686,-1.3526301702956054,43.0
0.3318780093413686,-1.2653637076958888,37.0
0.3318780093413686,-1.1780972450961724,31.0
0.3318780093413686,-1.090830782496456,39.0
0.3318780093413686,-1.0035643198967397,44.0
0.3318780093413686,-0.9162978572970231,42.0
0.3318780093413686,-0.8290313946973065,38.0
0.3318780093413686,-0.7417649320975901,48.0
0.3318780093413686,-0.6544984694978737,44.0
0.3318780093413686,-0.5672320068981571,48.0
0.3318780093413686,-0.4799655442984405,21.0
0.3318780093413686,-0.39269908169872414,39.0
0.3318780093413686,-0.30543261909900776,40.0
0.3318780093413686,-0.21816615649929139,34.0
0.3318780093413686,-0.1308996938995748,36.0
0.3318780093413686,-0.04363323129985819,40.0
0.3318780093413686,0.04363323129985819,32.0
0.3318780093413686,0.13089969389957457,31.0
0.3318780093413686,0.21816615649929116,33.0
0.3318780093413686,0.30543261909900776,41.0
0.3318780093413686,0.39269908169872414,53.0
0.3318780093413686,0.4799655442984405,45.0
0.3318780093413686,0.5672320068981569,40.0
0.3318780093413686,0.6544984694978735,31.0
0.3318780093413686,0.7417649320975901,43.0
0.3318780093413686,0.8290313946973065,34.0
0.3318780093413686,0.9162978572970228,36.0
0.3318780093413686,1.0035643198967392,48.0
0.3318780093413686,1.0908307824964556,42.0
0.3318780093413686,1.178097245096172,38.0
0.3318780093413686,1.2653637076958888,53.0
0.3318780093413686,1.3526301702956056,40.0
0.3318780093413686,1.439896632895322,46.0
0.3318780093413686,1.5271630954950384,33.0
0.3318780093413686,1.6144295580947547,34.0
0.3318780093413686,1.7016960206944711,37.0
0.3318780093413686,1.7889624832941875,46.0
0.3318780093413686,1.8762289458939039,36.0
0.3318780093413686,1.9634954084936203,27.0
0.3318780093413686,2.050761871093337,39.0
0.3318780093413686,2.138028333693054,30.0
0.3318780093413686,2.2252947962927703,37.0
0.3318780093413686,2.3125612588924866,38.0
0.3318780093413686,2.399827721492203,42.0
0.3318780093413686,2.4870941840919194,39.0
0.3318780093413686,2.574360646691636,46.0
0.3318780093413686,2.661627109291352,43.0
0.3318780093413686,2.7488935718910685,40.0
0.3318780093413686,2.8361600344907854,42.0
0.3318780093413686,2.923426497090502,34.0
0.3318780093413686,3.0106929596902186,48.0
0.3318780093413686,3.097959422289935,26.0
0.37161075791194054,-3.097959422289935,38.0
0.37161075791194054,-3.0106929596902186,39.0
0.37161075791194054,-2.923426497090502,38.0
0.37161075791194054,-2.8361600344907854,36.0
0.37161075791194054,-2.748893571891069,42.0
0.37161075791194054,-2.6616271092913526,33.0
0.37161075791194054,-2.574360646691636,43.0
0.37161075791194054,-2.4870941840919194,41.0
0.37161075791194054,-2.399827721492203,37.0
0.37161075791194054,-2.3125612588924866,46.0
0.37161075791194054,-2.2252947962927703,38.0
0.37161075791194054,-2.138028333693054,53.0
0.37161075791194054,-2.0507618710933375,49.0
0.37161075791194054,-1.9634954084936207,47.0
0.37161075791194054,-1.8762289458939043,40.0
0.37161075791194054,-1.7889624832941877,39.0
0.37161075791194054,-1.7016960206944713,37.0
0.37161075791194054,-1.6144295580947547,45.0
0.37161075791194054,-1.5271630954950384,46.0
0.37161075791194054,-1.439896632895322,32.0
0.37161075791194054,-1.3526301702956054,42.0
0.37161075791194054,-1.2653637076958888,47.0
0.37161075791194054,-1.1780972450961724,34.0
0.37161075791194054,-1.090830782496456,26.0
0.37161075791194054,-1.0035643198967397,37.0
0.37161075791194054,-0.9162978572970231,34.0
0.37161075791194054,-0.8290313946973065,28.0
0.37161075791194054,-0.7417649320975901,42.0
0.37161075791194054,-0.6544984694978737,34.0
0.37161075791194054,-0.5672320068981571,54.0
0.37161075791194054,-0.4799655442984405,40.0
0.37161075791194054,-0.39269908169872414,36.0
0.37161075791194054,-0.30543261909900776,42.0
0.37161075791194054,-0.21816615649929139,47.0
0.37161075791194054,-0.1308996938995748,32.0
0.37161075791194054,-0.04363323129985819,34.0
0.37161075791194054,0.04363323129985819,32.0
0.37161075791194054,0.13089969389957457,45.0
0.37161075791194054,0.21816615649929116,38.0
0.37161075791194054,0.30543261909900776,35.0
0.37161075791194054,0.39269908169872414,45.0
0.37161075791194054,0.4799655442984405,34.0
0.37161075791194054,0.5672320068981569,51.0
0.37161075791194054,0.6544984694978735,37.0
0.37161075791194054,0.7417649320975901,35.0
0.37161075791194054,0.8290313946973065,49.0
0.37161075791194054,0.9162978572970228,26.0
0.37161075791194054,1.0035643198967392,46.0
0.37161075791194054,1.0908307824964556,41.0
0.37161075791194054,1.178097245096172,41.0
0.37161075791194054,1.2653637076958888,42.0
0.37161075791194054,1.3526301702956056,34.0
0.37161075791194054,1.439896632895322,46.0
0.37161075791194054,1.5271630954950384,32.0
0.37161075791194054,1.6144295580947547,40.0
0.37161075791194054,1.7016960206944711,34.0
0.37161075791194054,1.7889624832941875,36.0
0.37161075791194054,1.8762289458939039,36.0
0.37161075791194054,1.9634954084936203,44.0
0.37161075791194054,2.050761871093337,39.0
0.37161075791194054,2.138028333693054,34.0
0.37161075791194054,2.2252947962927703,34.0
0.37161075791194054,2.3125612588924866,28.0
0.37161075791194054,2.399827721492203,48.0
0.37161075791194054,2.4870941840919194,35.0
0.37161075791194054,2.574360646691636,39.0
0.37161075791194054,2.661627109291352,43.0
0.37161075791194054,2.7488935718910685,44.0
0.37161075791194054,2.8361600344907854,36.0
0.37161075791194054,2.923426497090502,43.0
0.37161075791194054,3.0106929596902186,38.0
0.37161075791194054,3.097959422289935,45.0
0.4113435064825126,-3.097959422289935,33.0
0.4113435064825126,-3.0106929596902186,45.0
0.4113435064825126,-2.923426497090502,27.0
0.4113435064825126,-2.8361600344907854,40.0
0.4113435064825126,-2.748893571891069,30.0
0.4113435064825126,-2.6616271092913526,39.0
0.4113435064825126,-2.574360646691636,32.0
0.4113435064825126,-2.4870941840919194,34.0
0.4113435064825126,-2.399827721492203,33.0
0.4113435064825126,-2.3125612588924866,32.0
0.4113435064825126,-2.2252947962927703,33.0
0.4113435064825126,-2.138028333693054,33.0
0.4113435064825126,-2.0507618710933375,44.0
0.4113435064825126,-1.9634954084936207,34.0
0.4113435064825126,-1.8762289458939043,45.0
0.4113435064825126,-1.7889624832941877,48.0
0.4113435064825126,-1.7016960206944713,53.0
0.4113435064825126,-1.6144295580947547,46.0
0.4113435064825126,-1.5271630954950384,47.0
0.4113435064825126,-1.439896632895322,36.0
0.4113435064825126,-1.3526301702956054,29.0
0.4113435064825126,-1.2653637076958888,38.0
0.4113435064825126,-1.1780972450961724,38.0
0.4113435064825126,-1.090830782496456,32.0
0.4113435064825126,-1.0035643198967397,45.0
0.4113435064825126,-0.9162978572970231,32.0
0.4113435064825126,-0.8290313946973065,38.0
0.4113435064825126,-0.7417649320975901,40.0
0.4113435064825126,-0.6544984694978737,40.0
0.4113435064825126,-0.5672320068981571,47.0
0.4113435064825126,-0.4799655442984405,36.0
0.4113435064825126,-0.39269908169872414,39.0
0.4113435064825126,-0.30543261909900776,41.0
0.4113435064825126,-0.21816615649929139,39.0
0.4113435064825126,-0.1308996938995748,39.0
0.4113435064825126,-0.04363323129985819,36.0
0.4113435064825126,0.04363323129985819,39.0
0.4113435064825126,0.13089969389957457,31.0
0.4113435064825126,0.21816615649929116,40.0
0.4113435064825126,0.30543261909900776,40.0
0.4113435064825126,0.39269908169872414,40.0
0.4113435064825126,0.4799655442984405,36.0
0.4113435064825126,0.5672320068981569,33.0
0.4113435064825126,0.6544984694978735,34.0
0.4113435064825126,0.7417649320975901,35.0
0.4113435064825126,0.8290313946973065,43.0
0.4113435064825126,0.9162978572970228,39.0
0.4113435064825126,1.0035643198967392,31.0
0.4113435064825126,1.0908307824964556,36.0
0.4113435064825126,1.178097245096172,28.0
0.4113435064825126,1.2653637076958888,35.0
0.4113435064825126,1.3526301702956056,40.0
0.4113435064825126,1.439896632895322,50.0
0.4113435064825126,1.5271630954950384,39.0
0.4113435064825126,1.6144295580947547,43.0
0.4113435064825126,1.7016960206944711,30.0
0.4113435064825126,1.7889624832941875,40.0
0.4113435064825126,1.8762289458939039,32.0
0.4113435064825126,1.9634954084936203,39.0
0.4113435064825126,2.050761871093337,37.0
0.4113435064825126,2.138028333693054,34.0
0.4113435064825126,2.2252947962927703,31.0
0.4113435064825126,2.3125612588924866,36.0
0.4113435064825126,2.399827721492203,47.0
0.4113435064825126,2.4870941840919194,35.0
0.4113435064825126,2.574360646691636,34.0
0.4113435064825126,2.661627109291352,28.0
0.4113435064825126,2.7488935718910685,35.0
0.4113435064825126,2.8361600344907854,26.0
0.4113435064825126,2.923426497090502,44.0
0.4113435064825126,3.0106929596902186,45.0
0.4113435064825126,3.097959422289935,45.0
0.45107625505308446,-3.097959422289935,34.0
0.45107625505308446,-3.0106929596902186,35.0
0.45107625505308446,-2.923426497090502,57.0
0.45107625505308446,-2.8361600344907854,35.0
0.45107625505308446,-2.748893571891069,42.0
0.45107625505308446,-2.6616271092913526,45.0
0.45107625505308446,-2.574360646691636,39.0
0.45107625505308446,-2.4870941840919194,41.0
0.45107625505308446,-2.399827721492203,33.0
0.45107625505308446,-2.3125612588924866,47.0
0.45107625505308446,-2.2252947962927703,32.0
0.45107625505308446,-2.138028333693054,34.0
0.45107625505308446,-2.0507618710933375,39.0
0.45107625505308446,-1.9634954084936207,34.0
0.45107625505308446,-1.8762289458939043,26.0
0.45107625505308446,-1.7889624832941877,29.0
0.45107625505308446,-1.7016960206944713,32.0
0.45107625505308446,-1.6144295580947547,28.0
0.45107625505308446,-1.5271630954950384,34.0
0.45107625505308446,-1.439896632895322,30.0
0.45107625505308446,-1.3526301702956054,20.0
0.45107625505308446,-1.2653637076958888,36.0
0.45107625505308446,-1.1780972450961724,30.0
0.45107625505308446,-1.090830782496456,35.0
0.45107625505308446,-1.0035643198967397,35.0
0.45107625505308446,-0.9162978572970231,33.0
0.45107625505308446,-0.8290313946973065,17.0
0.45107625505308446,-0.7417649320975901,40.0
0.45107625505308446,-0.6544984694978737,35.0
0.45107625505308446,-0.5672320068981571,31.0
0.45107625505308446,-0.4799655442984405,26.0
0.45107625505308446,-0.39269908169872414,38.0
0.45107625505308446,-0.30543261909900776,26.0
0.45107625505308446,-0.21816615649929139,44.0
0.45107625505308446,-0.1308996938995748,40.0
0.45107625505308446,-0.04363323129985819,31.0
0.45107625505308446,0.04363323129985819,31.0
0.45107625505308446,0.13089969389957457,40.0
0.45107625505308446,0.21816615649929116,30.0
0.45107625505308446,0.30543261909900776,30.0
0.45107625505308446,0.39269908169872414,41.0
0.45107625505308446,0.4799655442984405,33.0
0.45107625505308446,0.5672320068981569,42.0
0.45107625505308446,0.6544984694978735,36.0
0.45107625505308446,0.7417649320975901,31.0
0.45107625505308446,0.8290313946973065,42.0
0.45107625505308446,0.9162978572970228,40.0
0.45107625505308446,1.0035643198967392,34.0
0.45107625505308446,1.0908307824964556,41.0
0.45107625505308446,1.178097245096172,25.0
0.45107625505308446,1.2653637076958888,33.0
0.45107625505308446,1.3526301702956056,42.0
0.45107625505308446,1.439896632895322,46.0
0.45107625505308446,1.5271630954950384,27.0
0.45107625505308446,1.6144295580947547,36.0
0.45107625505308446,1.7016960206944711,42.0
0.45107625505308446,1.7889624832941875,38.0
0.45107625505308446,1.8762289458939039,40.0
0.45107625505308446,1.9634954084936203,35.0
0.45107625505308446,2.050761871093337,38.0
0.45107625505308446,2.138028333693054,31.0
0.45107625505308446,2.2252947962927703,41.0
0.45107625505308446,2.3125612588924866,37.0
0.45107625505308446,2.399827721492203,38.0
0.45107625505308446,2.4870941840919194,41.0
0.45107625505308446,2.574360646691636,41.0
0.45107625505308446,2.661627109291352,39.0
0.45107625505308446,2.7488935718910685,30.0
0.45107625505308446,2.8361600344907854,39.0
0.45107625505308446,2.923426497090502,44.0
0.45107625505308446,3.0106929596902186,44.0
0.45107625505308446,3.097959422289935,43.0
0.4908090036236563,-3.097959422289935,30.0
0.4908090036236563,-3.0106929596902186,34.0
0.4908090036236563,-2.923426497090502,38.0
0.4908090036236563,-2.8361600344907854,37.0
0.4908090036236563,-2.748893571891069,31.0
0.4908090036236563,-2.6616271092913526,30.0
0.4908090036236563,-2.574360646691636,27.0
0.4908090036236563,-2.4870941840919194,35.0
0.4908090036236563,-2.399827721492203,34.0
0.4908090036236563,-2.3125612588924866,40.0
0.4908090036236563,-2.2252947962927703,29.0
0.4908090036236563,-2.138028333693054,21.0
0.4908090036236563,-2.0507618710933375,34.0
0.4908090036236563,-1.9634954084936207,31.0
0.4908090036236563,-1.8762289458939043,36.0
0.4908090036236563,-1.7889624832941877,31.0
0.4908090036236563,-1.7016960206944713,38.0
0.4908090036236563,-1.6144295580947547,33.0
0.4908090036236563,-1.5271630954950384,39.0
0.4908090036236563,-1.439896632895322,29.0
0.4908090036236563,-1.3526301702956054,40.0
0.4908090036236563,-1.2653637076958888,33.0
0.4908090036236563,-1.1780972450961724,37.0
0.4908090036236563,-1.090830782496456,28.0
0.4908090036236563,-1.0035643198967397,47.0
0.4908090036236563,-0.9162978572970231,38.0
0.4908090036236563,-0.8290313946973065,32.0
0.4908090036236563,-0.7417649320975901,44.0
0.4908090036236563,-0.6544984694978737,27.0
0.4908090036236563,-0.5672320068981571,32.0
0.4908090036236563,-0.4799655442984405,33.0
0.4908090036236563,-0.39269908169872414,26.0
0.4908090036236563,-0.30543261909900776,33.0
0.4908090036236563,-0.21816615649929139,36.0
0.4908090036236563,-0.1308996938995748,32.0
0.4908090036236563,-0.04363323129985819,29.0
0.4908090036236563,0.04363323129985819,30.0
0.4908090036236563,0.13089969389957457,31.0
0.4908090036236563,0.21816615649929116,28.0
0.4908090036236563,0.30543261909900776,36.0
0.4908090036236563,0.39269908169872414,37.0
0.4908090036236563,0.4799655442984405,29.0
0.4908090036236563,0.5672320068981569,24.0
0.4908090036236563,0.6544984694978735,38.0
0.4908090036236563,0.7417649320975901,30.0
0.4908090036236563,0.8290313946973065,34.0
0.4908090036236563,0.9162978572970228,33.0
0.4908090036236563,1.0035643198967392,30.0
0.4908090036236563,1.0908307824964556,46.0
0.4908090036236563,1.178097245096172,38.0
0.4908090036236563,1.2653637076958888,38.0
0.4908090036236563,1.3526301702956056,37.0
0.4908090036236563,1.439896632895322,45.0
0.4908090036236563,1.5271630954950384,26.0
0.4908090036236563,1.6144295580947547,35.0
0.4908090036236563,1.7016960206944711,38.0
0.4908090036236563,1.7889624832941875,40.0
0.4908090036236563,1.8762289458939039,30.0
0.4908090036236563,1.9634954084936203,29.0
0.4908090036236563,2.050761871093337,28.0
0.4908090036236563,2.138028333693054,32.0
0.4908090036236563,2.2252947962927703,31.0
0.4908090036236563,2.3125612588924866,44.0
0.4908090036236563,2.399827721492203,43.0
0.4908090036236563,2.4870941840919194,33.0
0.4908090036236563,2.574360646691636,38.0
0.4908090036236563,2.661627109291352,31.0
0.4908090036236563,2.7488935718910685,33.0
0.4908090036236563,2.8361600344907854,43.0
0.4908090036236563,2.923426497090502,32.0
0.4908090036236563,3.0106929596902186,39.0
0.4908090036236563,3.097959422289935,34.0
0.5305417521942284,-3.097959422289935,32.0
0.5305417521942284,-3.0106929596902186,35.0
0.5305417521942284,-2.923426497090502,34.0
0.5305417521942284,-2.8361600344907854,34.0
0.5305417521942284,-2.748893571891069,21.0
0.5305417521942284,-2.6616271092913526,33.0
0.5305417521942284,-2.574360646691636,21.0
0.5305417521942284,-2.4870941840919194,33.0
0.5305417521942284,-2.399827721492203,34.0
0.5305417521942284,-2.3125612588924866,26.0
0.5305417521942284,-2.2252947962927703,37.0
0.5305417521942284,-2.138028333693054,20.0
0.5305417521942284,-2.0507618710933375,30.0
0.5305417521942284,-1.9634954084936207,23.0
0.5305417521942284,-1.8762289458939043,37.0
0.5305417521942284,-1.7889624832941877,31.0
0.5305417521942284,-1.7016960206944713,23.0
0.5305417521942284,-1.6144295580947547,35.0
0.5305417521942284,-1.5271630954950384,23.0
0.5305417521942284,-1.439896632895322,27.0
0.5305417521942284,-1.3526301702956054,32.0
0.5305417521942284,-1.2653637076958888,19.0
0.5305417521942284,-1.1780972450961724,38.0
0.5305417521942284,-1.090830782496456,29.0
0.5305417521942284,-1.0035643198967397,31.0
0.5305417521942284,-0.9162978572970231,31.0
0.5305417521942284,-0.8290313946973065,30.0
0.5305417521942284,-0.7417649320975901,29.0
0.5305417521942284,-0.6544984694978737,27.0
0.5305417521942284,-0.5672320068981571,37.0
0.5305417521942284,-0.4799655442984405,33.0
0.5305417521942284,-0.39269908169872414,29.0
0.5305417521942284,-0.30543261909900776,33.0
0.5305417521942284,-0.21816615649929139,37.0
0.5305417521942284,-0.1308996938995748,25.0
0.5305417521942284,-0.04363323129985819,41.0
0.5305417521942284,0.04363323129985819,30.0
0.5305417521942284,0.13089969389957457,27.0
0.5305417521942284,0.21816615649929116,28.0
0.5305417521942284,0.30543261909900776,32.0
0.5305417521942284,0.39269908169872414,34.0
0.5305417521942284,0.4799655442984405,38.0
0.5305417521942284,0.5672320068981569,37.0
0.5305417521942284,0.6544984694978735,29.0
0.5305417521942284,0.7417649320975901,35.0
0.5305417521942284,0.8290313946973065,26.0
0.5305417521942284,0.9162978572970228,26.0
0.5305417521942284,1.0035643198967392,34.0
0.5305417521942284,1.0908307824964556,35.0
0.5305417521942284,1.178097245096172,30.0
0.5305417521942284,1.2653637076958888,36.0
0.5305417521942284,1.3526301702956056,28.0
0.5305417521942284,1.439896632895322,29.0
0.5305417521942284,1.5271630954950384,25.0
0.5305417521942284,1.6144295580947547,35.0
0.5305417521942284,1.7016960206944711,31.0
0.5305417521942284,1.7889624832941875,30.0
0.5305417521942284,1.8762289458939039,33.0
0.5305417521942284,1.9634954084936203,33.0
0.5305417521942284,2.050761871093337,31.0
0.5305417521942284,2.138028333693054,31.0
0.5305417521942284,2.2252947962927703,33.0
0.5305417521942284,2.3125612588924866,27.0
0.5305417521942284,2.399827721492203,27.0
0.5305417521942284,2.4870941840919194,34.0
0.5305417521942284,2.574360646691636,35.0
0.5305417521942284,2.661627109291352,37.0
0.5305417521942284,2.7488935718910685,32.0
0.5305417521942284,2.8361600344907854,34.0
0.5305417521942284,2.923426497090502,25.0
0.5305417521942284,3.0106929596902186,38.0
0.5305417521942284,3.097959422289935,24.0
0.5702745007648005,-3.097959422289935,36.0
0.5702745007648005,-3.0106929596902186,44.0
0.5702745007648005,-2.923426497090502,35.0
0.5702745007648005,-2.8361600344907854,41.0
0.5702745007648005,-2.748893571891069,34.0
0.5702745007648005,-2.6616271092913526,35.0
0.5702745007648005,-2.574360646691636,19.0
0.5702745007648005,-2.4870941840919194,29.0
0.5702745007648005,-2.399827721492203,33.0
0.5702745007648005,-2.3125612588924866,41.0
0.5702745007648005,-2.2252947962927703,24.0
0.5702745007648005,-2.138028333693054,35.0
0.5702745007648005,-2.0507618710933375,22.0
0.5702745007648005,-1.9634954084936207,27.0
0.5702745007648005,-1.8762289458939043,37.0
0.5702745007648005,-1.7889624832941877,25.0
0.5702745007648005,-1.7016960206944713,44.0
0.5702745007648005,-1.6144295580947547,31.0
0.5702745007648005,-1.5271630954950384,26.0
0.5702745007648005,-1.439896632895322,27.0
0.5702745007648005,-1.3526301702956054,34.0
0.5702745007648005,-1.2653637076958888,32.0
0.5702745007648005,-1.1780972450961724,20.0
0.5702745007648005,-1.090830782496456,31.0
0.5702745007648005,-1.0035643198967397,38.0
0.5702745007648005,-0.9162978572970231,32.0
0.5702745007648005,-0.8290313946973065,31.0
0.5702745007648005,-0.7417649320975901,18.0
0.5702745007648005,-0.6544984694978737,36.0
0.5702745007648005,-0.5672320068981571,41.0
0.5702745007648005,-0.4799655442984405,24.0
0.5702745007648005,-0.39269908169872414,33.0
0.5702745007648005,-0.30543261909900776,35.0
0.5702745007648005,-0.21816615649929139,39.0
0.5702745007648005,-0.1308996938995748,35.0
0.5702745007648005,-0.04363323129985819,32.0
0.5702745007648005,0.04363323129985819,28.0
0.5702745007648005,0.13089969389957457,30.0
0.5702745007648005,0.21816615649929116,36.0
0.5702745007648005,0.30543261909900776,30.0
0.5702745007648005,0.39269908169872414,32.0
0.5702745007648005,0.4799655442984405,31.0
0.5702745007648005,0.5672320068981569,37.0
0.5702745007648005,0.6544984694978735,28.0
0.5702745007648005,0.7417649320975901,36.0
0.5702745007648005,0.8290313946973065,29.0
0.5702745007648005,0.9162978572970228,26.0
0.5702745007648005,1.0035643198967392,24.0
0.5702745007648005,1.0908307824964556,22.0
0.5702745007648005,1.178097245096172,31.0
0.5702745007648005,1.2653637076958888,35.0
0.5702745007648005,1.3526301702956056,38.0
0.5702745007648005,1.439896632895322,36.0
0.5702745007648005,1.5271630954950384,38.0
0.5702745007648005,1.6144295580947547,45.0
0.5702745007648005,1.7016960206944711,28.0
0.5702745007648005,1.7889624832941875,43.0
0.5702745007648005,1.8762289458939039,33.0
0.5702745007648005,1.9634954084936203,31.0
0.5702745007648005,2.050761871093337,30.0
0.5702745007648005,2.138028333693054,35.0
0.5702745007648005,2.2252947962927703,31.0
0.5702745007648005,2.3125612588924866,31.0
0.5702745007648005,2.399827721492203,29.0
0.5702745007648005,2.4870941840919194,45.0
0.5702745007648005,2.574360646691636,25.0
0.5702745007648005,2.661627109291352,36.0
0.5702745007648005,2.7488935718910685,39.0
0.5702745007648005,2.8361600344907854,16.0
0.5702745007648005,2.923426497090502,26.0
0.5702745007648005,3.0106929596902186,29.0
0.5702745007648005,3.097959422289935,41.0
0.6100072493353723,-3.097959422289935,33.0
0.6100072493353723,-3.0106929596902186,22.0
0.6100072493353723,-2.923426497090502,31.0
0.6100072493353723,-2.8361600344907854,24.0
0.6100072493353723,-2.748893571891069,34.0
0.6100072493353723,-2.6616271092913526,23.0
0.6100072493353723,-2.574360646691636,31.0
0.6100072493353723,-2.4870941840919194,32.0
0.6100072493353723,-2.399827721492203,37.0
0.6100072493353723,-2.3125612588924866,30.0
0.6100072493353723,-2.2252947962927703,31.0
0.6100072493353723,-2.138028333693054,31.0
0.6100072493353723,-2.0507618710933375,34.0
0.6100072493353723,-1.9634954084936207,39.0
0.6100072493353723,-1.8762289458939043,21.0
0.6100072493353723,-1.7889624832941877,34.0
0.6100072493353723,-1.7016960206944713,28.0
0.6100072493353723,-1.6144295580947547,37.0
0.6100072493353723,-1.5271630954950384,26.0
0.6100072493353723,-1.439896632895322,23.0
0.6100072493353723,-1.3526301702956054,39.0
0.6100072493353723,-1.2653637076958888,18.0
0.6100072493353723,-1.1780972450961724,38.0
0.6100072493353723,-1.090830782496456,25.0
0.6100072493353723,-1.0035643198967397,25.0
0.6100072493353723,-0.9162978572970231,24.0
0.6100072493353723,-0.8290313946973065,38.0
0.6100072493353723,-0.7417649320975901,32.0
0.6100072493353723,-0.6544984694978737,27.0
0.6100072493353723,-0.5672320068981571,34.0
0.6100072493353723,-0.4799655442984405,37.0
0.6100072493353723,-0.39269908169872414,34.0
0.6100072493353723,-0.30543261909900776,21.0
0.6100072493353723,-0.21816615649929139,32.0
0.6100072493353723,-0.1308996938995748,32.0
0.6100072493353723,-0.04363323129985819,27.0
0.6100072493353723,0.04363323129985819,38.0
0.6100072493353723,0.13089969389957457,26.0
0.6100072493353723,0.21816615649929116,25.0
0.6100072493353723,0.30543261909900776,42.0
0.6100072493353723,0.39269908169872414,30.0
0.6100072493353723,0.4799655442984405,31.0
0.6100072493353723,0.5672320068981569,29.0
0.6100072493353723,0.6544984694978735,16.0
0.6100072493353723,0.7417649320975901,28.0
0.6100072493353723,0.8290313946973065,32.0
0.6100072493353723,0.9162978572970228,31.0
0.6100072493353723,1.0035643198967392,32.0
0.6100072493353723,1.0908307824964556,32.0
0.6100072493353723,1.178097245096172,32.0
0.6100072493353723,1.2653637076958888,20.0
0.6100072493353723,1.3526301702956056,27.0
0.6100072493353723,1.439896632895322,32.0
0.6100072493353723,1.5271630954950384,22.0
0.6100072493353723,1.6144295580947547,36.0
0.6100072493353723,1.7016960206944711,28.0
0.6100072493353723,1.7889624832941875,29.0
0.6100072493353723,1.8762289458939039,29.0
0.6100072493353723,1.9634954084936203,42.0
0.6100072493353723,2.050761871093337,27.0
0.6100072493353723,2.138028333693054,25.0
0.6100072493353723,2.2252947962927703,30.0
0.6100072493353723,2.3125612588924866,23.0
0.6100072493353723,2.399827721492203,26.0
0.6100072493353723,2.4870941840919194,37.0
0.6100072493353723,2.574360646691636,40.0
0.6100072493353723,2.661627109291352,31.0
0.6100072493353723,2.7488935718910685,33.0
0.6100072493353723,2.8361600344907854,17.0
0.6100072493353723,2.923426497090502,31.0
0.6100072493353723,3.0106929596902186,34.0
0.6100072493353723,3.097959422289935,36.0
0.6497399979059442,-3.097959422289935,33.0
0.6497399979059442,-3.0106929596902186,31.0
0.6497399979059442,-2.923426497090502,35.0
0.6497399979059442,-2.8361600344907854,26.0
0.6497399979059442,-2.748893571891069,22.0
0.6497399979059442,-2.6616271092913526,25.0
0.6497399979059442,-2.574360646691636,32.0
0.6497399979059442,-2.4870941840919194,19.0
0.6497399979059442,-2.399827721492203,33.0
0.6497399979059442,-2.3125612588924866,17.0
0.6497399979059442,-2.2252947962927703,23.0
0.6497399979059442,-2.138028333693054,29.0
0.6497399979059442,-2.0507618710933375,29.0
0.6497399979059442,-1.9634954084936207,20.0
0.6497399979059442,-1.8762289458939043,27.0
0.6497399979059442,-1.7889624832941877,30.0
0.6497399979059442,-1.7016960206944713,29.0
0.6497399979059442,-1.6144295580947547,29.0
0.6497399979059442,-1.5271630954950384,22.0
0.6497399979059442,-1.439896632895322,35.0
0.6497399979059442,-1.3526301702956054,24.0
0.6497399979059442,-1.2653637076958888,28.0
0.6497399979059442,-1.1780972450961724,38.0
0.6497399979059442,-1.090830782496456,21.0
0.6497399979059442,-1.0035643198967397,21.0
0.6497399979059442,-0.9162978572970231,29.0
0.6497399979059442,-0.8290313946973065,33.0
0.6497399979059442,-0.7417649320975901,25.0
0.6497399979059442,-0.6544984694978737,32.0
0.6497399979059442,-0.5672320068981571,25.0
0.6497399979059442,-0.4799655442984405,26.0
0.6497399979059442,-0.39269908169872414,17.0
0.6497399979059442,-0.30543261909900776,35.0
0.6497399979059442,-0.21816615649929139,29.0
0.6497399979059442,-0.1308996938995748,37.0
0.6497399979059442,-0.04363323129985819,30.0
0.6497399979059442,0.04363323129985819,36.0
0.6497399979059442,0.13089969389957457,20.0
0.6497399979059442,0.21816615649929116,29.0
0.6497399979059442,0.30543261909900776,38.0
0.6497399979059442,0.39269908169872414,33.0
0.6497399979059442,0.4799655442984405,20.0
0.6497399979059442,0.5672320068981569,32.0
0.6497399979059442,0.6544984694978735,42.0
0.6497399979059442,0.7417649320975901,26.0
0.6497399979059442,0.8290313946973065,28.0
0.6497399979059442,0.9162978572970228,27.0
0.6497399979059442,1.0035643198967392,22.0
0.6497399979059442,1.0908307824964556,33.0
0.6497399979059442,1.178097245096172,34.0
0.6497399979059442,1.2653637076958888,31.0
0.6497399979059442,1.3526301702956056,28.0
0.6497399979059442,1.439896632895322,26.0
0.6497399979059442,1.5271630954950384,29.0
0.6497399979059442,1.6144295580947547,23.0
0.6497399979059442,1.7016960206944711,41.0
0.6497399979059442,1.7889624832941875,30.0
0.6497399979059442,1.8762289458939039,26.0
0.6497399979059442,1.9634954084936203,28.0
0.6497399979059442,2.050761871093337,29.0
0.6497399979059442,2.138028333693054,29.0
0.6497399979059442,2.2252947962927703,29.0
0.6497399979059442,2.3125612588924866,20.0
0.6497399979059442,2.399827721492203,28.0
0.6497399979059442,2.4870941840919194,32.0
0.6497399979059442,2.574360646691636,24.0
0.6497399979059442,2.661627109291352,32.0
0.6497399979059442,2.7488935718910685,31.0
0.6497399979059442,2.8361600344907854,23.0
0.6497399979059442,2.923426497090502,38.0
0.6497399979059442,3.0106929596902186,23.0
0.6497399979059442,3.097959422289935,20.0
0.6894727464765162,-3.097959422289935,31.0
0.6894727464765162,-3.0106929596902186,28.0
0.6894727464765162,-2.923426497090502,33.0
0.6894727464765162,-2.8361600344907854,31.0
0.6894727464765162,-2.748893571891069,24.0
0.6894727464765162,-2.6616271092913526,22.0
0.6894727464765162,-2.574360646691636,37.0
0.6894727464765162,-2.4870941840919194,31.0
0.6894727464765162,-2.399827721492203,24.0
0.6894727464765162,-2.3125612588924866,38.0
0.6894727464765162,-2.2252947962927703,29.0
0.6894727464765162,-2.138028333693054,32.0
0.6894727464765162,-2.0507618710933375,26.0
0.6894727464765162,-1.9634954084936207,27.0
0.6894727464765162,-1.8762289458939043,23.0
0.6894727464765162,-1.7889624832941877,34.0
0.6894727464765162,-1.7016960206944713,15.0
0.6894727464765162,-1.6144295580947547,21.0
0.6894727464765162,-1.5271630954950384,34.0
0.6894727464765162,-1.439896632895322,27.0
0.6894727464765162,-1.3526301702956054,35.0
0.6894727464765162,-1.2653637076958888,30.0
0.6894727464765162,-1.1780972450961724,24.0
0.6894727464765162,-1.090830782496456,35.0
0.6894727464765162,-1.0035643198967397,35.0
0.6894727464765162,-0.9162978572970231,24.0
0.6894727464765162,-0.8290313946973065,21.0
0.6894727464765162,-0.7417649320975901,26.0
0.6894727464765162,-0.6544984694978737,20.0
0.6894727464765162,-0.5672320068981571,30.0
0.6894727464765162,-0.4799655442984405,26.0
0.6894727464765162,-0.39269908169872414,35.0
0.6894727464765162,-0.30543261909900776,29.0
0.6894727464765162,-0.21816615649929139,27.0
0.6894727464765162,-0.1308996938995748,33.0
0.6894727464765162,-0.04363323129985819,26.0
0.6894727464765162,0.04363323129985819,23.0
0.6894727464765162,0.13089969389957457,21.0
0.6894727464765162,0.21816615649929116,26.0
0.6894727464765162,0.30543261909900776,23.0
0.6894727464765162,0.39269908169872414,21.0
0.6894727464765162,0.4799655442984405,21.0
0.6894727464765162,0.5672320068981569,24.0
0.6894727464765162,0.6544984694978735,33.0
0.6894727464765162,0.7417649320975901,25.0
0.6894727464765162,0.8290313946973065,21.0
0.6894727464765162,0.9162978572970228,28.0
0.6894727464765162,1.0035643198967392,21.0
0.6894727464765162,1.0908307824964556,28.0
0.6894727464765162,1.178097245096172,34.0
0.6894727464765162,1.2653637076958888,29.0
0.6894727464765162,1.3526301702956056,21.0
0.6894727464765162,1.439896632895322,22.0
0.6894727464765162,1.5271630954950384,25.0
0.6894727464765162,1.6144295580947547,26.0
0.6894727464765162,1.7016960206944711,26.0
0.6894727464765162,1.7889624832941875,17.0
0.6894727464765162,1.8762289458939039,29.0
0.6894727464765162,1.9634954084936203,28.0
0.6894727464765162,2.050761871093337,23.0
0.6894727464765162,2.138028333693054,22.0
0.6894727464765162,2.2252947962927703,24.0
0.6894727464765162,2.3125612588924866,27.0
0.6894727464765162,2.399827721492203,27.0
0.6894727464765162,2.4870941840919194,24.0
0.6894727464765162,2.574360646691636,23.0
0.6894727464765162,2.661627109291352,28.0
0.6894727464765162,2.7488935718910685,30.0
0.6894727464765162,2.8361600344907854,25.0
0.6894727464765162,2.923426497090502,28.0
0.6894727464765162,3.0106929596902186,31.0
0.6894727464765162,3.097959422289935,18.0
0.7292054950470881,-3.097959422289935,19.0
0.7292054950470881,-3.0106929596902186,22.0
0.7292054950470881,-2.923426497090502,27.0
0.7292054950470881,-2.8361600344907854,27.0
0.7292054950470881,-2.748893571891069,21.0
0.7292054950470881,-2.6616271092913526,31.0
0.7292054950470881,-2.574360646691636,22.0
0.7292054950470881,-2.4870941840919194,16.0
0.7292054950470881,-2.399827721492203,27.0
0.7292054950470881,-2.3125612588924866,33.0
0.7292054950470881,-2.2252947962927703,30.0
0.7292054950470881,-2.138028333693054,20.0
0.7292054950470881,-2.0507618710933375,29.0
0.7292054950470881,-1.9634954084936207,24.0
0.7292054950470881,-1.8762289458939043,23.0
0.7292054950470881,-1.7889624832941877,27.0
0.7292054950470881,-1.7016960206944713,18.0
0.7292054950470881,-1.6144295580947547,25.0
0.7292054950470881,-1.5271630954950384,25.0
0.7292054950470881,-1.439896632895322,20.0
0.7292054950470881,-1.3526301702956054,25.0
0.7292054950470881,-1.2653637076958888,26.0
0.7292054950470881,-1.1780972450961724,23.0
0.7292054950470881,-1.090830782496456,29.0
0.7292054950470881,-1.0035643198967397,22.0
0.7292054950470881,-0.9162978572970231,18.0
0.7292054950470881,-0.8290313946973065,27.0
0.7292054950470881,-0.7417649320975901,28.0
0.7292054950470881,-0.6544984694978737,18.0
0.7292054950470881,-0.5672320068981571,19.0
0.7292054950470881,-0.4799655442984405,25.0
0.7292054950470881,-0.39269908169872414,20.0
0.7292054950470881,-0.30543261909900776,26.0
0.7292054950470881,-0.21816615649929139,29.0
0.7292054950470881,-0.1308996938995748,20.0
0.7292054950470881,-0.04363323129985819,21.0
0.7292054950470881,0.04363323129985819,30.0
0.7292054950470881,0.13089969389957457,22.0
0.7292054950470881,0.21816615649929116,32.0
0.7292054950470881,0.30543261909900776,28.0
0.7292054950470881,0.39269908169872414,22.0
0.7292054950470881,0.4799655442984405,23.0
0.7292054950470881,0.5672320068981569,36.0
0.7292054950470881,0.6544984694978735,30.0
0.7292054950470881,0.7417649320975901,26.0
0.7292054950470881,0.8290313946973065,21.0
0.7292054950470881,0.9162978572970228,24.0
0.7292054950470881,1.0035643198967392,28.0
0.7292054950470881,1.0908307824964556,28.0
0.7292054950470881,1.178097245096172,33.0
0.7292054950470881,1.2653637076958888,27.0
0.7292054950470881,1.3526301702956056,26.0
0.7292054950470881,1.439896632895322,18.0
0.7292054950470881,1.5271630954950384,28.0
0.7292054950470881,1.6144295580947547,31.0
0.7292054950470881,1.7016960206944711,23.0
0.7292054950470881,1.7889624832941875,27.0
0.7292054950470881,1.8762289458939039,26.0
0.7292054950470881,1.9634954084936203,27.0
0.7292054950470881,2.050761871093337,28.0
0.7292054950470881,2.138028333693054,24.0
0.7292054950470881,2.2252947962927703,26.0
0.7292054950470881,2.3125612588924866,38.0
0.7292054950470881,2.399827721492203,22.0
0.7292054950470881,2.4870941840919194,18.0
0.7292054950470881,2.574360646691636,21.0
0.7292054950470881,2.661627109291352,23.0
0.7292054950470881,2.7488935718910685,17.0
0.7292054950470881,2.8361600344907854,32.0
0.7292054950470881,2.923426497090502,24.0
0.7292054950470881,3.0106929596902186,26.0
0.7292054950470881,3.097959422289935,22.0
0.7689382436176599,-3.097959422289935,25.0
0.7689382436176599,-3.0106929596902186,23.0
0.7689382436176599,-2.923426497090502,25.0
0.7689382436176599,-2.8361600344907854,18.0
0.7689382436176599,-2.748893571891069,23.0
0.7689382436176599,-2.6616271092913526,24.0
0.7689382436176599,-2.574360646691636,22.0
0.7689382436176599,-2.4870941840919194,36.0
0.7689382436176599,-2.399827721492203,25.0
0.7689382436176599,-2.3125612588924866,30.0
0.7689382436176599,-2.2252947962927703,29.0
0.7689382436176599,-2.138028333693054,26.0
0.7689382436176599,-2.0507618710933375,32.0
0.7689382436176599,-1.9634954084936207,27.0
0.7689382436176599,-1.8762289458939043,16.0
0.7689382436176599,-1.7889624832941877,24.0
0.7689382436176599,-1.7016960206944713,21.0
0.7689382436176599,-1.6144295580947547,28.0
0.7689382436176599,-1.5271630954950384,19.0
0.7689382436176599,-1.439896632895322,28.0
0.7689382436176599,-1.3526301702956054,31.0
0.7689382436176599,-1.2653637076958888,25.0
0.7689382436176599,-1.1780972450961724,23.0
0.7689382436176599,-1.090830782496456,20.0
0.7689382436176599,-1.0035643198967397,23.0
0.7689382436176599,-0.9162978572970231,19.0
0.7689382436176599,-0.8290313946973065,20.0
0.7689382436176599,-0.7417649320975901,25.0
0.7689382436176599,-0.6544984694978737,23.0
0.7689382436176599,-0.5672320068981571,32.0
0.7689382436176599,-0.4799655442984405,26.0
0.7689382436176599,-0.39269908169872414,21.0
0.7689382436176599,-0.30543261909900776,26.0
0.7689382436176599,-0.21816615649929139,23.0
0.7689382436176599,-0.1308996938995748,15.0
0.7689382436176599,-0.04363323129985819,25.0
0.7689382436176599,0.04363323129985819,18.0
0.7689382436176599,0.13089969389957457,20.0
0.7689382436176599,0.21816615649929116,21.0
0.7689382436176599,0.30543261909900776,25.0
0.7689382436176599,0.39269908169872414,23.0
0.7689382436176599,0.4799655442984405,27.0
0.7689382436176599,0.5672320068981569,22.0
0.7689382436176599,0.6544984694978735,32.0
0.7689382436176599,0.7417649320975901,17.0
0.7689382436176599,0.8290313946973065,25.0
0.7689382436176599,0.9162978572970228,21.0
0.7689382436176599,1.0035643198967392,18.0
0.7689382436176599,1.0908307824964556,27.0
0.7689382436176599,1.178097245096172,19.0
0.7689382436176599,1.2653637076958888,28.0
0.7689382436176599,1.3526301702956056,33.0
0.7689382436176599,1.439896632895322,19.0
0.7689382436176599,1.5271630954950384,24.0
0.7689382436176599,1.6144295580947547,22.0
0.7689382436176599,1.7016960206944711,20.0
0.7689382436176599,1.7889624832941875,32.0
0.7689382436176599,1.8762289458939039,38.0
0.7689382436176599,1.9634954084936203,29.0
0.7689382436176599,2.050761871093337,27.0
0.7689382436176599,2.138028333693054,18.0
0.7689382436176599,2.2252947962927703,24.0
0.7689382436176599,2.3125612588924866,19.0
0.7689382436176599,2.399827721492203,27.0
0.7689382436176599,2.4870941840919194,24.0
0.7689382436176599,2.574360646691636,26.0
0.7689382436176599,2.661627109291352,26.0
0.7689382436176599,2.7488935718910685,33.0
0.7689382436176599,2.8361600344907854,19.0
0.7689382436176599,2.923426497090502,23.0
0.7689382436176599,3.0106929596902186,15.0
0.7689382436176599,3.097959422289935,20.0
0.808670992188232,-3.097959422289935,24.0
0.808670992188232,-3.0106929596902186,22.0
0.808670992188232,-2.923426497090502,20.0
0.808670992188232,-2.8361600344907854,25.0
0.808670992188232,-2.748893571891069,22.0
0.808670992188232,-2.6616271092913526,19.0
0.808670992188232,-2.574360646691636,26.0
0.808670992188232,-2.4870941840919194,16.0
0.808670992188232,-2.399827721492203,30.0
0.808670992188232,-2.3125612588924866,28.0
0.808670992188232,-2.2252947962927703,18.0
0.808670992188232,-2.138028333693054,23.0
0.808670992188232,-2.0507618710933375,26.0
0.808670992188232,-1.9634954084936207,24.0
0.808670992188232,-1.8762289458939043,22.0
0.808670992188232,-1.7889624832941877,17.0
0.808670992188232,-1.7016960206944713,23.0
0.808670992188232,-1.6144295580947547,30.0
0.808670992188232,-1.5271630954950384,28.0
0.808670992188232,-1.439896632895322,17.0
0.808670992188232,-1.3526301702956054,20.0
0.808670992188232,-1.2653637076958888,22.0
0.808670992188232,-1.1780972450961724,30.0
0.808670992188232,-1.090830782496456,16.0
0.808670992188232,-1.0035643198967397,15.0
0.808670992188232,-0.9162978572970231,19.0
0.808670992188232,-0.8290313946973065,19.0
0.808670992188232,-0.7417649320975901,13.0
0.808670992188232,-0.6544984694978737,24.0
0.808670992188232,-0.5672320068981571,33.0
0.808670992188232,-0.4799655442984405,26.0
0.808670992188232,-0.39269908169872414,23.0
0.808670992188232,-0.30543261909900776,26.0
0.808670992188232,-0.21816615649929139,24.0
0.808670992188232,-0.1308996938995748,25.0
0.808670992188232,-0.04363323129985819,25.0
0.808670992188232,0.04363323129985819,20.0
0.808670992188232,0.13089969389957457,20.0
0.808670992188232,0.21816615649929116,16.0
0.808670992188232,0.30543261909900776,23.0
0.808670992188232,0.39269908169872414,27.0
0.808670992188232,0.4799655442984405,19.0
0.808670992188232,0.5672320068981569,24.0
0.808670992188232,0.6544984694978735,27.0
0.808670992188232,0.7417649320975901,20.0
0.808670992188232,0.8290313946973065,24.0
0.808670992188232,0.9162978572970228,26.0
0.808670992188232,1.0035643198967392,26.0
0.808670992188232,1.0908307824964556,32.0
0.808670992188232,1.178097245096172,22.0
0.808670992188232,1.2653637076958888,22.0
0.808670992188232,1.3526301702956056,25.0
0.808670992188232,1.439896632895322,23.0
0.808670992188232,1.5271630954950384,24.0
0.808670992188232,1.6144295580947547,20.0
0.808670992188232,1.7016960206944711,17.0
0.808670992188232,1.7889624832941875,21.0
0.808670992188232,1.8762289458939039,24.0
0.808670992188232,1.9634954084936203,21.0
0.808670992188232,2.050761871093337,29.0
0.808670992188232,2.138028333693054,25.0
0.808670992188232,2.2252947962927703,22.0
0.808670992188232,2.3125612588924866,20.0
0.808670992188232,2.399827721492203,18.0
0.808670992188232,2.4870941840919194,30.0
0.808670992188232,2.574360646691636,21.0
0.808670992188232,2.661627109291352,23.0
0.808670992188232,2.7488935718910685,15.0
0.808670992188232,2.8361600344907854,22.0
0.808670992188232,2.923426497090502,30.0
0.808670992188232,3.0106929596902186,29.0
0.808670992188232,3.097959422289935,14.0
0.8484037407588041,-3.097959422289935,14.0
0.8484037407588041,-3.0106929596902186,11.0
0.8484037407588041,-2.923426497090502,16.0
0.8484037407588041,-2.8361600344907854,15.0
0.8484037407588041,-2.748893571891069,21.0
0.8484037407588041,-2.6616271092913526,23.0
0.8484037407588041,-2.574360646691636,17.0
0.8484037407588041,-2.4870941840919194,15.0
0.8484037407588041,-2.399827721492203,16.0
0.8484037407588041,-2.3125612588924866,14.0
0.8484037407588041,-2.2252947962927703,24.0
0.8484037407588041,-2.138028333693054,18.0
0.8484037407588041,-2.0507618710933375,15.0
0.8484037407588041,-1.9634954084936207,23.0
0.8484037407588041,-1.8762289458939043,29.0
0.8484037407588041,-1.7889624832941877,20.0
0.8484037407588041,-1.7016960206944713,19.0
0.8484037407588041,-1.6144295580947547,18.0
0.8484037407588041,-1.5271630954950384,20.0
0.8484037407588041,-1.439896632895322,20.0
0.8484037407588041,-1.3526301702956054,25.0
0.8484037407588041,-1.2653637076958888,15.0
0.8484037407588041,-1.1780972450961724,23.0
0.8484037407588041,-1.090830782496456,19.0
0.8484037407588041,-1.0035643198967397,25.0
0.8484037407588041,-0.9162978572970231,21.0
0.8484037407588041,-0.8290313946973065,22.0
0.8484037407588041,-0.7417649320975901,18.0
0.8484037407588041,-0.6544984694978737,24.0
0.8484037407588041,-0.5672320068981571,16.0
0.8484037407588041,-0.4799655442984405,16.0
0.8484037407588041,-0.39269908169872414,21.0
0.8484037407588041,-0.30543261909900776,16.0
0.8484037407588041,-0.21816615649929139,23.0
0.8484037407588041,-0.1308996938995748,21.0
0.8484037407588041,-0.04363323129985819,20.0
0.8484037407588041,0.04363323129985819,22.0
0.8484037407588041,0.13089969389957457,22.0
0.8484037407588041,0.21816615649929116,11.0
0.8484037407588041,0.30543261909900776,21.0
0.8484037407588041,0.39269908169872414,18.0
0.8484037407588041,0.4799655442984405,23.0
0.8484037407588041,0.5672320068981569,17.0
0.8484037407588041,0.6544984694978735,20.0
0.8484037407588041,0.7417649320975901,13.0
0.8484037407588041,0.8290313946973065,23.0
0.8484037407588041,0.9162978572970228,27.0
0.8484037407588041,1.0035643198967392,13.0
0.8484037407588041,1.0908307824964556,26.0
0.8484037407588041,1.178097245096172,35.0
0.8484037407588041,1.2653637076958888,21.0
0.8484037407588041,1.3526301702956056,19.0
0.8484037407588041,1.439896632895322,19.0
0.8484037407588041,1.5271630954950384,14.0
0.8484037407588041,1.6144295580947547,24.0
0.8484037407588041,1.7016960206944711,19.0
0.8484037407588041,1.7889624832941875,20.0
0.8484037407588041,1.8762289458939039,20.0
0.8484037407588041,1.9634954084936203,16.0
0.8484037407588041,2.050761871093337,22.0
0.8484037407588041,2.138028333693054,17.0
0.8484037407588041,2.2252947962927703,15.0
0.8484037407588041,2.3125612588924866,20.0
0.8484037407588041,2.399827721492203,18.0
0.8484037407588041,2.4870941840919194,18.0
0.8484037407588041,2.574360646691636,20.0
0.8484037407588041,2.661627109291352,21.0
0.8484037407588041,2.7488935718910685,21.0
0.8484037407588041,2.8361600344907854,19.0
0.8484037407588041,2.923426497090502,19.0
0.8484037407588041,3.0106929596902186,17.0
0.8484037407588041,3.097959422289935,22.0
0.8881364893293759,-3.097959422289935,20.0
0.8881364893293759,-3.0106929596902186,20.0
0.8881364893293759,-2.923426497090502,13.0
0.8881364893293759,-2.8361600344907854,20.0
0.8881364893293759,-2.748893571891069,13.0
0.8881364893293759,-2.6616271092913526,16.0
0.8881364893293759,-2.574360646691636,29.0
0.8881364893293759,-2.4870941840919194,15.0
0.8881364893293759,-2.399827721492203,17.0
0.8881364893293759,-2.3125612588924866,15.0
0.8881364893293759,-2.2252947962927703,18.0
0.8881364893293759,-2.138028333693054,19.0
0.8881364893293759,-2.0507618710933375,10.0
0.8881364893293759,-1.9634954084936207,19.0
0.8881364893293759,-1.8762289458939043,20.0
0.8881364893293759,-1.7889624832941877,12.0
0.8881364893293759,-1.7016960206944713,10.0
0.8881364893293759,-1.6144295580947547,18.0
0.8881364893293759,-1.5271630954950384,16.0
0.8881364893293759,-1.439896632895322,20.0
0.8881364893293759,-1.3526301702956054,14.0
0.8881364893293759,-1.2653637076958888,27.0
0.8881364893293759,-1.1780972450961724,21.0
0.8881364893293759,-1.090830782496456,31.0
0.8881364893293759,-1.0035643198967397,25.0
0.8881364893293759,-0.9162978572970231,17.0
0.8881364893293759,-0.8290313946973065,15.0
0.8881364893293759,-0.7417649320975901,15.0
0.8881364893293759,-0.6544984694978737,11.0
0.8881364893293759,-0.5672320068981571,23.0
0.8881364893293759,-0.4799655442984405,12.0
0.8881364893293759,-0.39269908169872414,18.0
0.8881364893293759,-0.30543261909900776,17.0
0.8881364893293759,-0.21816615649929139,23.0
0.8881364893293759,-0.1308996938995748,18.0
0.8881364893293759,-0.04363323129985819,18.0
0.8881364893293759,0.04363323129985819,22.0
0.8881364893293759,0.13089969389957457,14.0
0.8881364893293759,0.21816615649929116,24.0
0.8881364893293759,0.30543261909900776,20.0
0.8881364893293759,0.39269908169872414,12.0
0.8881364893293759,0.4799655442984405,18.0
0.8881364893293759,0.5672320068981569,22.0
0.8881364893293759,0.6544984694978735,21.0
0.8881364893293759,0.7417649320975901,28.0
0.8881364893293759,0.8290313946973065,15.0
0.8881364893293759,0.9162978572970228,22.0
0.8881364893293759,1.0035643198967392,18.0
0.8881364893293759,1.0908307824964556,23.0
0.8881364893293759,1.178097245096172,15.0
0.8881364893293759,1.2653637076958888,22.0
0.8881364893293759,1.3526301702956056,20.0
0.8881364893293759,1.439896632895322,17.0
0.8881364893293759,1.5271630954950384,19.0
0.8881364893293759,1.6144295580947547,8.0
0.8881364893293759,1.7016960206944711,15.0
0.8881364893293759,1.7889624832941875,16.0
0.8881364893293759,1.8762289458939039,26.0
0.8881364893293759,1.9634954084936203,21.0
0.8881364893293759,2.050761871093337,21.0
0.8881364893293759,2.138028333693054,27.0
0.8881364893293759,2.2252947962927703,12.0
0.8881364893293759,2.3125612588924866,18.0
0.8881364893293759,2.399827721492203,24.0
0.8881364893293759,2.4870941840919194,13.0
0.8881364893293759,2.574360646691636,25.0
0.8881364893293759,2.661627109291352,12.0
0.8881364893293759,2.7488935718910685,15.0
0.8881364893293759,2.8361600344907854,17.0
0.8881364893293759,2.923426497090502,17.0
0.8881364893293759,3.0106929596902186,14.0
0.8881364893293759,3.097959422289935,21.0
0.9278692378999478,-3.097959422289935,24.0
0.9278692378999478,-3.0106929596902186,18.0
0.9278692378999478,-2.923426497090502,14.0
0.9278692378999478,-2.8361600344907854,12.0
0.9278692378999478,-2.748893571891069,20.0
0.9278692378999478,-2.6616271092913526,11.0
0.9278692378999478,-2.574360646691636,18.0
0.9278692378999478,-2.4870941840919194,18.0
0.9278692378999478,-2.399827721492203,19.0
0.9278692378999478,-2.3125612588924866,11.0
0.9278692378999478,-2.2252947962927703,18.0
0.9278692378999478,-2.138028333693054,23.0
0.9278692378999478,-2.0507618710933375,19.0
0.9278692378999478,-1.9634954084936207,15.0
0.9278692378999478,-1.8762289458939043,15.0
0.9278692378999478,-1.7889624832941877,18.0
0.9278692378999478,-1.7016960206944713,22.0
0.9278692378999478,-1.6144295580947547,21.0
0.9278692378999478,-1.5271630954950384,23.0
0.9278692378999478,-1.439896632895322,14.0
0.9278692378999478,-1.3526301702956054,22.0
0.9278692378999478,-1.2653637076958888,13.0
0.9278692378999478,-1.1780972450961724,18.0
0.9278692378999478,-1.090830782496456,25.0
0.9278692378999478,-1.0035643198967397,12.0
0.9278692378999478,-0.9162978572970231,23.0
0.9278692378999478,-0.8290313946973065,15.0
0.9278692378999478,-0.7417649320975901,17.0
0.9278692378999478,-0.6544984694978737,17.0
0.9278692378999478,-0.5672320068981571,14.0
0.9278692378999478,-0.4799655442984405,14.0
0.9278692378999478,-0.39269908169872414,18.0
0.9278692378999478,-0.30543261909900776,14.0
0.9278692378999478,-0.21816615649929139,16.0
0.9278692378999478,-0.1308996938995748,14.0
0.9278692378999478,-0.04363323129985819,17.0
0.9278692378999478,0.04363323129985819,27.0
0.9278692378999478,0.13089969389957457,17.0
0.9278692378999478,0.21816615649929116,31.0
0.9278692378999478,0.30543261909900776,13.0
0.9278692378999478,0.39269908169872414,13.0
0.9278692378999478,0.4799655442984405,11.0
0.9278692378999478,0.5672320068981569,25.0
0.9278692378999478,0.6544984694978735,14.0
0.9278692378999478,0.7417649320975901,12.0
0.9278692378999478,0.8290313946973065,21.0
0.9278692378999478,0.9162978572970228,21.0
0.9278692378999478,1.0035643198967392,19.0
0.9278692378999478,1.0908307824964556,22.0
0.9278692378999478,1.178097245096172,16.0
0.9278692378999478,1.2653637076958888,21.0
0.9278692378999478,1.3526301702956056,10.0
0.9278692378999478,1.439896632895322,11.0
0.9278692378999478,1.5271630954950384,14.0
0.9278692378999478,1.6144295580947547,20.0
0.9278692378999478,1.7016960206944711,21.0
0.9278692378999478,1.7889624832941875,17.0
0.9278692378999478,1.8762289458939039,16.0
0.9278692378999478,1.9634954084936203,17.0
0.9278692378999478,2.050761871093337,25.0
0.9278692378999478,2.138028333693054,30.0
0.9278692378999478,2.2252947962927703,13.0
0.9278692378999478,2.3125612588924866,12.0
0.9278692378999478,2.399827721492203,14.0
0.9278692378999478,2.4870941840919194,12.0
0.9278692378999478,2.574360646691636,18.0
0.9278692378999478,2.661627109291352,23.0
0.9278692378999478,2.7488935718910685,19.0
0.9278692378999478,2.8361600344907854,12.0
0.9278692378999478,2.923426497090502,18.0
0.9278692378999478,3.0106929596902186,19.0
0.9278692378999478,3.097959422289935,20.0
0.9676019864705199,-3.097959422289935,14.0
0.9676019864705199,-3.0106929596902186,17.0
0.9676019864705199,-2.923426497090502,9.0
0.9676019864705199,-2.8361600344907854,25.0
0.9676019864705199,-2.748893571891069,17.0
0.9676019864705199,-2.6616271092913526,13.0
0.9676019864705199,-2.574360646691636,16.0
0.9676019864705199,-2.4870941840919194,6.0
0.9676019864705199,-2.399827721492203,8.0
0.9676019864705199,-2.3125612588924866,13.0
0.9676019864705199,-2.2252947962927703,15.0
0.9676019864705199,-2.138028333693054,22.0
0.9676019864705199,-2.0507618710933375,17.0
0.9676019864705199,-1.9634954084936207,13.0
0.9676019864705199,-1.8762289458939043,15.0
0.9676019864705199,-1.7889624832941877,11.0
0.9676019864705199,-1.7016960206944713,15.0
0.9676019864705199,-1.6144295580947547,18.0
0.9676019864705199,-1.5271630954950384,12.0
0.9676019864705199,-1.439896632895322,17.0
0.9676019864705199,-1.3526301702956054,17.0
0.9676019864705199,-1.2653637076958888,17.0
0.9676019864705199,-1.1780972450961724,17.0
0.9676019864705199,-1.090830782496456,13.0
0.9676019864705199,-1.0035643198967397,14.0
0.9676019864705199,-0.9162978572970231,13.0
0.9676019864705199,-0.8290313946973065,18.0
0.9676019864705199,-0.7417649320975901,20.0
0.9676019864705199,-0.6544984694978737,21.0
0.9676019864705199,-0.5672320068981571,20.0
0.9676019864705199,-0.4799655442984405,13.0
0.9676019864705199,-0.39269908169872414,19.0
0.9676019864705199,-0.30543261909900776,16.0
0.9676019864705199,-0.21816615649929139,14.0
0.9676019864705199,-0.1308996938995748,13.0
0.9676019864705199,-0.04363323129985819,15.0
0.9676019864705199,0.04363323129985819,11.0
0.9676019864705199,0.13089969389957457,12.0
0.9676019864705199,0.21816615649929116,13.0
0.9676019864705199,0.30543261909900776,15.0
0.9676019864705199,0.39269908169872414,12.0
0.9676019864705199,0.4799655442984405,16.0
0.9676019864705199,0.5672320068981569,17.0
0.9676019864705199,0.6544984694978735,21.0
0.9676019864705199,0.7417649320975901,10.0
0.9676019864705199,0.8290313946973065,10.0
0.9676019864705199,0.9162978572970228,19.0
0.9676019864705199,1.0035643198967392,13.0
0.9676019864705199,1.0908307824964556,17.0
0.9676019864705199,1.178097245096172,11.0
0.9676019864705199,1.2653637076958888,15.0
0.9676019864705199,1.3526301702956056,9.0
0.9676019864705199,1.439896632895322,14.0
0.9676019864705199,1.5271630954950384,15.0
0.9676019864705199,1.6144295580947547,8.0
0.9676019864705199,1.7016960206944711,17.0
0.9676019864705199,1.7889624832941875,20.0
0.9676019864705199,1.8762289458939039,14.0
0.9676019864705199,1.9634954084936203,15.0
0.9676019864705199,2.050761871093337,17.0
0.9676019864705199,2.138028333693054,15.0
0.9676019864705199,2.2252947962927703,24.0
0.9676019864705199,2.3125612588924866,7.0
0.9676019864705199,2.399827721492203,16.0
0.9676019864705199,2.4870941840919194,17.0
0.9676019864705199,2.574360646691636,15.0
0.9676019864705199,2.661627109291352,12.0
0.9676019864705199,2.7488935718910685,21.0
0.9676019864705199,2.8361600344907854,13.0
0.9676019864705199,2.923426497090502,23.0
0.9676019864705199,3.0106929596902186,14.0
0.9676019864705199,3.097959422289935,14.0
1.0073347350410917,-3.097959422289935,13.0
1.0073347350410917,-3.0106929596902186,8.0
1.0073347350410917,-2.923426497090502,16.0
1.0073347350410917,-2.8361600344907854,10.0
1.0073347350410917,-2.748893571891069,11.0
1.0073347350410917,-2.6616271092913526,18.0
1.0073347350410917,-2.574360646691636,7.0
1.0073347350410917,-2.4870941840919194,14.0
1.0073347350410917,-2.399827721492203,11.0
1.0073347350410917,-2.3125612588924866,14.0
1.0073347350410917,-2.2252947962927703,9.0
1.0073347350410917,-2.138028333693054,10.0
1.0073347350410917,-2.0507618710933375,13.0
1.0073347350410917,-1.9634954084936207,16.0
1.0073347350410917,-1.8762289458939043,12.0
1.0073347350410917,-1.7889624832941877,11.0
1.0073347350410917,-1.7016960206944713,7.0
1.0073347350410917,-1.6144295580947547,12.0
1.0073347350410917,-1.5271630954950384,15.0
1.0073347350410917,-1.439896632895322,14.0
1.0073347350410917,-1.3526301702956054,14.0
1.0073347350410917,-1.2653637076958888,21.0
1.0073347350410917,-1.1780972450961724,12.0
1.0073347350410917,-1.090830782496456,13.0
1.0073347350410917,-1.0035643198967397,21.0
1.0073347350410917,-0.9162978572970231,17.0
1.0073347350410917,-0.8290313946973065,14.0
1.0073347350410917,-0.7417649320975901,18.0
1.0073347350410917,-0.6544984694978737,8.0
1.0073347350410917,-0.5672320068981571,11.0
1.0073347350410917,-0.4799655442984405,11.0
1.0073347350410917,-0.39269908169872414,9.0
1.0073347350410917,-0.30543261909900776,7.0
1.0073347350410917,-0.21816615649929139,11.0
1.0073347350410917,-0.1308996938995748,11.0
1.0073347350410917,-0.04363323129985819,18.0
1.0073347350410917,0.04363323129985819,22.0
1.0073347350410917,0.13089969389957457,9.0
1.0073347350410917,0.21816615649929116,12.0
1.0073347350410917,0.30543261909900776,21.0
1.0073347350410917,0.39269908169872414,11.0
1.0073347350410917,0.4799655442984405,12.0
1.0073347350410917,0.5672320068981569,19.0
1.0073347350410917,0.6544984694978735,12.0
1.0073347350410917,0.7417649320975901,9.0
1.0073347350410917,0.8290313946973065,10.0
1.0073347350410917,0.9162978572970228,21.0
1.0073347350410917,1.0035643198967392,19.0
1.0073347350410917,1.0908307824964556,13.0
1.0073347350410917,1.178097245096172,16.0
1.0073347350410917,1.2653637076958888,14.0
1.0073347350410917,1.3526301702956056,12.0
1.0073347350410917,1.439896632895322,21.0
1.0073347350410917,1.5271630954950384,16.0
1.0073347350410917,1.6144295580947547,12.0
1.0073347350410917,1.7016960206944711,11.0
1.0073347350410917,1.7889624832941875,16.0
1.0073347350410917,1.8762289458939039,16.0
1.0073347350410917,1.9634954084936203,14.0
1.0073347350410917,2.050761871093337,14.0
1.0073347350410917,2.138028333693054,20.0
1.0073347350410917,2.2252947962927703,12.0
1.0073347350410917,2.3125612588924866,15.0
1.0073347350410917,2.399827721492203,19.0
1.0073347350410917,2.4870941840919194,13.0
1.0073347350410917,2.574360646691636,22.0
1.0073347350410917,2.661627109291352,12.0
1.0073347350410917,2.7488935718910685,8.0
1.0073347350410917,2.8361600344907854,17.0
1.0073347350410917,2.923426497090502,7.0
1.0073347350410917,3.0106929596902186,16.0
1.0073347350410917,3.097959422289935,18.0
1.0470674836116636,-3.097959422289935,17.0
1.0470674836116636,-3.0106929596902186,10.0
1.0470674836116636,-2.923426497090502,13.0
1.0470674836116636,-2.8361600344907854,7.0
1.0470674836116636,-2.748893571891069,20.0
1.0470674836116636,-2.6616271092913526,17.0
1.0470674836116636,-2.574360646691636,12.0
1.0470674836116636,-2.4870941840919194,11.0
1.0470674836116636,-2.399827721492203,11.0
1.0470674836116636,-2.3125612588924866,9.0
1.0470674836116636,-2.2252947962927703,12.0
1.0470674836116636,-2.138028333693054,14.0
1.0470674836116636,-2.0507618710933375,9.0
1.0470674836116636,-1.9634954084936207,11.0
1.0470674836116636,-1.8762289458939043,17.0
1.0470674836116636,-1.7889624832941877,11.0
1.0470674836116636,-1.7016960206944713,7.0
1.0470674836116636,-1.6144295580947547,20.0
1.0470674836116636,-1.5271630954950384,15.0
1.0470674836116636,-1.439896632895322,14.0
1.0470674836116636,-1.3526301702956054,17.0
1.0470674836116636,-1.2653637076958888,15.0
1.0470674836116636,-1.1780972450961724,12.0
1.0470674836116636,-1.090830782496456,17.0
1.0470674836116636,-1.0035643198967397,11.0
1.0470674836116636,-0.9162978572970231,11.0
1.0470674836116636,-0.8290313946973065,16.0
1.0470674836116636,-0.7417649320975901,20.0
1.0470674836116636,-0.6544984694978737,14.0
1.0470674836116636,-0.5672320068981571,15.0
1.0470674836116636,-0.4799655442984405,13.0
1.0470674836116636,-0.39269908169872414,15.0
1.0470674836116636,-0.30543261909900776,7.0
1.0470674836116636,-0.21816615649929139,5.0
1.0470674836116636,-0.1308996938995748,10.0
1.0470674836116636,-0.04363323129985819,14.0
1.0470674836116636,0.04363323129985819,12.0
1.0470674836116636,0.13089969389957457,12.0
1.0470674836116636,0.21816615649929116,17.0
1.0470674836116636,0.30543261909900776,15.0
1.0470674836116636,0.39269908169872414,10.0
1.0470674836116636,0.4799655442984405,9.0
1.0470674836116636,0.5672320068981569,16.0
1.0470674836116636,0.6544984694978735,14.0
1.0470674836116636,0.7417649320975901,12.0
1.0470674836116636,0.8290313946973065,11.0
1.0470674836116636,0.9162978572970228,5.0
1.0470674836116636,1.0035643198967392,15.0
1.0470674836116636,1.0908307824964556,14.0
1.0470674836116636,1.178097245096172,13.0
1.0470674836116636,1.2653637076958888,9.0
1.0470674836116636,1.3526301702956056,16.0
1.0470674836116636,1.439896632895322,15.0
1.0470674836116636,1.5271630954950384,15.0
1.0470674836116636,1.6144295580947547,11.0
1.0470674836116636,1.7016960206944711,19.0
1.0470674836116636,1.7889624832941875,13.0
1.0470674836116636,1.8762289458939039,15.0
1.0470674836116636,1.9634954084936203,11.0
1.0470674836116636,2.050761871093337,16.0
1.0470674836116636,2.138028333693054,14.0
1.0470674836116636,2.2252947962927703,13.0
1.0470674836116636,2.3125612588924866,18.0
1.0470674836116636,2.399827721492203,13.0
1.0470674836116636,2.4870941840919194,14.0
1.0470674836116636,2.574360646691636,10.0
1.0470674836116636,2.661627109291352,22.0
1.0470674836116636,2.7488935718910685,12.0
1.0470674836116636,2.8361600344907854,15.0
1.0470674836116636,2.923426497090502,12.0
1.0470674836116636,3.0106929596902186,15.0
1.0470674836116636,3.097959422289935,19.0
1.0868002321822356,-3.097959422289935,6.0
1.0868002321822356,-3.0106929596902186,11.0
1.0868002321822356,-2.923426497090502,14.0
1.0868002321822356,-2.8361600344907854,13.0
1.0868002321822356,-2.748893571891069,13.0
1.0868002321822356,-2.6616271092913526,8.0
1.0868002321822356,-2.574360646691636,11.0
1.0868002321822356,-2.4870941840919194,13.0
1.0868002321822356,-2.399827721492203,13.0
1.0868002321822356,-2.3125612588924866,6.0
1.0868002321822356,-2.2252947962927703,11.0
1.0868002321822356,-2.138028333693054,14.0
1.0868002321822356,-2.0507618710933375,15.0
1.0868002321822356,-1.9634954084936207,11.0
1.0868002321822356,-1.8762289458939043,14.0
1.0868002321822356,-1.7889624832941877,8.0
1.0868002321822356,-1.7016960206944713,14.0
1.0868002321822356,-1.6144295580947547,16.0
1.0868002321822356,-1.5271630954950384,16.0
1.0868002321822356,-1.439896632895322,15.0
1.0868002321822356,-1.3526301702956054,18.0
1.0868002321822356,-1.2653637076958888,8.0
1.0868002321822356,-1.1780972450961724,6.0
1.0868002321822356,-1.090830782496456,13.0
1.0868002321822356,-1.0035643198967397,15.0
1.0868002321822356,-0.9162978572970231,10.0
1.0868002321822356,-0.8290313946973065,15.0
1.0868002321822356,-0.7417649320975901,15.0
1.0868002321822356,-0.6544984694978737,9.0
1.0868002321822356,-0.5672320068981571,7.0
1.0868002321822356,-0.4799655442984405,11.0
1.0868002321822356,-0.39269908169872414,8.0
1.0868002321822356,-0.30543261909900776,15.0
1.0868002321822356,-0.21816615649929139,11.0
1.0868002321822356,-0.1308996938995748,15.0
1.0868002321822356,-0.04363323129985819,12.0
1.0868002321822356,0.04363323129985819,15.0
1.0868002321822356,0.13089969389957457,17.0
1.0868002321822356,0.21816615649929116,13.0
1.0868002321822356,0.30543261909900776,10.0
1.0868002321822356,0.39269908169872414,9.0
1.0868002321822356,0.4799655442984405,11.0
1.0868002321822356,0.5672320068981569,12.0
1.0868002321822356,0.6544984694978735,10.0
1.0868002321822356,0.7417649320975901,11.0
1.0868002321822356,0.8290313946973065,14.0
1.0868002321822356,0.9162978572970228,15.0
1.0868002321822356,1.0035643198967392,8.0
1.0868002321822356,1.0908307824964556,9.0
1.0868002321822356,1.178097245096172,20.0
1.0868002321822356,1.2653637076958888,11.0
1.0868002321822356,1.3526301702956056,15.0
1.0868002321822356,1.439896632895322,13.0
1.0868002321822356,1.5271630954950384,10.0
1.0868002321822356,1.6144295580947547,15.0
1.0868002321822356,1.7016960206944711,12.0
1.0868002321822356,1.7889624832941875,9.0
1.0868002321822356,1.8762289458939039,7.0
1.0868002321822356,1.9634954084936203,8.0
1.0868002321822356,2.050761871093337,14.0
1.0868002321822356,2.138028333693054,13.0
1.0868002321822356,2.2252947962927703,17.0
1.0868002321822356,2.3125612588924866,16.0
1.0868002321822356,2.399827721492203,7.0
1.0868002321822356,2.4870941840919194,7.0
1.0868002321822356,2.574360646691636,8.0
1.0868002321822356,2.661627109291352,17.0
1.0868002321822356,2.7488935718910685,10.0
1.0868002321822356,2.8361600344907854,13.0
1.0868002321822356,2.923426497090502,13.0
1.0868002321822356,3.0106929596902186,4.0
1.0868002321822356,3.097959422289935,7.0
1.1265329807528077,-3.097959422289935,11.0
1.1265329807528077,-3.0106929596902186,10.0
1.1265329807528077,-2.923426497090502,9.0
1.1265329807528077,-2.8361600344907854,9.0
1.1265329807528077,-2.748893571891069,14.0
1.1265329807528077,-2.6616271092913526,9.0
1.1265329807528077,-2.574360646691636,11.0
1.1265329807528077,-2.4870941840919194,8.0
1.1265329807528077,-2.399827721492203,8.0
1.1265329807528077,-2.3125612588924866,9.0
1.1265329807528077,-2.2252947962927703,8.0
1.1265329807528077,-2.138028333693054,7.0
1.1265329807528077,-2.0507618710933375,9.0
1.1265329807528077,-1.9634954084936207,10.0
1.1265329807528077,-1.8762289458939043,17.0
1.1265329807528077,-1.7889624832941877,9.0
1.1265329807528077,-1.7016960206944713,14.0
1.1265329807528077,-1.6144295580947547,10.0
1.1265329807528077,-1.5271630954950384,13.0
1.1265329807528077,-1.439896632895322,16.0
1.1265329807528077,-1.3526301702956054,9.0
1.1265329807528077,-1.2653637076958888,17.0
1.1265329807528077,-1.1780972450961724,13.0
1.1265329807528077,-1.090830782496456,12.0
1.1265329807528077,-1.0035643198967397,14.0
1.1265329807528077,-0.9162978572970231,15.0
1.1265329807528077,-0.8290313946973065,8.0
1.1265329807528077,-0.7417649320975901,15.0
1.1265329807528077,-0.6544984694978737,9.0
1.1265329807528077,-0.5672320068981571,13.0
1.1265329807528077,-0.4799655442984405,11.0
1.1265329807528077,-0.39269908169872414,19.0
1.1265329807528077,-0.30543261909900776,16.0
1.1265329807528077,-0.21816615649929139,8.0
1.1265329807528077,-0.1308996938995748,8.0
1.1265329807528077,-0.04363323129985819,13.0
1.1265329807528077,0.04363323129985819,8.0
1.1265329807528077,0.13089969389957457,11.0
1.1265329807528077,0.21816615649929116,6.0
1.1265329807528077,0.30543261909900776,5.0
1.1265329807528077,0.39269908169872414,13.0
1.1265329807528077,0.4799655442984405,8.0
1.1265329807528077,0.5672320068981569,9.0
1.1265329807528077,0.6544984694978735,15.0
1.1265329807528077,0.7417649320975901,13.0
1.1265329807528077,0.8290313946973065,7.0
1.1265329807528077,0.9162978572970228,12.0
1.1265329807528077,1.0035643198967392,6.0
1.1265329807528077,1.0908307824964556,5.0
1.1265329807528077,1.178097245096172,10.0
1.1265329807528077,1.2653637076958888,9.0
1.1265329807528077,1.3526301702956056,8.0
1.1265329807528077,1.439896632895322,9.0
1.1265329807528077,1.5271630954950384,9.0
1.1265329807528077,1.6144295580947547,14.0
1.1265329807528077,1.7016960206944711,11.0
1.1265329807528077,1.7889624832941875,14.0
1.1265329807528077,1.8762289458939039,12.0
1.1265329807528077,1.9634954084936203,6.0
1.1265329807528077,2.050761871093337,11.0
1.1265329807528077,2.138028333693054,9.0
1.1265329807528077,2.2252947962927703,10.0
1.1265329807528077,2.3125612588924866,10.0
1.1265329807528077,2.399827721492203,9.0
1.1265329807528077,2.4870941840919194,8.0
1.1265329807528077,2.574360646691636,14.0
1.1265329807528077,2.661627109291352,7.0
1.1265329807528077,2.7488935718910685,14.0
1.1265329807528077,2.8361600344907854,10.0
1.1265329807528077,2.923426497090502,9.0
1.1265329807528077,3.0106929596902186,7.0
1.1265329807528077,3.097959422289935,9.0
1.1662657293233796,-3.097959422289935,13.0
1.1662657293233796,-3.0106929596902186,12.0
1.1662657293233796,-2.923426497090502,11.0
1.1662657293233796,-2.8361600344907854,8.0
1.1662657293233796,-2.748893571891069,9.0
1.1662657293233796,-2.6616271092913526,5.0
1.1662657293233796,-2.574360646691636,13.0
1.1662657293233796,-2.4870941840919194,7.0
1.1662657293233796,-2.399827721492203,9.0
1.1662657293233796,-2.3125612588924866,14.0
1.1662657293233796,-2.2252947962927703,8.0
1.1662657293233796,-2.138028333693054,5.0
1.1662657293233796,-2.0507618710933375,13.0
1.1662657293233796,-1.9634954084936207,10.0
1.1662657293233796,-1.8762289458939043,3.0
1.1662657293233796,-1.7889624832941877,8.0
1.1662657293233796,-1.7016960206944713,6.0
1.1662657293233796,-1.6144295580947547,16.0
1.1662657293233796,-1.5271630954950384,8.0
1.1662657293233796,-1.439896632895322,6.0
1.1662657293233796,-1.3526301702956054,3.0
1.1662657293233796,-1.2653637076958888,10.0
1.1662657293233796,-1.1780972450961724,11.0
1.1662657293233796,-1.090830782496456,8.0
1.1662657293233796,-1.0035643198967397,11.0
1.1662657293233796,-0.9162978572970231,7.0
1.1662657293233796,-0.8290313946973065,13.0
1.1662657293233796,-0.7417649320975901,12.0
1.1662657293233796,-0.6544984694978737,5.0
1.1662657293233796,-0.5672320068981571,14.0
1.1662657293233796,-0.4799655442984405,16.0
1.1662657293233796,-0.39269908169872414,12.0
1.1662657293233796,-0.30543261909900776,7.0
1.1662657293233796,-0.21816615649929139,7.0
1.1662657293233796,-0.1308996938995748,10.0
1.1662657293233796,-0.04363323129985819,6.0
1.1662657293233796,0.04363323129985819,6.0
1.1662657293233796,0.13089969389957457,11.0
1.1662657293233796,0.21816615649929116,11.0
1.1662657293233796,0.30543261909900776,11.0
1.1662657293233796,0.39269908169872414,7.0
1.1662657293233796,0.4799655442984405,17.0
1.1662657293233796,0.5672320068981569,4.0
1.1662657293233796,0.6544984694978735,7.0
1.1662657293233796,0.7417649320975901,11.0
1.1662657293233796,0.8290313946973065,6.0
1.1662657293233796,0.9162978572970228,15.0
1.1662657293233796,1.0035643198967392,10.0
1.1662657293233796,1.0908307824964556,11.0
1.1662657293233796,1.178097245096172,14.0
1.1662657293233796,1.2653637076958888,8.0
1.1662657293233796,1.3526301702956056,14.0
1.1662657293233796,1.439896632895322,10.0
1.1662657293233796,1.5271630954950384,10.0
1.1662657293233796,1.6144295580947547,12.0
1.1662657293233796,1.7016960206944711,8.0
1.1662657293233796,1.7889624832941875,10.0
1.1662657293233796,1.8762289458939039,6.0
1.1662657293233796,1.9634954084936203,10.0
1.1662657293233796,2.050761871093337,14.0
1.1662657293233796,2.138028333693054,11.0
1.1662657293233796,2.2252947962927703,8.0
1.1662657293233796,2.3125612588924866,9.0
1.1662657293233796,2.399827721492203,5.0
1.1662657293233796,2.4870941840919194,7.0
1.1662657293233796,2.574360646691636,8.0
1.1662657293233796,2.661627109291352,12.0
1.1662657293233796,2.7488935718910685,7.0
1.1662657293233796,2.8361600344907854,9.0
1.1662657293233796,2.923426497090502,11.0
1.1662657293233796,3.0106929596902186,15.0
1.1662657293233796,3.097959422289935,9.0
1.2059984778939514,-3.097959422289935,9.0
1.2059984778939514,-3.0106929596902186,7.0
1.2059984778939514,-2.923426497090502,7.0
1.2059984778939514,-2.8361600344907854,8.0
1.2059984778939514,-2.748893571891069,11.0
1.2059984778939514,-2.6616271092913526,12.0
1.2059984778939514,-2.574360646691636,14.0
1.2059984778939514,-2.4870941840919194,7.0
1.2059984778939514,-2.399827721492203,9.0
1.2059984778939514,-2.3125612588924866,14.0
1.2059984778939514,-2.2252947962927703,10.0
1.2059984778939514,-2.138028333693054,9.0
1.2059984778939514,-2.0507618710933375,9.0
1.2059984778939514,-1.9634954084936207,5.0
1.2059984778939514,-1.8762289458939043,11.0
1.2059984778939514,-1.7889624832941877,5.0
1.2059984778939514,-1.7016960206944713,5.0
1.2059984778939514,-1.6144295580947547,6.0
1.2059984778939514,-1.5271630954950384,7.0
1.2059984778939514,-1.439896632895322,5.0
1.2059984778939514,-1.3526301702956054,12.0
1.2059984778939514,-1.2653637076958888,5.0
1.2059984778939514,-1.1780972450961724,7.0
1.2059984778939514,-1.090830782496456,7.0
1.2059984778939514,-1.0035643198967397,5.0
1.2059984778939514,-0.9162978572970231,7.0
1.2059984778939514,-0.8290313946973065,14.0
1.2059984778939514,-0.7417649320975901,6.0
1.2059984778939514,-0.6544984694978737,15.0
1.2059984778939514,-0.5672320068981571,5.0
1.2059984778939514,-0.4799655442984405,6.0
1.2059984778939514,-0.39269908169872414,12.0
1.2059984778939514,-0.30543261909900776,10.0
1.2059984778939514,-0.21816615649929139,10.0
1.2059984778939514,-0.1308996938995748,9.0
1.2059984778939514,-0.04363323129985819,7.0
1.2059984778939514,0.04363323129985819,9.0
1.2059984778939514,0.13089969389957457,10.0
1.2059984778939514,0.21816615649929116,6.0
1.2059984778939514,0.30543261909900776,4.0
1.2059984778939514,0.39269908169872414,10.0
1.2059984778939514,0.4799655442984405,6.0
1.2059984778939514,0.5672320068981569,5.0
1.2059984778939514,0.6544984694978735,12.0
1.2059984778939514,0.7417649320975901,7.0
1.2059984778939514,0.8290313946973065,8.0
1.2059984778939514,0.9162978572970228,9.0
1.2059984778939514,1.0035643198967392,7.0
1.2059984778939514,1.0908307824964556,9.0
1.2059984778939514,1.178097245096172,6.0
1.2059984778939514,1.2653637076958888,6.0
1.2059984778939514,1.3526301702956056,9.0
1.2059984778939514,1.439896632895322,15.0
1.2059984778939514,1.5271630954950384,14.0
1.2059984778939514,1.6144295580947547,9.0
1.2059984778939514,1.7016960206944711,5.0
1.2059984778939514,1.7889624832941875,7.0
1.2059984778939514,1.8762289458939039,6.0
1.2059984778939514,1.9634954084936203,12.0
1.2059984778939514,2.050761871093337,9.0
1.2059984778939514,2.138028333693054,14.0
1.2059984778939514,2.2252947962927703,7.0
1.2059984778939514,2.3125612588924866,6.0
1.2059984778939514,2.399827721492203,7.0
1.2059984778939514,2.4870941840919194,10.0
1.2059984778939514,2.574360646691636,9.0
1.2059984778939514,2.661627109291352,4.0
1.2059984778939514,2.7488935718910685,10.0
1.2059984778939514,2.8361600344907854,17.0
1.2059984778939514,2.923426497090502,8.0
1.2059984778939514,3.0106929596902186,6.0
1.2059984778939514,3.097959422289935,6.0
1.2457312264645235,-3.097959422289935,2.0
1.2457312264645235,-3.0106929596902186,6.0
1.2457312264645235,-2.923426497090502,9.0
1.2457312264645235,-2.8361600344907854,6.0
1.2457312264645235,-2.748893571891069,9.0
1.2457312264645235,-2.6616271092913526,7.0
1.2457312264645235,-2.574360646691636,4.0
1.2457312264645235,-2.4870941840919194,5.0
1.2457312264645235,-2.399827721492203,8.0
1.2457312264645235,-2.3125612588924866,8.0
1.2457312264645235,-2.2252947962927703,5.0
1.2457312264645235,-2.138028333693054,10.0
1.2457312264645235,-2.0507618710933375,9.0
1.2457312264645235,-1.9634954084936207,10.0
1.2457312264645235,-1.8762289458939043,10.0
1.2457312264645235,-1.7889624832941877,10.0
1.2457312264645235,-1.7016960206944713,6.0
1.2457312264645235,-1.6144295580947547,5.0
1.2457312264645235,-1.5271630954950384,8.0
1.2457312264645235,-1.439896632895322,3.0
1.2457312264645235,-1.3526301702956054,8.0
1.2457312264645235,-1.2653637076958888,10.0
1.2457312264645235,-1.1780972450961724,6.0
1.2457312264645235,-1.090830782496456,5.0
1.2457312264645235,-1.0035643198967397,3.0
1.2457312264645235,-0.9162978572970231,10.0
1.2457312264645235,-0.8290313946973065,7.0
1.2457312264645235,-0.7417649320975901,5.0
1.2457312264645235,-0.6544984694978737,3.0
1.2457312264645235,-0.5672320068981571,7.0
1.2457312264645235,-0.4799655442984405,7.0
1.2457312264645235,-0.39269908169872414,6.0
1.2457312264645235,-0.30543261909900776,3.0
1.2457312264645235,-0.21816615649929139,8.0
1.2457312264645235,-0.1308996938995748,5.0
1.2457312264645235,-0.04363323129985819,6.0
1.2457312264645235,0.04363323129985819,7.0
1.2457312264645235,0.13089969389957457,5.0
1.2457312264645235,0.21816615649929116,9.0
1.2457312264645235,0.30543261909900776,7.0
1.2457312264645235,0.39269908169872414,11.0
1.2457312264645235,0.4799655442984405,7.0
1.2457312264645235,0.5672320068981569,9.0
1.2457312264645235,0.6544984694978735,4.0
1.2457312264645235,0.7417649320975901,13.0
1.2457312264645235,0.8290313946973065,4.0
1.2457312264645235,0.9162978572970228,3.0
1.2457312264645235,1.0035643198967392,5.0
1.2457312264645235,1.0908307824964556,2.0
1.2457312264645235,1.178097245096172,10.0
1.2457312264645235,1.2653637076958888,8.0
1.2457312264645235,1.3526301702956056,9.0
1.2457312264645235,1.439896632895322,8.0
1.2457312264645235,1.5271630954950384,8.0
1.2457312264645235,1.6144295580947547,11.0
1.2457312264645235,1.7016960206944711,10.0
1.2457312264645235,1.7889624832941875,5.0
1.2457312264645235,1.8762289458939039,3.0
1.2457312264645235,1.9634954084936203,7.0
1.2457312264645235,2.050761871093337,9.0
1.2457312264645235,2.138028333693054,9.0
1.2457312264645235,2.2252947962927703,2.0
1.2457312264645235,2.3125612588924866,6.0
1.2457312264645235,2.399827721492203,6.0
1.2457312264645235,2.4870941840919194,11.0
1.2457312264645235,2.574360646691636,3.0
1.2457312264645235,2.661627109291352,6.0
1.2457312264645235,2.7488935718910685,5.0
1.2457312264645235,2.8361600344907854,14.0
1.2457312264645235,2.923426497090502,5.0
1.2457312264645235,3.0106929596902186,8.0
1.2457312264645235,3.097959422289935,10.0
1.2854639750350954,-3.097959422289935,4.0
1.2854639750350954,-3.0106929596902186,10.0
1.2854639750350954,-2.923426497090502,6.0
1.2854639750350954,-2.8361600344907854,11.0
1.2854639750350954,-2.748893571891069,9.0
1.2854639750350954,-2.6616271092913526,5.0
1.2854639750350954,-2.574360646691636,7.0
1.2854639750350954,-2.4870941840919194,10.0
1.2854639750350954,-2.399827721492203,5.0
1.2854639750350954,-2.3125612588924866,5.0
1.2854639750350954,-2.2252947962927703,7.0
1.2854639750350954,-2.138028333693054,5.0
1.2854639750350954,-2.0507618710933375,9.0
1.2854639750350954,-1.9634954084936207,9.0
1.2854639750350954,-1.8762289458939043,7.0
1.2854639750350954,-1.7889624832941877,7.0
1.2854639750350954,-1.7016960206944713,8.0
1.2854639750350954,-1.6144295580947547,7.0
1.2854639750350954,-1.5271630954950384,10.0
1.2854639750350954,-1.439896632895322,8.0
1.2854639750350954,-1.3526301702956054,5.0
1.2854639750350954,-1.2653637076958888,3.0
1.2854639750350954,-1.1780972450961724,6.0
1.2854639750350954,-1.090830782496456,10.0
1.2854639750350954,-1.0035643198967397,2.0
1.2854639750350954,-0.9162978572970231,3.0
1.2854639750350954,-0.8290313946973065,6.0
1.2854639750350954,-0.7417649320975901,5.0
1.2854639750350954,-0.6544984694978737,3.0
1.2854639750350954,-0.5672320068981571,7.0
1.2854639750350954,-0.4799655442984405,7.0
1.2854639750350954,-0.39269908169872414,8.0
1.2854639750350954,-0.30543261909900776,4.0
1.2854639750350954,-0.21816615649929139,8.0
1.2854639750350954,-0.1308996938995748,3.0
1.2854639750350954,-0.04363323129985819,4.0
1.2854639750350954,0.04363323129985819,8.0
1.2854639750350954,0.13089969389957457,3.0
1.2854639750350954,0.21816615649929116,5.0
1.2854639750350954,0.30543261909900776,7.0
1.2854639750350954,0.39269908169872414,6.0
1.2854639750350954,0.4799655442984405,9.0
1.2854639750350954,0.5672320068981569,5.0
1.2854639750350954,0.6544984694978735,4.0
1.2854639750350954,0.7417649320975901,6.0
1.2854639750350954,0.8290313946973065,5.0
1.2854639750350954,0.9162978572970228,5.0
1.2854639750350954,1.0035643198967392,2.0
1.2854639750350954,1.0908307824964556,7.0
1.2854639750350954,1.178097245096172,8.0
1.2854639750350954,1.2653637076958888,2.0
1.2854639750350954,1.3526301702956056,4.0
1.2854639750350954,1.439896632895322,11.0
1.2854639750350954,1.5271630954950384,6.0
1.2854639750350954,1.6144295580947547,5.0
1.2854639750350954,1.7016960206944711,10.0
1.2854639750350954,1.7889624832941875,5.0
1.2854639750350954,1.8762289458939039,4.0
1.2854639750350954,1.9634954084936203,7.0
1.2854639750350954,2.050761871093337,5.0
1.2854639750350954,2.138028333693054,5.0
1.2854639750350954,2.2252947962927703,9.0
1.2854639750350954,2.3125612588924866,13.0
1.2854639750350954,2.399827721492203,8.0
1.2854639750350954,2.4870941840919194,3.0
1.2854639750350954,2.574360646691636,6.0
1.2854639750350954,2.661627109291352,5.0
1.2854639750350954,2.7488935718910685,8.0
1.2854639750350954,2.8361600344907854,6.0
1.2854639750350954,2.923426497090502,2.0
1.2854639750350954,3.0106929596902186,8.0
1.2854639750350954,3.097959422289935,9.0
1.3251967236056672,-3.097959422289935,4.0
1.3251967236056672,-3.0106929596902186,4.0
1.3251967236056672,-2.923426497090502,8.0
1.3251967236056672,-2.8361600344907854,8.0
1.3251967236056672,-2.748893571891069,8.0
1.3251967236056672,-2.6616271092913526,7.0
1.3251967236056672,-2.574360646691636,9.0
1.3251967236056672,-2.4870941840919194,4.0
1.3251967236056672,-2.399827721492203,2.0
1.3251967236056672,-2.3125612588924866,12.0
1.3251967236056672,-2.2252947962927703,10.0
1.3251967236056672,-2.138028333693054,4.0
1.3251967236056672,-2.0507618710933375,7.0
1.3251967236056672,-1.9634954084936207,3.0
1.3251967236056672,-1.8762289458939043,5.0
1.3251967236056672,-1.7889624832941877,3.0
1.3251967236056672,-1.7016960206944713,2.0
1.3251967236056672,-1.6144295580947547,4.0
1.3251967236056672,-1.5271630954950384,2.0
1.3251967236056672,-1.439896632895322,5.0
1.3251967236056672,-1.3526301702956054,5.0
1.3251967236056672,-1.2653637076958888,6.0
1.3251967236056672,-1.1780972450961724,9.0
1.3251967236056672,-1.090830782496456,4.0
1.3251967236056672,-1.0035643198967397,3.0
1.3251967236056672,-0.9162978572970231,3.0
1.3251967236056672,-0.8290313946973065,5.0
1.3251967236056672,-0.7417649320975901,7.0
1.3251967236056672,-0.6544984694978737,10.0
1.3251967236056672,-0.5672320068981571,6.0
1.3251967236056672,-0.4799655442984405,5.0
1.3251967236056672,-0.39269908169872414,5.0
1.3251967236056672,-0.30543261909900776,10.0
1.3251967236056672,-0.21816615649929139,5.0
1.3251967236056672,-0.1308996938995748,6.0
1.3251967236056672,-0.04363323129985819,6.0
1.3251967236056672,0.04363323129985819,2.0
1.3251967236056672,0.13089969389957457,9.0
1.3251967236056672,0.21816615649929116,5.0
1.3251967236056672,0.30543261909900776,9.0
1.3251967236056672,0.39269908169872414,6.0
1.3251967236056672,0.4799655442984405,3.0
1.3251967236056672,0.5672320068981569,4.0
1.3251967236056672,0.6544984694978735,7.0
1.3251967236056672,0.7417649320975901,7.0
1.3251967236056672,0.8290313946973065,4.0
1.3251967236056672,0.9162978572970228,3.0
1.3251967236056672,1.0035643198967392,3.0
1.3251967236056672,1.0908307824964556,7.0
1.3251967236056672,1.178097245096172,3.0
1.3251967236056672,1.2653637076958888,3.0
1.3251967236056672,1.3526301702956056,8.0
1.3251967236056672,1.439896632895322,6.0
1.3251967236056672,1.5271630954950384,6.0
1.3251967236056672,1.6144295580947547,9.0
1.3251967236056672,1.7016960206944711,6.0
1.3251967236056672,1.7889624832941875,4.0
1.3251967236056672,1.8762289458939039,5.0
1.3251967236056672,1.9634954084936203,5.0
1.3251967236056672,2.050761871093337,5.0
1.3251967236056672,2.138028333693054,6.0
1.3251967236056672,2.2252947962927703,4.0
1.3251967236056672,2.3125612588924866,11.0
1.3251967236056672,2.399827721492203,6.0
1.3251967236056672,2.4870941840919194,6.0
1.3251967236056672,2.574360646691636,6.0
1.3251967236056672,2.661627109291352,7.0
1.3251967236056672,2.7488935718910685,5.0
1.3251967236056672,2.8361600344907854,3.0
1.3251967236056672,2.923426497090502,8.0
1.3251967236056672,3.0106929596902186,4.0
1.3251967236056672,3.097959422289935,6.0
1.3649294721762393,-3.097959422289935,4.0
1.3649294721762393,-3.0106929596902186,5.0
1.3649294721762393,-2.923426497090502,5.0
1.3649294721762393,-2.8361600344907854,3.0
1.3649294721762393,-2.748893571891069,4.0
1.3649294721762393,-2.6616271092913526,4.0
1.3649294721762393,-2.574360646691636,2.0
1.3649294721762393,-2.4870941840919194,5.0
1.3649294721762393,-2.399827721492203,5.0
1.3649294721762393,-2.3125612588924866,6.0
1.3649294721762393,-2.2252947962927703,3.0
1.3649294721762393,-2.138028333693054,4.0
1.3649294721762393,-2.0507618710933375,3.0
1.3649294721762393,-1.9634954084936207,5.0
1.3649294721762393,-1.8762289458939043,8.0
1.3649294721762393,-1.7889624832941877,5.0
1.3649294721762393,-1.7016960206944713,4.0
1.3649294721762393,-1.6144295580947547,3.0
1.3649294721762393,-1.5271630954950384,5.0
1.3649294721762393,-1.439896632895322,6.0
1.3649294721762393,-1.3526301702956054,8.0
1.3649294721762393,-1.2653637076958888,4.0
1.3649294721762393,-1.1780972450961724,2.0
1.3649294721762393,-1.090830782496456,2.0
1.3649294721762393,-1.0035643198967397,9.0
1.3649294721762393,-0.9162978572970231,5.0
1.3649294721762393,-0.8290313946973065,5.0
1.3649294721762393,-0.7417649320975901,4.0
1.3649294721762393,-0.6544984694978737,4.0
1.3649294721762393,-0.5672320068981571,6.0
1.3649294721762393,-0.4799655442984405,2.0
1.3649294721762393,-0.39269908169872414,6.0
1.3649294721762393,-0.30543261909900776,2.0
1.3649294721762393,-0.21816615649929139,8.0
1.3649294721762393,-0.1308996938995748,7.0
1.3649294721762393,-0.04363323129985819,6.0
1.3649294721762393,0.04363323129985819,4.0
1.3649294721762393,0.13089969389957457,7.0
1.3649294721762393,0.21816615649929116,3.0
1.3649294721762393,0.30543261909900776,5.0
1.3649294721762393,0.39269908169872414,4.0
1.3649294721762393,0.4799655442984405,3.0
1.3649294721762393,0.5672320068981569,4.0
1.3649294721762393,0.6544984694978735,7.0
1.3649294721762393,0.7417649320975901,1.0
1.3649294721762393,0.8290313946973065,5.0
1.3649294721762393,0.9162978572970228,5.0
1.3649294721762393,1.0035643198967392,1.0
1.3649294721762393,1.0908307824964556,3.0
1.3649294721762393,1.178097245096172,8.0
1.3649294721762393,1.2653637076958888,9.0
1.3649294721762393,1.3526301702956056,4.0
1.3649294721762393,1.439896632895322,4.0
1.3649294721762393,1.5271630954950384,6.0
1.3649294721762393,1.6144295580947547,3.0
1.3649294721762393,1.7016960206944711,10.0
1.3649294721762393,1.7889624832941875,1.0
1.3649294721762393,1.8762289458939039,2.0
1.3649294721762393,1.9634954084936203,8.0
1.3649294721762393,2.050761871093337,7.0
1.3649294721762393,2.138028333693054,8.0
1.3649294721762393,2.2252947962927703,5.0
1.3649294721762393,2.3125612588924866,4.0
1.3649294721762393,2.399827721492203,4.0
1.3649294721762393,2.4870941840919194,8.0
1.3649294721762393,2.574360646691636,4.0
1.3649294721762393,2.661627109291352,5.0
1.3649294721762393,2.7488935718910685,5.0
1.3649294721762393,2.8361600344907854,4.0
1.3649294721762393,2.923426497090502,3.0
1.3649294721762393,3.0106929596902186,2.0
1.3649294721762393,3.097959422289935,4.0
1.4046622207468114,-3.097959422289935,4.0
1.4046622207468114,-3.0106929596902186,6.0
1.4046622207468114,-2.923426497090502,2.0
1.4046622207468114,-2.8361600344907854,7.0
1.4046622207468114,-2.748893571891069,5.0
1.4046622207468114,-2.6616271092913526,1.0
1.4046622207468114,-2.574360646691636,1.0
1.4046622207468114,-2.4870941840919194,3.0
1.4046622207468114,-2.399827721492203,1.0
1.4046622207468114,-2.3125612588924866,5.0
1.4046622207468114,-2.2252947962927703,5.0
1.4046622207468114,-2.138028333693054,2.0
1.4046622207468114,-2.0507618710933375,2.0
1.4046622207468114,-1.9634954084936207,4.0
1.4046622207468114,-1.8762289458939043,5.0
1.4046622207468114,-1.7889624832941877,3.0
1.4046622207468114,-1.7016960206944713,2.0
1.4046622207468114,-1.6144295580947547,1.0
1.4046622207468114,-1.5271630954950384,6.0
1.4046622207468114,-1.439896632895322,2.0
1.4046622207468114,-1.3526301702956054,4.0
1.4046622207468114,-1.2653637076958888,5.0
1.4046622207468114,-1.1780972450961724,3.0
1.4046622207468114,-1.090830782496456,3.0
1.4046622207468114,-1.0035643198967397,2.0
1.4046622207468114,-0.9162978572970231,1.0
1.4046622207468114,-0.8290313946973065,3.0
1.4046622207468114,-0.7417649320975901,2.0
1.4046622207468114,-0.6544984694978737,4.0
1.4046622207468114,-0.5672320068981571,4.0
1.4046622207468114,-0.4799655442984405,6.0
1.4046622207468114,-0.39269908169872414,4.0
1.4046622207468114,-0.30543261909900776,2.0
1.4046622207468114,-0.21816615649929139,2.0
1.4046622207468114,-0.1308996938995748,5.0
1.4046622207468114,-0.04363323129985819,6.0
1.4046622207468114,0.04363323129985819,7.0
1.4046622207468114,0.13089969389957457,1.0
1.4046622207468114,0.21816615649929116,3.0
1.4046622207468114,0.30543261909900776,3.0
1.4046622207468114,0.39269908169872414,3.0
1.4046622207468114,0.4799655442984405,4.0
1.4046622207468114,0.5672320068981569,6.0
1.4046622207468114,0.6544984694978735,3.0
1.4046622207468114,0.7417649320975901,2.0
1.4046622207468114,0.8290313946973065,6.0
1.4046622207468114,0.9162978572970228,7.0
1.4046622207468114,1.0035643198967392,1.0
1.4046622207468114,1.0908307824964556,3.0
1.4046622207468114,1.178097245096172,4.0
1.4046622207468114,1.2653637076958888,2.0
1.4046622207468114,1.3526301702956056,5.0
1.4046622207468114,1.439896632895322,13.0
1.4046622207468114,1.5271630954950384,0.0
1.4046622207468114,1.6144295580947547,1.0
1.4046622207468114,1.7016960206944711,0.0
1.4046622207468114,1.7889624832941875,2.0
1.4046622207468114,1.8762289458939039,6.0
1.4046622207468114,1.9634954084936203,3.0
1.4046622207468114,2.050761871093337,3.0
1.4046622207468114,2.138028333693054,3.0
1.4046622207468114,2.2252947962927703,5.0
1.4046622207468114,2.3125612588924866,3.0
1.4046622207468114,2.399827721492203,1.0
1.4046622207468114,2.4870941840919194,2.0
1.4046622207468114,2.574360646691636,4.0
1.4046622207468114,2.661627109291352,1.0
1.4046622207468114,2.7488935718910685,3.0
1.4046622207468114,2.8361600344907854,6.0
1.4046622207468114,2.923426497090502,5.0
1.4046622207468114,3.0106929596902186,3.0
1.4046622207468114,3.097959422289935,4.0
1.4443949693173832,-3.097959422289935,1.0
1.4443949693173832,-3.0106929596902186,4.0
1.4443949693173832,-2.923426497090502,3.0
1.4443949693173832,-2.8361600344907854,2.0
1.4443949693173832,-2.748893571891069,5.0
1.4443949693173832,-2.6616271092913526,3.0
1.4443949693173832,-2.574360646691636,1.0
1.4443949693173832,-2.4870941840919194,5.0
1.4443949693173832,-2.399827721492203,0.0
1.4443949693173832,-2.3125612588924866,3.0
1.4443949693173832,-2.2252947962927703,1.0
1.4443949693173832,-2.138028333693054,2.0
1.4443949693173832,-2.0507618710933375,1.0
1.4443949693173832,-1.9634954084936207,6.0
1.4443949693173832,-1.8762289458939043,1.0
1.4443949693173832,-1.7889624832941877,4.0
1.4443949693173832,-1.7016960206944713,2.0
1.4443949693173832,-1.6144295580947547,2.0
1.4443949693173832,-1.5271630954950384,0.0
1.4443949693173832,-1.439896632895322,5.0
1.4443949693173832,-1.3526301702956054,3.0
1.4443949693173832,-1.2653637076958888,3.0
1.4443949693173832,-1.1780972450961724,3.0
1.4443949693173832,-1.090830782496456,1.0
1.4443949693173832,-1.0035643198967397,1.0
1.4443949693173832,-0.9162978572970231,2.0
1.4443949693173832,-0.8290313946973065,1.0
1.4443949693173832,-0.7417649320975901,3.0
1.4443949693173832,-0.6544984694978737,1.0
1.4443949693173832,-0.5672320068981571,4.0
1.4443949693173832,-0.4799655442984405,2.0
1.4443949693173832,-0.39269908169872414,4.0
1.4443949693173832,-0.30543261909900776,1.0
1.4443949693173832,-0.21816615649929139,2.0
1.4443949693173832,-0.1308996938995748,1.0
1.4443949693173832,-0.04363323129985819,3.0
1.4443949693173832,0.04363323129985819,2.0
1.4443949693173832,0.13089969389957457,6.0
1.4443949693173832,0.21816615649929116,3.0
1.4443949693173832,0.30543261909900776,1.0
1.4443949693173832,0.39269908169872414,1.0
1.4443949693173832,0.4799655442984405,2.0
1.4443949693173832,0.5672320068981569,2.0
1.4443949693173832,0.6544984694978735,1.0
1.4443949693173832,0.7417649320975901,3.0
1.4443949693173832,0.8290313946973065,3.0
1.4443949693173832,0.9162978572970228,2.0
1.4443949693173832,1.0035643198967392,3.0
1.4443949693173832,1.0908307824964556,2.0
1.4443949693173832,1.178097245096172,4.0
1.4443949693173832,1.2653637076958888,2.0
1.4443949693173832,1.3526301702956056,8.0
1.4443949693173832,1.439896632895322,2.0
1.4443949693173832,1.5271630954950384,3.0
1.4443949693173832,1.6144295580947547,3.0
1.4443949693173832,1.7016960206944711,2.0
1.4443949693173832,1.7889624832941875,0.0
1.4443949693173832,1.8762289458939039,4.0
1.4443949693173832,1.9634954084936203,4.0
1.4443949693173832,2.050761871093337,4.0
1.4443949693173832,2.138028333693054,1.0
1.4443949693173832,2.2252947962927703,3.0
1.4443949693173832,2.3125612588924866,3.0
1.4443949693173832,2.399827721492203,3.0
1.4443949693173832,2.4870941840919194,4.0
1.4443949693173832,2.574360646691636,5.0
1.4443949693173832,2.661627109291352,5.0
1.4443949693173832,2.7488935718910685,2.0
1.4443949693173832,2.8361600344907854,3.0
1.4443949693173832,2.923426497090502,5.0
1.4443949693173832,3.0106929596902186,3.0
1.4443949693173832,3.097959422289935,2.0
1.484127717887955,-3.097959422289935,2.0
1.484127717887955,-3.0106929596902186,2.0
1.484127717887955,-2.923426497090502,2.0
1.484127717887955,-2.8361600344907854,0.0
1.484127717887955,-2.748893571891069,0.0
1.484127717887955,-2.6616271092913526,2.0
1.484127717887955,-2.574360646691636,1.0
1.484127717887955,-2.4870941840919194,1.0
1.484127717887955,-2.399827721492203,0.0
1.484127717887955,-2.3125612588924866,1.0
1.484127717887955,-2.2252947962927703,2.0
1.484127717887955,-2.138028333693054,1.0
1.484127717887955,-2.0507618710933375,1.0
1.484127717887955,-1.9634954084936207,1.0
1.484127717887955,-1.8762289458939043,1.0
1.484127717887955,-1.7889624832941877,3.0
1.484127717887955,-1.7016960206944713,2.0
1.484127717887955,-1.6144295580947547,0.0
1.484127717887955,-1.5271630954950384,2.0
1.484127717887955,-1.439896632895322,2.0
1.484127717887955,-1.3526301702956054,3.0
1.484127717887955,-1.2653637076958888,0.0
1.484127717887955,-1.1780972450961724,1.0
1.484127717887955,-1.090830782496456,3.0
1.484127717887955,-1.0035643198967397,6.0
1.484127717887955,-0.9162978572970231,5.0
1.484127717887955,-0.8290313946973065,1.0
1.484127717887955,-0.7417649320975901,1.0
1.484127717887955,-0.6544984694978737,5.0
1.484127717887955,-0.5672320068981571,0.0
1.484127717887955,-0.4799655442984405,2.0
1.484127717887955,-0.39269908169872414,1.0
1.484127717887955,-0.30543261909900776,1.0
1.484127717887955,-0.21816615649929139,5.0
1.484127717887955,-0.1308996938995748,5.0
1.484127717887955,-0.04363323129985819,1.0
1.484127717887955,0.04363323129985819,4.0
1.484127717887955,0.13089969389957457,2.0
1.484127717887955,0.21816615649929116,2.0
1.484127717887955,0.30543261909900776,2.0
1.484127717887955,0.39269908169872414,2.0
1.484127717887955,0.4799655442984405,0.0
1.484127717887955,0.5672320068981569,3.0
1.484127717887955,0.6544984694978735,2.0
1.484127717887955,0.7417649320975901,4.0
1.484127717887955,0.8290313946973065,0.0
1.484127717887955,0.9162978572970228,1.0
1.484127717887955,1.0035643198967392,2.0
1.484127717887955,1.0908307824964556,2.0
1.484127717887955,1.178097245096172,3.0
1.484127717887955,1.2653637076958888,3.0
1.484127717887955,1.3526301702956056,5.0
1.484127717887955,1.439896632895322,0.0
1.484127717887955,1.5271630954950384,2.0
1.484127717887955,1.6144295580947547,2.0
1.484127717887955,1.7016960206944711,3.0
1.484127717887955,1.7889624832941875,2.0
1.484127717887955,1.8762289458939039,2.0
1.484127717887955,1.9634954084936203,3.0
1.484127717887955,2.050761871093337,1.0
1.484127717887955,2.138028333693054,0.0
1.484127717887955,2.2252947962927703,2.0
1.484127717887955,2.3125612588924866,0.0
1.484127717887955,2.399827721492203,0.0
1.484127717887955,2.4870941840919194,1.0
1.484127717887955,2.574360646691636,0.0
1.484127717887955,2.661627109291352,2.0
1.484127717887955,2.7488935718910685,0.0
1.484127717887955,2.8361600344907854,0.0
1.484127717887955,2.923426497090502,2.0
1.484127717887955,3.0106929596902186,0.0
1.484127717887955,3.097959422289935,0.0
1.5238604664585271,-3.097959422289935,0.0
1.5238604664585271,-3.0106929596902186,2.0
1.5238604664585271,-2.923426497090502,0.0
1.5238604664585271,-2.8361600344907854,1.0
1.5238604664585271,-2.748893571891069,1.0
1.5238604664585271,-2.6616271092913526,1.0
1.5238604664585271,-2.574360646691636,1.0
1.5238604664585271,-2.4870941840919194,3.0
1.5238604664585271,-2.399827721492203,0.0
1.5238604664585271,-2.3125612588924866,0.0
1.5238604664585271,-2.2252947962927703,2.0
1.5238604664585271,-2.138028333693054,1.0
1.5238604664585271,-2.0507618710933375,1.0
1.5238604664585271,-1.9634954084936207,0.0
1.5238604664585271,-1.8762289458939043,2.0
1.5238604664585271,-1.7889624832941877,2.0
1.5238604664585271,-1.7016960206944713,1.0
1.5238604664585271,-1.6144295580947547,0.0
1.5238604664585271,-1.5271630954950384,0.0
1.5238604664585271,-1.439896632895322,0.0
1.5238604664585271,-1.3526301702956054,1.0
1.5238604664585271,-1.2653637076958888,3.0
1.5238604664585271,-1.1780972450961724,0.0
1.5238604664585271,-1.090830782496456,3.0
1.5238604664585271,-1.0035643198967397,4.0
1.5238604664585271,-0.9162978572970231,1.0
1.5238604664585271,-0.8290313946973065,2.0
1.5238604664585271,-0.7417649320975901,0.0
1.5238604664585271,-0.6544984694978737,3.0
1.5238604664585271,-0.5672320068981571,0.0
1.5238604664585271,-0.4799655442984405,0.0
1.5238604664585271,-0.39269908169872414,3.0
1.5238604664585271,-0.30543261909900776,1.0
1.5238604664585271,-0.21816615649929139,0.0
1.5238604664585271,-0.1308996938995748,0.0
1.5238604664585271,-0.04363323129985819,1.0
1.5238604664585271,0.04363323129985819,3.0
1.5238604664585271,0.13089969389957457,2.0
1.5238604664585271,0.21816615649929116,0.0
1.5238604664585271,0.30543261909900776,0.0
1.5238604664585271,0.39269908169872414,3.0
1.5238604664585271,0.4799655442984405,0.0
1.5238604664585271,0.5672320068981569,2.0
1.5238604664585271,0.6544984694978735,1.0
1.5238604664585271,0.7417649320975901,0.0
1.5238604664585271,0.8290313946973065,0.0
1.5238604664585271,0.9162978572970228,0.0
1.5238604664585271,1.0035643198967392,1.0
1.5238604664585271,1.0908307824964556,0.0
1.5238604664585271,1.178097245096172,0.0
1.5238604664585271,1.2653637076958888,0.0
1.5238604664585271,1.3526301702956056,1.0
1.5238604664585271,1.439896632895322,1.0
1.5238604664585271,1.5271630954950384,0.0
1.5238604664585271,1.6144295580947547,0.0
1.5238604664585271,1.7016960206944711,0.0
1.5238604664585271,1.7889624832941875,0.0
1.5238604664585271,1.8762289458939039,1.0
1.5238604664585271,1.9634954084936203,2.0
1.5238604664585271,2.050761871093337,0.0
1.5238604664585271,2.138028333693054,3.0
1.5238604664585271,2.2252947962927703,3.0
1.5238604664585271,2.3125612588924866,0.0
1.5238604664585271,2.399827721492203,0.0
1.5238604664585271,2.4870941840919194,1.0
1.5238604664585271,2.574360646691636,0.0
1.5238604664585271,2.661627109291352,1.0
1.5238604664585271,2.7488935718910685,4.0
1.5238604664585271,2.8361600344907854,1.0
1.5238604664585271,2.923426497090502,0.0
1.5238604664585271,3.0106929596902186,0.0
1.5238604664585271,3.097959422289935,1.0
1.5635932150290992,-3.097959422289935,0.0
1.5635932150290992,-3.0106929596902186,0.0
1.5635932150290992,-2.923426497090502,1.0
1.5635932150290992,-2.8361600344907854,1.0
1.5635932150290992,-2.748893571891069,0.0
1.5635932150290992,-2.6616271092913526,0.0
1.5635932150290992,-2.574360646691636,1.0
1.5635932150290992,-2.4870941840919194,0.0
1.5635932150290992,-2.399827721492203,0.0
1.5635932150290992,-2.3125612588924866,0.0
1.5635932150290992,-2.2252947962927703,0.0
1.5635932150290992,-2.138028333693054,0.0
1.5635932150290992,-2.0507618710933375,0.0
1.5635932150290992,-1.9634954084936207,2.0
1.5635932150290992,-1.8762289458939043,0.0
1.5635932150290992,-1.7889624832941877,1.0
1.5635932150290992,-1.7016960206944713,0.0
1.5635932150290992,-1.6144295580947547,1.0
1.5635932150290992,-1.5271630954950384,0.0
1.5635932150290992,-1.439896632895322,0.0
1.5635932150290992,-1.3526301702956054,0.0
1.5635932150290992,-1.2653637076958888,1.0
1.5635932150290992,-1.1780972450961724,0.0
1.5635932150290992,-1.090830782496456,0.0
1.5635932150290992,-1.0035643198967397,0.0
1.5635932150290992,-0.9162978572970231,0.0
1.5635932150290992,-0.8290313946973065,2.0
1.5635932150290992,-0.7417649320975901,0.0
1.5635932150290992,-0.6544984694978737,1.0
1.5635932150290992,-0.5672320068981571,0.0
1.5635932150290992,-0.4799655442984405,0.0
1.5635932150290992,-0.39269908169872414,1.0
1.5635932150290992,-0.30543261909900776,0.0
1.5635932150290992,-0.21816615649929139,1.0
1.5635932150290992,-0.1308996938995748,1.0
1.5635932150290992,-0.04363323129985819,0.0
1.5635932150290992,0.04363323129985819,0.0
1.5635932150290992,0.13089969389957457,0.0
1.5635932150290992,0.21816615649929116,1.0
1.5635932150290992,0.30543261909900776,0.0
1.5635932150290992,0.39269908169872414,0.0
1.5635932150290992,0.4799655442984405,0.0
1.5635932150290992,0.5672320068981569,0.0
1.5635932150290992,0.6544984694978735,0.0
1.5635932150290992,0.7417649320975901,1.0
1.5635932150290992,0.8290313946973065,0.0
1.5635932150290992,0.9162978572970228,0.0
1.5635932150290992,1.0035643198967392,0.0
1.5635932150290992,1.0908307824964556,0.0
1.5635932150290992,1.178097245096172,2.0
1.5635932150290992,1.2653637076958888,1.0
1.5635932150290992,1.3526301702956056,1.0
1.5635932150290992,1.439896632895322,0.0
1.5635932150290992,1.5271630954950384,0.0
1.5635932150290992,1.6144295580947547,1.0
1.5635932150290992,1.7016960206944711,1.0
1.5635932150290992,1.7889624832941875,0.0
1.5635932150290992,1.8762289458939039,0.0
1.5635932150290992,1.9634954084936203,1.0
1.5635932150290992,2.050761871093337,1.0
1.5635932150290992,2.138028333693054,1.0
1.5635932150290992,2.2252947962927703,1.0
1.5635932150290992,2.3125612588924866,0.0
1.5635932150290992,2.399827721492203,0.0
1.5635932150290992,2.4870941840919194,2.0
1.5635932150290992,2.574360646691636,0.0
1.5635932150290992,2.661627109291352,0.0
1.5635932150290992,2.7488935718910685,2.0
1.5635932150290992,2.8361600344907854,1.0
1.5635932150290992,2.923426497090502,1.0
1.5635932150290992,3.0106929596902186,1.0
1.5635932150290992,3.097959422289935,0.0
