delta_eta_center,delta_phi_center,pair_counts
-1.5711307834345702,-3.097959422289935,0.0
-1.5711307834345702,-3.0106929596902186,0.0
-1.5711307834345702,-2.923426497090502,0.0
-1.5711307834345702,-2.8361600344907854,0.0
-1.5711307834345702,-2.748893571891069,0.0
-1.5711307834345702,-2.6616271092913526,0.0
-1.5711307834345702,-2.574360646691636,0.0
-1.5711307834345702,-2.4870941840919194,0.0
-1.5711307834345702,-2.399827721492203,0.0
-1.5711307834345702,-2.3125612588924866,0.0
-1.5711307834345702,-2.2252947962927703,0.0
-1.5711307834345702,-2.138028333693054,0.0
-1.5711307834345702,-2.0507618710933375,0.0
-1.5711307834345702,-1.9634954084936207,0.0
-1.5711307834345702,-1.8762289458939043,0.0
-1.5711307834345702,-1.7889624832941877,0.0
-1.5711307834345702,-1.7016960206944713,0.0
-1.5711307834345702,-1.6144295580947547,0.0
-1.5711307834345702,-1.5271630954950384,0.0
-1.5711307834345702,-1.439896632895322,0.0
-1.5711307834345702,-1.3526301702956054,0.0
-1.5711307834345702,-1.2653637076958888,0.0
-1.5711307834345702,-1.1780972450961724,0.0
-1.5711307834345702,-1.090830782496456,0.0
-1.5711307834345702,-1.0035643198967397,0.0
-1.5711307834345702,-0.9162978572970231,0.0
-1.5711307834345702,-0.8290313946973065,0.0
-1.5711307834345702,-0.7417649320975901,0.0
-1.5711307834345702,-0.6544984694978737,0.0
-1.5711307834345702,-0.5672320068981571,0.0
-1.5711307834345702,-0.4799655442984405,0.0
-1.5711307834345702,-0.39269908169872414,0.0
-1.5711307834345702,-0.30543261909900776,0.0
-1.5711307834345702,-0.21816615649929139,0.0
-1.5711307834345702,-0.1308996938995748,0.0
-1.5711307834345702,-0.04363323129985819,0.0
-1.5711307834345702,0.04363323129985819,0.0
-1.5711307834345702,0.13089969389957457,0.0
-1.5711307834345702,0.21816615649929116,0.0
-1.5711307834345702,0.30543261909900776,0.0
-1.5711307834345702,0.39269908169872414,0.0
-1.5711307834345702,0.4799655442984405,0.0
-1.5711307834345702,0.5672320068981569,0.0
-1.5711307834345702,0.6544984694978735,0.0
-1.5711307834345702,0.7417649320975901,1.0
-1.5711307834345702,0.8290313946973065,0.0
-1.5711307834345702,0.9162978572970228,0.0
-1.5711307834345702,1.0035643198967392,0.0
-1.5711307834345702,1.0908307824964556,0.0
-1.5711307834345702,1.178097245096172,0.0
-1.5711307834345702,1.2653637076958888,0.0
-1.5711307834345702,1.3526301702956056,0.0
-1.5711307834345702,1.439896632895322,0.0
-1.5711307834345702,1.5271630954950384,0.0
-1.5711307834345702,1.6144295580947547,0.0
-1.5711307834345702,1.7016960206944711,0.0
-1.5711307834345702,1.7889624832941875,0.0
-1.5711307834345702,1.8762289458939039,0.0
-1.5711307834345702,1.9634954084936203,0.0
-1.5711307834345702,2.050761871093337,0.0
-1.5711307834345702,2.138028333693054,0.0
-1.5711307834345702,2.2252947962927703,0.0
-1.5711307834345702,2.3125612588924866,0.0
-1.5711307834345702,2.399827721492203,0.0
-1.5711307834345702,2.4870941840919194,0.0
-1.5711307834345702,2.574360646691636,0.0
-1.5711307834345702,2.661627109291352,0.0
-1.5711307834345702,2.7488935718910685,0.0
-1.5711307834345702,2.8361600344907854,0.0
-1.5711307834345702,2.923426497090502,0.0
-1.5711307834345702,3.0106929596902186,0.0
-1.5711307834345702,3.097959422289935,0.0
-1.5313962978159181,-3.097959422289935,0.0
-1.5313962978159181,-3.0106929596902186,0.0
-1.5313962978159181,-2.923426497090502,0.0
-1.5313962978159181,-2.8361600344907854,0.0
-1.5313962978159181,-2.748893571891069,0.0
-1.5313962978159181,-2.6616271092913526,0.0
-1.5313962978159181,-2.574360646691636,0.0
-1.5313962978159181,-2.4870941840919194,0.0
-1.5313962978159181,-2.399827721492203,0.0
-1.5313962978159181,-2.3125612588924866,0.0
-1.5313962978159181,-2.2252947962927703,0.0
-1.5313962978159181,-2.138028333693054,0.0
-1.5313962978159181,-2.0507618710933375,0.0
-1.5313962978159181,-1.9634954084936207,0.0
-1.5313962978159181,-1.8762289458939043,0.0
-1.5313962978159181,-1.7889624832941877,0.0
-1.5313962978159181,-1.7016960206944713,0.0
-1.5313962978159181,-1.6144295580947547,0.0
-1.5313962978159181,-1.5271630954950384,0.0
-1.5313962978159181,-1.439896632895322,0.0
-1.5313962978159181,-1.3526301702956054,0.0
-1.5313962978159181,-1.2653637076958888,0.0
-1.5313962978159181,-1.1780972450961724,0.0
-1.5313962978159181,-1.090830782496456,0.0
-1.5313962978159181,-1.0035643198967397,0.0
-1.5313962978159181,-0.9162978572970231,0.0
-1.5313962978159181,-0.8290313946973065,0.0
-1.5313962978159181,-0.7417649320975901,0.0
-1.5313962978159181,-0.6544984694978737,0.0
-1.5313962978159181,-0.5672320068981571,0.0
-1.5313962978159181,-0.4799655442984405,0.0
-1.5313962978159181,-0.39269908169872414,0.0
-1.5313962978159181,-0.30543261909900776,0.0
-1.5313962978159181,-0.21816615649929139,0.0
-1.5313962978159181,-0.1308996938995748,0.0
-1.5313962978159181,-0.04363323129985819,0.0
-1.5313962978159181,0.04363323129985819,1.0
-1.5313962978159181,0.13089969389957457,0.0
-1.5313962978159181,0.21816615649929116,0.0
-1.5313962978159181,0.30543261909900776,0.0
-1.5313962978159181,0.39269908169872414,0.0
-1.5313962978159181,0.4799655442984405,0.0
-1.5313962978159181,0.5672320068981569,0.0
-1.5313962978159181,0.6544984694978735,0.0
-1.5313962978159181,0.7417649320975901,0.0
-1.5313962978159181,0.8290313946973065,0.0
-1.5313962978159181,0.9162978572970228,0.0
-1.5313962978159181,1.0035643198967392,0.0
-1.5313962978159181,1.0908307824964556,0.0
-1.5313962978159181,1.178097245096172,0.0
-1.5313962978159181,1.2653637076958888,0.0
-1.5313962978159181,1.3526301702956056,0.0
-1.5313962978159181,1.439896632895322,0.0
-1.5313962978159181,1.5271630954950384,0.0
-1.5313962978159181,1.6144295580947547,0.0
-1.5313962978159181,1.7016960206944711,0.0
-1.5313962978159181,1.7889624832941875,0.0
-1.5313962978159181,1.8762289458939039,0.0
-1.5313962978159181,1.9634954084936203,0.0
-1.5313962978159181,2.050761871093337,0.0
-1.5313962978159181,2.138028333693054,0.0
-1.5313962978159181,2.2252947962927703,0.0
-1.5313962978159181,2.3125612588924866,0.0
-1.5313962978159181,2.399827721492203,0.0
-1.5313962978159181,2.4870941840919194,0.0
-1.5313962978159181,2.574360646691636,0.0
-1.5313962978159181,2.661627109291352,0.0
-1.5313962978159181,2.7488935718910685,0.0
-1.5313962978159181,2.8361600344907854,0.0
-1.5313962978159181,2.923426497090502,0.0
-1.5313962978159181,3.0106929596902186,0.0
-1.5313962978159181,3.097959422289935,0.0
-1.491661812197266,-3.097959422289935,0.0
-1.491661812197266,-3.0106929596902186,0.0
-1.491661812197266,-2.923426497090502,0.0
-1.491661812197266,-2.8361600344907854,0.0
-1.491661812197266,-2.748893571891069,0.0
-1.491661812197266,-2.6616271092913526,0.0
-1.491661812197266,-2.574360646691636,0.0
-1.491661812197266,-2.4870941840919194,1.0
-1.491661812197266,-2.399827721492203,0.0
-1.491661812197266,-2.3125612588924866,0.0
-1.491661812197266,-2.2252947962927703,0.0
-1.491661812197266,-2.138028333693054,0.0
-1.491661812197266,-2.0507618710933375,0.0
-1.491661812197266,-1.9634954084936207,0.0
-1.491661812197266,-1.8762289458939043,0.0
-1.491661812197266,-1.7889624832941877,0.0
-1.491661812197266,-1.7016960206944713,0.0
-1.491661812197266,-1.6144295580947547,0.0
-1.491661812197266,-1.5271630954950384,0.0
-1.491661812197266,-1.439896632895322,0.0
-1.491661812197266,-1.3526301702956054,0.0
-1.491661812197266,-1.2653637076958888,0.0
-1.491661812197266,-1.1780972450961724,0.0
-1.491661812197266,-1.090830782496456,0.0
-1.491661812197266,-1.0035643198967397,0.0
-1.491661812197266,-0.9162978572970231,0.0
-1.491661812197266,-0.8290313946973065,0.0
-1.491661812197266,-0.7417649320975901,0.0
-1.491661812197266,-0.6544984694978737,0.0
-1.491661812197266,-0.5672320068981571,0.0
-1.491661812197266,-0.4799655442984405,0.0
-1.491661812197266,-0.39269908169872414,1.0
-1.491661812197266,-0.30543261909900776,0.0
-1.491661812197266,-0.21816615649929139,0.0
-1.491661812197266,-0.1308996938995748,0.0
-1.491661812197266,-0.04363323129985819,0.0
-1.491661812197266,0.04363323129985819,0.0
-1.491661812197266,0.13089969389957457,0.0
-1.491661812197266,0.21816615649929116,0.0
-1.491661812197266,0.30543261909900776,0.0
-1.491661812197266,0.39269908169872414,0.0
-1.491661812197266,0.4799655442984405,0.0
-1.491661812197266,0.5672320068981569,1.0
-1.491661812197266,0.6544984694978735,0.0
-1.491661812197266,0.7417649320975901,0.0
-1.491661812197266,0.8290313946973065,0.0
-1.491661812197266,0.9162978572970228,0.0
-1.491661812197266,1.0035643198967392,0.0
-1.491661812197266,1.0908307824964556,0.0
-1.491661812197266,1.178097245096172,0.0
-1.491661812197266,1.2653637076958888,0.0
-1.491661812197266,1.3526301702956056,0.0
-1.491661812197266,1.439896632895322,0.0
-1.491661812197266,1.5271630954950384,0.0
-1.491661812197266,1.6144295580947547,0.0
-1.491661812197266,1.7016960206944711,0.0
-1.491661812197266,1.7889624832941875,0.0
-1.491661812197266,1.8762289458939039,0.0
-1.491661812197266,1.9634954084936203,0.0
-1.491661812197266,2.050761871093337,0.0
-1.491661812197266,2.138028333693054,0.0
-1.491661812197266,2.2252947962927703,0.0
-1.491661812197266,2.3125612588924866,0.0
-1.491661812197266,2.399827721492203,0.0
-1.491661812197266,2.4870941840919194,0.0
-1.491661812197266,2.574360646691636,0.0
-1.491661812197266,2.661627109291352,1.0
-1.491661812197266,2.7488935718910685,0.0
-1.491661812197266,2.8361600344907854,0.0
-1.491661812197266,2.923426497090502,0.0
-1.491661812197266,3.0106929596902186,0.0
-1.491661812197266,3.097959422289935,0.0
-1.451927326578614,-3.097959422289935,0.0
-1.451927326578614,-3.0106929596902186,0.0
-1.451927326578614,-2.923426497090502,0.0
-1.451927326578614,-2.8361600344907854,0.0
-1.451927326578614,-2.748893571891069,0.0
-1.451927326578614,-2.6616271092913526,0.0
-1.451927326578614,-2.574360646691636,0.0
-1.451927326578614,-2.4870941840919194,0.0
-1.451927326578614,-2.399827721492203,0.0
-1.451927326578614,-2.3125612588924866,0.0
-1.451927326578614,-2.2252947962927703,0.0
-1.451927326578614,-2.138028333693054,0.0
-1.451927326578614,-2.0507618710933375,0.0
-1.451927326578614,-1.9634954084936207,0.0
-1.451927326578614,-1.8762289458939043,0.0
-1.451927326578614,-1.7889624832941877,0.0
-1.451927326578614,-1.7016960206944713,0.0
-1.451927326578614,-1.6144295580947547,0.0
-1.451927326578614,-1.5271630954950384,0.0
-1.451927326578614,-1.439896632895322,0.0
-1.451927326578614,-1.3526301702956054,0.0
-1.451927326578614,-1.2653637076958888,0.0
-1.451927326578614,-1.1780972450961724,0.0
-1.451927326578614,-1.090830782496456,0.0
-1.451927326578614,-1.0035643198967397,0.0
-1.451927326578614,-0.9162978572970231,0.0
-1.451927326578614,-0.8290313946973065,0.0
-1.451927326578614,-0.7417649320975901,0.0
-1.451927326578614,-0.6544984694978737,0.0
-1.451927326578614,-0.5672320068981571,0.0
-1.451927326578614,-0.4799655442984405,0.0
-1.451927326578614,-0.39269908169872414,0.0
-1.451927326578614,-0.30543261909900776,0.0
-1.451927326578614,-0.21816615649929139,0.0
-1.451927326578614,-0.1308996938995748,0.0
-1.451927326578614,-0.04363323129985819,0.0
-1.451927326578614,0.04363323129985819,0.0
-1.451927326578614,0.13089969389957457,1.0
-1.451927326578614,0.21816615649929116,0.0
-1.451927326578614,0.30543261909900776,0.0
-1.451927326578614,0.39269908169872414,0.0
-1.451927326578614,0.4799655442984405,0.0
-1.451927326578614,0.5672320068981569,0.0
-1.451927326578614,0.6544984694978735,0.0
-1.451927326578614,0.7417649320975901,0.0
-1.451927326578614,0.8290313946973065,0.0
-1.451927326578614,0.9162978572970228,0.0
-1.451927326578614,1.0035643198967392,0.0
-1.451927326578614,1.0908307824964556,0.0
-1.451927326578614,1.178097245096172,0.0
-1.451927326578614,1.2653637076958888,0.0
-1.451927326578614,1.3526301702956056,0.0
-1.451927326578614,1.439896632895322,0.0
-1.451927326578614,1.5271630954950384,0.0
-1.451927326578614,1.6144295580947547,0.0
-1.451927326578614,1.7016960206944711,0.0
-1.451927326578614,1.7889624832941875,0.0
-1.451927326578614,1.8762289458939039,0.0
-1.451927326578614,1.9634954084936203,0.0
-1.451927326578614,2.050761871093337,0.0
-1.451927326578614,2.138028333693054,0.0
-1.451927326578614,2.2252947962927703,0.0
-1.451927326578614,2.3125612588924866,0.0
-1.451927326578614,2.399827721492203,0.0
-1.451927326578614,2.4870941840919194,0.0
-1.451927326578614,2.574360646691636,0.0
-1.451927326578614,2.661627109291352,0.0
-1.451927326578614,2.7488935718910685,0.0
-1.451927326578614,2.8361600344907854,0.0
-1.451927326578614,2.923426497090502,0.0
-1.451927326578614,3.0106929596902186,0.0
-1.451927326578614,3.097959422289935,0.0
-1.4121928409599618,-3.097959422289935,0.0
-1.4121928409599618,-3.0106929596902186,0.0
-1.4121928409599618,-2.923426497090502,0.0
-1.4121928409599618,-2.8361600344907854,0.0
-1.4121928409599618,-2.748893571891069,0.0
-1.4121928409599618,-2.6616271092913526,0.0
-1.4121928409599618,-2.574360646691636,0.0
-1.4121928409599618,-2.4870941840919194,0.0
-1.4121928409599618,-2.399827721492203,0.0
-1.4121928409599618,-2.3125612588924866,0.0
-1.4121928409599618,-2.2252947962927703,0.0
-1.4121928409599618,-2.138028333693054,0.0
-1.4121928409599618,-2.0507618710933375,0.0
-1.4121928409599618,-1.9634954084936207,0.0
-1.4121928409599618,-1.8762289458939043,0.0
-1.4121928409599618,-1.7889624832941877,1.0
-1.4121928409599618,-1.7016960206944713,0.0
-1.4121928409599618,-1.6144295580947547,0.0
-1.4121928409599618,-1.5271630954950384,0.0
-1.4121928409599618,-1.439896632895322,0.0
-1.4121928409599618,-1.3526301702956054,0.0
-1.4121928409599618,-1.2653637076958888,0.0
-1.4121928409599618,-1.1780972450961724,0.0
-1.4121928409599618,-1.090830782496456,0.0
-1.4121928409599618,-1.0035643198967397,0.0
-1.4121928409599618,-0.9162978572970231,0.0
-1.4121928409599618,-0.8290313946973065,0.0
-1.4121928409599618,-0.7417649320975901,0.0
-1.4121928409599618,-0.6544984694978737,0.0
-1.4121928409599618,-0.5672320068981571,0.0
-1.4121928409599618,-0.4799655442984405,0.0
-1.4121928409599618,-0.39269908169872414,0.0
-1.4121928409599618,-0.30543261909900776,0.0
-1.4121928409599618,-0.21816615649929139,0.0
-1.4121928409599618,-0.1308996938995748,0.0
-1.4121928409599618,-0.04363323129985819,0.0
-1.4121928409599618,0.04363323129985819,0.0
-1.4121928409599618,0.13089969389957457,0.0
-1.4121928409599618,0.21816615649929116,1.0
-1.4121928409599618,0.30543261909900776,0.0
-1.4121928409599618,0.39269908169872414,0.0
-1.4121928409599618,0.4799655442984405,0.0
-1.4121928409599618,0.5672320068981569,0.0
-1.4121928409599618,0.6544984694978735,0.0
-1.4121928409599618,0.7417649320975901,0.0
-1.4121928409599618,0.8290313946973065,0.0
-1.4121928409599618,0.9162978572970228,0.0
-1.4121928409599618,1.0035643198967392,0.0
-1.4121928409599618,1.0908307824964556,1.0
-1.4121928409599618,1.178097245096172,0.0
-1.4121928409599618,1.2653637076958888,0.0
-1.4121928409599618,1.3526301702956056,0.0
-1.4121928409599618,1.439896632895322,0.0
-1.4121928409599618,1.5271630954950384,0.0
-1.4121928409599618,1.6144295580947547,0.0
-1.4121928409599618,1.7016960206944711,0.0
-1.4121928409599618,1.7889624832941875,0.0
-1.4121928409599618,1.8762289458939039,0.0
-1.4121928409599618,1.9634954084936203,0.0
-1.4121928409599618,2.050761871093337,0.0
-1.4121928409599618,2.138028333693054,0.0
-1.4121928409599618,2.2252947962927703,0.0
-1.4121928409599618,2.3125612588924866,0.0
-1.4121928409599618,2.399827721492203,0.0
-1.4121928409599618,2.4870941840919194,0.0
-1.4121928409599618,2.574360646691636,0.0
-1.4121928409599618,2.661627109291352,1.0
-1.4121928409599618,2.7488935718910685,0.0
-1.4121928409599618,2.8361600344907854,0.0
-1.4121928409599618,2.923426497090502,0.0
-1.4121928409599618,3.0106929596902186,0.0
-1.4121928409599618,3.097959422289935,0.0
-1.3724583553413097,-3.097959422289935,0.0
-1.3724583553413097,-3.0106929596902186,0.0
-1.3724583553413097,-2.923426497090502,0.0
-1.3724583553413097,-2.8361600344907854,0.0
-1.3724583553413097,-2.748893571891069,0.0
-1.3724583553413097,-2.6616271092913526,0.0
-1.3724583553413097,-2.574360646691636,0.0
-1.3724583553413097,-2.4870941840919194,1.0
-1.3724583553413097,-2.399827721492203,0.0
-1.3724583553413097,-2.3125612588924866,0.0
-1.3724583553413097,-2.2252947962927703,1.0
-1.3724583553413097,-2.138028333693054,0.0
-1.3724583553413097,-2.0507618710933375,0.0
-1.3724583553413097,-1.9634954084936207,0.0
-1.3724583553413097,-1.8762289458939043,0.0
-1.3724583553413097,-1.7889624832941877,0.0
-1.3724583553413097,-1.7016960206944713,0.0
-1.3724583553413097,-1.6144295580947547,0.0
-1.3724583553413097,-1.5271630954950384,0.0
-1.3724583553413097,-1.439896632895322,0.0
-1.3724583553413097,-1.3526301702956054,1.0
-1.3724583553413097,-1.2653637076958888,2.0
-1.3724583553413097,-1.1780972450961724,0.0
-1.3724583553413097,-1.090830782496456,0.0
-1.3724583553413097,-1.0035643198967397,0.0
-1.3724583553413097,-0.9162978572970231,0.0
-1.3724583553413097,-0.8290313946973065,0.0
-1.3724583553413097,-0.7417649320975901,0.0
-1.3724583553413097,-0.6544984694978737,0.0
-1.3724583553413097,-0.5672320068981571,0.0
-1.3724583553413097,-0.4799655442984405,0.0
-1.3724583553413097,-0.39269908169872414,0.0
-1.3724583553413097,-0.30543261909900776,0.0
-1.3724583553413097,-0.21816615649929139,0.0
-1.3724583553413097,-0.1308996938995748,0.0
-1.3724583553413097,-0.04363323129985819,0.0
-1.3724583553413097,0.04363323129985819,0.0
-1.3724583553413097,0.13089969389957457,0.0
-1.3724583553413097,0.21816615649929116,0.0
-1.3724583553413097,0.30543261909900776,0.0
-1.3724583553413097,0.39269908169872414,1.0
-1.3724583553413097,0.4799655442984405,0.0
-1.3724583553413097,0.5672320068981569,0.0
-1.3724583553413097,0.6544984694978735,0.0
-1.3724583553413097,0.7417649320975901,0.0
-1.3724583553413097,0.8290313946973065,0.0
-1.3724583553413097,0.9162978572970228,0.0
-1.3724583553413097,1.0035643198967392,0.0
-1.3724583553413097,1.0908307824964556,0.0
-1.3724583553413097,1.178097245096172,0.0
-1.3724583553413097,1.2653637076958888,0.0
-1.3724583553413097,1.3526301702956056,0.0
-1.3724583553413097,1.439896632895322,0.0
-1.3724583553413097,1.5271630954950384,0.0
-1.3724583553413097,1.6144295580947547,0.0
-1.3724583553413097,1.7016960206944711,0.0
-1.3724583553413097,1.7889624832941875,1.0
-1.3724583553413097,1.8762289458939039,0.0
-1.3724583553413097,1.9634954084936203,0.0
-1.3724583553413097,2.050761871093337,0.0
-1.3724583553413097,2.138028333693054,1.0
-1.3724583553413097,2.2252947962927703,0.0
-1.3724583553413097,2.3125612588924866,0.0
-1.3724583553413097,2.399827721492203,0.0
-1.3724583553413097,2.4870941840919194,0.0
-1.3724583553413097,2.574360646691636,0.0
-1.3724583553413097,2.661627109291352,0.0
-1.3724583553413097,2.7488935718910685,1.0
-1.3724583553413097,2.8361600344907854,0.0
-1.3724583553413097,2.923426497090502,0.0
-1.3724583553413097,3.0106929596902186,1.0
-1.3724583553413097,3.097959422289935,0.0
-1.3327238697226576,-3.097959422289935,1.0
-1.3327238697226576,-3.0106929596902186,0.0
-1.3327238697226576,-2.923426497090502,0.0
-1.3327238697226576,-2.8361600344907854,0.0
-1.3327238697226576,-2.748893571891069,0.0
-1.3327238697226576,-2.6616271092913526,0.0
-1.3327238697226576,-2.574360646691636,1.0
-1.3327238697226576,-2.4870941840919194,0.0
-1.3327238697226576,-2.399827721492203,0.0
-1.3327238697226576,-2.3125612588924866,0.0
-1.3327238697226576,-2.2252947962927703,0.0
-1.3327238697226576,-2.138028333693054,0.0
-1.3327238697226576,-2.0507618710933375,0.0
-1.3327238697226576,-1.9634954084936207,0.0
-1.3327238697226576,-1.8762289458939043,0.0
-1.3327238697226576,-1.7889624832941877,0.0
-1.3327238697226576,-1.7016960206944713,1.0
-1.3327238697226576,-1.6144295580947547,0.0
-1.3327238697226576,-1.5271630954950384,0.0
-1.3327238697226576,-1.439896632895322,0.0
-1.3327238697226576,-1.3526301702956054,0.0
-1.3327238697226576,-1.2653637076958888,0.0
-1.3327238697226576,-1.1780972450961724,0.0
-1.3327238697226576,-1.090830782496456,0.0
-1.3327238697226576,-1.0035643198967397,0.0
-1.3327238697226576,-0.9162978572970231,0.0
-1.3327238697226576,-0.8290313946973065,0.0
-1.3327238697226576,-0.7417649320975901,0.0
-1.3327238697226576,-0.6544984694978737,0.0
-1.3327238697226576,-0.5672320068981571,0.0
-1.3327238697226576,-0.4799655442984405,0.0
-1.3327238697226576,-0.39269908169872414,0.0
-1.3327238697226576,-0.30543261909900776,0.0
-1.3327238697226576,-0.21816615649929139,0.0
-1.3327238697226576,-0.1308996938995748,0.0
-1.3327238697226576,-0.04363323129985819,0.0
-1.3327238697226576,0.04363323129985819,0.0
-1.3327238697226576,0.13089969389957457,0.0
-1.3327238697226576,0.21816615649929116,1.0
-1.3327238697226576,0.30543261909900776,0.0
-1.3327238697226576,0.39269908169872414,0.0
-1.3327238697226576,0.4799655442984405,0.0
-1.3327238697226576,0.5672320068981569,0.0
-1.3327238697226576,0.6544984694978735,0.0
-1.3327238697226576,0.7417649320975901,1.0
-1.3327238697226576,0.8290313946973065,0.0
-1.3327238697226576,0.9162978572970228,1.0
-1.3327238697226576,1.0035643198967392,0.0
-1.3327238697226576,1.0908307824964556,0.0
-1.3327238697226576,1.178097245096172,0.0
-1.3327238697226576,1.2653637076958888,0.0
-1.3327238697226576,1.3526301702956056,0.0
-1.3327238697226576,1.439896632895322,0.0
-1.3327238697226576,1.5271630954950384,0.0
-1.3327238697226576,1.6144295580947547,1.0
-1.3327238697226576,1.7016960206944711,1.0
-1.3327238697226576,1.7889624832941875,0.0
-1.3327238697226576,1.8762289458939039,0.0
-1.3327238697226576,1.9634954084936203,0.0
-1.3327238697226576,2.050761871093337,1.0
-1.3327238697226576,2.138028333693054,0.0
-1.3327238697226576,2.2252947962927703,0.0
-1.3327238697226576,2.3125612588924866,0.0
-1.3327238697226576,2.399827721492203,0.0
-1.3327238697226576,2.4870941840919194,0.0
-1.3327238697226576,2.574360646691636,0.0
-1.3327238697226576,2.661627109291352,0.0
-1.3327238697226576,2.7488935718910685,0.0
-1.3327238697226576,2.8361600344907854,0.0
-1.3327238697226576,2.923426497090502,0.0
-1.3327238697226576,3.0106929596902186,0.0
-1.3327238697226576,3.097959422289935,0.0
-1.2929893841040054,-3.097959422289935,0.0
-1.2929893841040054,-3.0106929596902186,0.0
-1.2929893841040054,-2.923426497090502,1.0
-1.2929893841040054,-2.8361600344907854,0.0
-1.2929893841040054,-2.748893571891069,0.0
-1.2929893841040054,-2.6616271092913526,0.0
-1.2929893841040054,-2.574360646691636,0.0
-1.2929893841040054,-2.4870941840919194,0.0
-1.2929893841040054,-2.399827721492203,0.0
-1.2929893841040054,-2.3125612588924866,0.0
-1.2929893841040054,-2.2252947962927703,0.0
-1.2929893841040054,-2.138028333693054,0.0
-1.2929893841040054,-2.0507618710933375,0.0
-1.2929893841040054,-1.9634954084936207,0.0
-1.2929893841040054,-1.8762289458939043,0.0
-1.2929893841040054,-1.7889624832941877,0.0
-1.2929893841040054,-1.7016960206944713,0.0
-1.2929893841040054,-1.6144295580947547,1.0
-1.2929893841040054,-1.5271630954950384,0.0
-1.2929893841040054,-1.439896632895322,1.0
-1.2929893841040054,-1.3526301702956054,0.0
-1.2929893841040054,-1.2653637076958888,1.0
-1.2929893841040054,-1.1780972450961724,0.0
-1.2929893841040054,-1.090830782496456,0.0
-1.2929893841040054,-1.0035643198967397,0.0
-1.2929893841040054,-0.9162978572970231,0.0
-1.2929893841040054,-0.8290313946973065,0.0
-1.2929893841040054,-0.7417649320975901,0.0
-1.2929893841040054,-0.6544984694978737,0.0
-1.2929893841040054,-0.5672320068981571,0.0
-1.2929893841040054,-0.4799655442984405,0.0
-1.2929893841040054,-0.39269908169872414,0.0
-1.2929893841040054,-0.30543261909900776,0.0
-1.2929893841040054,-0.21816615649929139,0.0
-1.2929893841040054,-0.1308996938995748,0.0
-1.2929893841040054,-0.04363323129985819,0.0
-1.2929893841040054,0.04363323129985819,0.0
-1.2929893841040054,0.13089969389957457,1.0
-1.2929893841040054,0.21816615649929116,0.0
-1.2929893841040054,0.30543261909900776,0.0
-1.2929893841040054,0.39269908169872414,0.0
-1.2929893841040054,0.4799655442984405,0.0
-1.2929893841040054,0.5672320068981569,0.0
-1.2929893841040054,0.6544984694978735,0.0
-1.2929893841040054,0.7417649320975901,0.0
-1.2929893841040054,0.8290313946973065,0.0
-1.2929893841040054,0.9162978572970228,0.0
-1.2929893841040054,1.0035643198967392,0.0
-1.2929893841040054,1.0908307824964556,0.0
-1.2929893841040054,1.178097245096172,0.0
-1.2929893841040054,1.2653637076958888,1.0
-1.2929893841040054,1.3526301702956056,0.0
-1.2929893841040054,1.439896632895322,0.0
-1.2929893841040054,1.5271630954950384,0.0
-1.2929893841040054,1.6144295580947547,0.0
-1.2929893841040054,1.7016960206944711,0.0
-1.2929893841040054,1.7889624832941875,1.0
-1.2929893841040054,1.8762289458939039,0.0
-1.2929893841040054,1.9634954084936203,0.0
-1.2929893841040054,2.050761871093337,0.0
-1.2929893841040054,2.138028333693054,2.0
-1.2929893841040054,2.2252947962927703,0.0
-1.2929893841040054,2.3125612588924866,1.0
-1.2929893841040054,2.399827721492203,0.0
-1.2929893841040054,2.4870941840919194,1.0
-1.2929893841040054,2.574360646691636,1.0
-1.2929893841040054,2.661627109291352,0.0
-1.2929893841040054,2.7488935718910685,0.0
-1.2929893841040054,2.8361600344907854,0.0
-1.2929893841040054,2.923426497090502,0.0
-1.2929893841040054,3.0106929596902186,0.0
-1.2929893841040054,3.097959422289935,0.0
-1.2532548984853533,-3.097959422289935,0.0
-1.2532548984853533,-3.0106929596902186,0.0
-1.2532548984853533,-2.923426497090502,0.0
-1.2532548984853533,-2.8361600344907854,0.0
-1.2532548984853533,-2.748893571891069,0.0
-1.2532548984853533,-2.6616271092913526,0.0
-1.2532548984853533,-2.574360646691636,0.0
-1.2532548984853533,-2.4870941840919194,0.0
-1.2532548984853533,-2.399827721492203,0.0
-1.2532548984853533,-2.3125612588924866,0.0
-1.2532548984853533,-2.2252947962927703,0.0
-1.2532548984853533,-2.138028333693054,0.0
-1.2532548984853533,-2.0507618710933375,0.0
-1.2532548984853533,-1.9634954084936207,0.0
-1.2532548984853533,-1.8762289458939043,0.0
-1.2532548984853533,-1.7889624832941877,2.0
-1.2532548984853533,-1.7016960206944713,0.0
-1.2532548984853533,-1.6144295580947547,0.0
-1.2532548984853533,-1.5271630954950384,0.0
-1.2532548984853533,-1.439896632895322,0.0
-1.2532548984853533,-1.3526301702956054,0.0
-1.2532548984853533,-1.2653637076958888,0.0
-1.2532548984853533,-1.1780972450961724,0.0
-1.2532548984853533,-1.090830782496456,0.0
-1.2532548984853533,-1.0035643198967397,0.0
-1.2532548984853533,-0.9162978572970231,0.0
-1.2532548984853533,-0.8290313946973065,0.0
-1.2532548984853533,-0.7417649320975901,0.0
-1.2532548984853533,-0.6544984694978737,0.0
-1.2532548984853533,-0.5672320068981571,0.0
-1.2532548984853533,-0.4799655442984405,0.0
-1.2532548984853533,-0.39269908169872414,0.0
-1.2532548984853533,-0.30543261909900776,0.0
-1.2532548984853533,-0.21816615649929139,0.0
-1.2532548984853533,-0.1308996938995748,0.0
-1.2532548984853533,-0.04363323129985819,1.0
-1.2532548984853533,0.04363323129985819,0.0
-1.2532548984853533,0.13089969389957457,1.0
-1.2532548984853533,0.21816615649929116,0.0
-1.2532548984853533,0.30543261909900776,0.0
-1.2532548984853533,0.39269908169872414,0.0
-1.2532548984853533,0.4799655442984405,0.0
-1.2532548984853533,0.5672320068981569,0.0
-1.2532548984853533,0.6544984694978735,0.0
-1.2532548984853533,0.7417649320975901,0.0
-1.2532548984853533,0.8290313946973065,0.0
-1.2532548984853533,0.9162978572970228,0.0
-1.2532548984853533,1.0035643198967392,0.0
-1.2532548984853533,1.0908307824964556,0.0
-1.2532548984853533,1.178097245096172,1.0
-1.2532548984853533,1.2653637076958888,0.0
-1.2532548984853533,1.3526301702956056,0.0
-1.2532548984853533,1.439896632895322,0.0
-1.2532548984853533,1.5271630954950384,0.0
-1.2532548984853533,1.6144295580947547,1.0
-1.2532548984853533,1.7016960206944711,0.0
-1.2532548984853533,1.7889624832941875,0.0
-1.2532548984853533,1.8762289458939039,0.0
-1.2532548984853533,1.9634954084936203,1.0
-1.2532548984853533,2.050761871093337,0.0
-1.2532548984853533,2.138028333693054,0.0
-1.2532548984853533,2.2252947962927703,0.0
-1.2532548984853533,2.3125612588924866,0.0
-1.2532548984853533,2.399827721492203,1.0
-1.2532548984853533,2.4870941840919194,0.0
-1.2532548984853533,2.574360646691636,0.0
-1.2532548984853533,2.661627109291352,0.0
-1.2532548984853533,2.7488935718910685,0.0
-1.2532548984853533,2.8361600344907854,0.0
-1.2532548984853533,2.923426497090502,1.0
-1.2532548984853533,3.0106929596902186,0.0
-1.2532548984853533,3.097959422289935,1.0
-1.2135204128667012,-3.097959422289935,0.0
-1.2135204128667012,-3.0106929596902186,0.0
-1.2135204128667012,-2.923426497090502,0.0
-1.2135204128667012,-2.8361600344907854,0.0
-1.2135204128667012,-2.748893571891069,0.0
-1.2135204128667012,-2.6616271092913526,0.0
-1.2135204128667012,-2.574360646691636,0.0
-1.2135204128667012,-2.4870941840919194,0.0
-1.2135204128667012,-2.399827721492203,0.0
-1.2135204128667012,-2.3125612588924866,1.0
-1.2135204128667012,-2.2252947962927703,0.0
-1.2135204128667012,-2.138028333693054,0.0
-1.2135204128667012,-2.0507618710933375,0.0
-1.2135204128667012,-1.9634954084936207,0.0
-1.2135204128667012,-1.8762289458939043,0.0
-1.2135204128667012,-1.7889624832941877,0.0
-1.2135204128667012,-1.7016960206944713,1.0
-1.2135204128667012,-1.6144295580947547,1.0
-1.2135204128667012,-1.5271630954950384,0.0
-1.2135204128667012,-1.439896632895322,0.0
-1.2135204128667012,-1.3526301702956054,1.0
-1.2135204128667012,-1.2653637076958888,0.0
-1.2135204128667012,-1.1780972450961724,0.0
-1.2135204128667012,-1.090830782496456,0.0
-1.2135204128667012,-1.0035643198967397,0.0
-1.2135204128667012,-0.9162978572970231,0.0
-1.2135204128667012,-0.8290313946973065,0.0
-1.2135204128667012,-0.7417649320975901,0.0
-1.2135204128667012,-0.6544984694978737,0.0
-1.2135204128667012,-0.5672320068981571,0.0
-1.2135204128667012,-0.4799655442984405,1.0
-1.2135204128667012,-0.39269908169872414,0.0
-1.2135204128667012,-0.30543261909900776,0.0
-1.2135204128667012,-0.21816615649929139,1.0
-1.2135204128667012,-0.1308996938995748,0.0
-1.2135204128667012,-0.04363323129985819,0.0
-1.2135204128667012,0.04363323129985819,0.0
-1.2135204128667012,0.13089969389957457,0.0
-1.2135204128667012,0.21816615649929116,1.0
-1.2135204128667012,0.30543261909900776,0.0
-1.2135204128667012,0.39269908169872414,0.0
-1.2135204128667012,0.4799655442984405,0.0
-1.2135204128667012,0.5672320068981569,0.0
-1.2135204128667012,0.6544984694978735,0.0
-1.2135204128667012,0.7417649320975901,0.0
-1.2135204128667012,0.8290313946973065,0.0
-1.2135204128667012,0.9162978572970228,0.0
-1.2135204128667012,1.0035643198967392,0.0
-1.2135204128667012,1.0908307824964556,0.0
-1.2135204128667012,1.178097245096172,0.0
-1.2135204128667012,1.2653637076958888,0.0
-1.2135204128667012,1.3526301702956056,0.0
-1.2135204128667012,1.439896632895322,0.0
-1.2135204128667012,1.5271630954950384,0.0
-1.2135204128667012,1.6144295580947547,0.0
-1.2135204128667012,1.7016960206944711,1.0
-1.2135204128667012,1.7889624832941875,0.0
-1.2135204128667012,1.8762289458939039,1.0
-1.2135204128667012,1.9634954084936203,0.0
-1.2135204128667012,2.050761871093337,0.0
-1.2135204128667012,2.138028333693054,0.0
-1.2135204128667012,2.2252947962927703,0.0
-1.2135204128667012,2.3125612588924866,0.0
-1.2135204128667012,2.399827721492203,0.0
-1.2135204128667012,2.4870941840919194,0.0
-1.2135204128667012,2.574360646691636,0.0
-1.2135204128667012,2.661627109291352,0.0
-1.2135204128667012,2.7488935718910685,0.0
-1.2135204128667012,2.8361600344907854,0.0
-1.2135204128667012,2.923426497090502,0.0
-1.2135204128667012,3.0106929596902186,0.0
-1.2135204128667012,3.097959422289935,0.0
-1.173785927248049,-3.097959422289935,0.0
-1.173785927248049,-3.0106929596902186,1.0
-1.173785927248049,-2.923426497090502,0.0
-1.173785927248049,-2.8361600344907854,2.0
-1.173785927248049,-2.748893571891069,0.0
-1.173785927248049,-2.6616271092913526,0.0
-1.173785927248049,-2.574360646691636,0.0
-1.173785927248049,-2.4870941840919194,0.0
-1.173785927248049,-2.399827721492203,0.0
-1.173785927248049,-2.3125612588924866,0.0
-1.173785927248049,-2.2252947962927703,0.0
-1.173785927248049,-2.138028333693054,1.0
-1.173785927248049,-2.0507618710933375,0.0
-1.173785927248049,-1.9634954084936207,0.0
-1.173785927248049,-1.8762289458939043,0.0
-1.173785927248049,-1.7889624832941877,0.0
-1.173785927248049,-1.7016960206944713,0.0
-1.173785927248049,-1.6144295580947547,0.0
-1.173785927248049,-1.5271630954950384,0.0
-1.173785927248049,-1.439896632895322,0.0
-1.173785927248049,-1.3526301702956054,3.0
-1.173785927248049,-1.2653637076958888,0.0
-1.173785927248049,-1.1780972450961724,0.0
-1.173785927248049,-1.090830782496456,0.0
-1.173785927248049,-1.0035643198967397,1.0
-1.173785927248049,-0.9162978572970231,1.0
-1.173785927248049,-0.8290313946973065,0.0
-1.173785927248049,-0.7417649320975901,0.0
-1.173785927248049,-0.6544984694978737,0.0
-1.173785927248049,-0.5672320068981571,0.0
-1.173785927248049,-0.4799655442984405,0.0
-1.173785927248049,-0.39269908169872414,0.0
-1.173785927248049,-0.30543261909900776,0.0
-1.173785927248049,-0.21816615649929139,2.0
-1.173785927248049,-0.1308996938995748,0.0
-1.173785927248049,-0.04363323129985819,0.0
-1.173785927248049,0.04363323129985819,0.0
-1.173785927248049,0.13089969389957457,0.0
-1.173785927248049,0.21816615649929116,0.0
-1.173785927248049,0.30543261909900776,0.0
-1.173785927248049,0.39269908169872414,1.0
-1.173785927248049,0.4799655442984405,0.0
-1.173785927248049,0.5672320068981569,0.0
-1.173785927248049,0.6544984694978735,0.0
-1.173785927248049,0.7417649320975901,0.0
-1.173785927248049,0.8290313946973065,0.0
-1.173785927248049,0.9162978572970228,0.0
-1.173785927248049,1.0035643198967392,0.0
-1.173785927248049,1.0908307824964556,0.0
-1.173785927248049,1.178097245096172,1.0
-1.173785927248049,1.2653637076958888,1.0
-1.173785927248049,1.3526301702956056,0.0
-1.173785927248049,1.439896632895322,0.0
-1.173785927248049,1.5271630954950384,2.0
-1.173785927248049,1.6144295580947547,0.0
-1.173785927248049,1.7016960206944711,1.0
-1.173785927248049,1.7889624832941875,0.0
-1.173785927248049,1.8762289458939039,0.0
-1.173785927248049,1.9634954084936203,2.0
-1.173785927248049,2.050761871093337,0.0
-1.173785927248049,2.138028333693054,0.0
-1.173785927248049,2.2252947962927703,0.0
-1.173785927248049,2.3125612588924866,0.0
-1.173785927248049,2.399827721492203,0.0
-1.173785927248049,2.4870941840919194,0.0
-1.173785927248049,2.574360646691636,0.0
-1.173785927248049,2.661627109291352,0.0
-1.173785927248049,2.7488935718910685,0.0
-1.173785927248049,2.8361600344907854,0.0
-1.173785927248049,2.923426497090502,0.0
-1.173785927248049,3.0106929596902186,0.0
-1.173785927248049,3.097959422289935,0.0
-1.1340514416293968,-3.097959422289935,0.0
-1.1340514416293968,-3.0106929596902186,0.0
-1.1340514416293968,-2.923426497090502,0.0
-1.1340514416293968,-2.8361600344907854,0.0
-1.1340514416293968,-2.748893571891069,0.0
-1.1340514416293968,-2.6616271092913526,0.0
-1.1340514416293968,-2.574360646691636,0.0
-1.1340514416293968,-2.4870941840919194,0.0
-1.1340514416293968,-2.399827721492203,0.0
-1.1340514416293968,-2.3125612588924866,0.0
-1.1340514416293968,-2.2252947962927703,1.0
-1.1340514416293968,-2.138028333693054,1.0
-1.1340514416293968,-2.0507618710933375,0.0
-1.1340514416293968,-1.9634954084936207,0.0
-1.1340514416293968,-1.8762289458939043,1.0
-1.1340514416293968,-1.7889624832941877,0.0
-1.1340514416293968,-1.7016960206944713,1.0
-1.1340514416293968,-1.6144295580947547,0.0
-1.1340514416293968,-1.5271630954950384,0.0
-1.1340514416293968,-1.439896632895322,0.0
-1.1340514416293968,-1.3526301702956054,0.0
-1.1340514416293968,-1.2653637076958888,0.0
-1.1340514416293968,-1.1780972450961724,0.0
-1.1340514416293968,-1.090830782496456,0.0
-1.1340514416293968,-1.0035643198967397,0.0
-1.1340514416293968,-0.9162978572970231,0.0
-1.1340514416293968,-0.8290313946973065,0.0
-1.1340514416293968,-0.7417649320975901,0.0
-1.1340514416293968,-0.6544984694978737,0.0
-1.1340514416293968,-0.5672320068981571,0.0
-1.1340514416293968,-0.4799655442984405,1.0
-1.1340514416293968,-0.39269908169872414,0.0
-1.1340514416293968,-0.30543261909900776,1.0
-1.1340514416293968,-0.21816615649929139,0.0
-1.1340514416293968,-0.1308996938995748,0.0
-1.1340514416293968,-0.04363323129985819,0.0
-1.1340514416293968,0.04363323129985819,0.0
-1.1340514416293968,0.13089969389957457,0.0
-1.1340514416293968,0.21816615649929116,2.0
-1.1340514416293968,0.30543261909900776,1.0
-1.1340514416293968,0.39269908169872414,0.0
-1.1340514416293968,0.4799655442984405,0.0
-1.1340514416293968,0.5672320068981569,1.0
-1.1340514416293968,0.6544984694978735,0.0
-1.1340514416293968,0.7417649320975901,0.0
-1.1340514416293968,0.8290313946973065,0.0
-1.1340514416293968,0.9162978572970228,0.0
-1.1340514416293968,1.0035643198967392,0.0
-1.1340514416293968,1.0908307824964556,0.0
-1.1340514416293968,1.178097245096172,1.0
-1.1340514416293968,1.2653637076958888,0.0
-1.1340514416293968,1.3526301702956056,0.0
-1.1340514416293968,1.439896632895322,0.0
-1.1340514416293968,1.5271630954950384,0.0
-1.1340514416293968,1.6144295580947547,1.0
-1.1340514416293968,1.7016960206944711,0.0
-1.1340514416293968,1.7889624832941875,2.0
-1.1340514416293968,1.8762289458939039,0.0
-1.1340514416293968,1.9634954084936203,0.0
-1.1340514416293968,2.050761871093337,1.0
-1.1340514416293968,2.138028333693054,0.0
-1.1340514416293968,2.2252947962927703,1.0
-1.1340514416293968,2.3125612588924866,1.0
-1.1340514416293968,2.399827721492203,0.0
-1.1340514416293968,2.4870941840919194,0.0
-1.1340514416293968,2.574360646691636,0.0
-1.1340514416293968,2.661627109291352,1.0
-1.1340514416293968,2.7488935718910685,0.0
-1.1340514416293968,2.8361600344907854,0.0
-1.1340514416293968,2.923426497090502,0.0
-1.1340514416293968,3.0106929596902186,0.0
-1.1340514416293968,3.097959422289935,0.0
-1.0943169560107446,-3.097959422289935,0.0
-1.0943169560107446,-3.0106929596902186,0.0
-1.0943169560107446,-2.923426497090502,2.0
-1.0943169560107446,-2.8361600344907854,0.0
-1.0943169560107446,-2.748893571891069,1.0
-1.0943169560107446,-2.6616271092913526,0.0
-1.0943169560107446,-2.574360646691636,0.0
-1.0943169560107446,-2.4870941840919194,1.0
-1.0943169560107446,-2.399827721492203,0.0
-1.0943169560107446,-2.3125612588924866,0.0
-1.0943169560107446,-2.2252947962927703,0.0
-1.0943169560107446,-2.138028333693054,0.0
-1.0943169560107446,-2.0507618710933375,0.0
-1.0943169560107446,-1.9634954084936207,0.0
-1.0943169560107446,-1.8762289458939043,0.0
-1.0943169560107446,-1.7889624832941877,1.0
-1.0943169560107446,-1.7016960206944713,1.0
-1.0943169560107446,-1.6144295580947547,1.0
-1.0943169560107446,-1.5271630954950384,1.0
-1.0943169560107446,-1.439896632895322,0.0
-1.0943169560107446,-1.3526301702956054,0.0
-1.0943169560107446,-1.2653637076958888,0.0
-1.0943169560107446,-1.1780972450961724,0.0
-1.0943169560107446,-1.090830782496456,0.0
-1.0943169560107446,-1.0035643198967397,0.0
-1.0943169560107446,-0.9162978572970231,0.0
-1.0943169560107446,-0.8290313946973065,0.0
-1.0943169560107446,-0.7417649320975901,0.0
-1.0943169560107446,-0.6544984694978737,0.0
-1.0943169560107446,-0.5672320068981571,0.0
-1.0943169560107446,-0.4799655442984405,0.0
-1.0943169560107446,-0.39269908169872414,0.0
-1.0943169560107446,-0.30543261909900776,0.0
-1.0943169560107446,-0.21816615649929139,0.0
-1.0943169560107446,-0.1308996938995748,1.0
-1.0943169560107446,-0.04363323129985819,0.0
-1.0943169560107446,0.04363323129985819,0.0
-1.0943169560107446,0.13089969389957457,0.0
-1.0943169560107446,0.21816615649929116,4.0
-1.0943169560107446,0.30543261909900776,0.0
-1.0943169560107446,0.39269908169872414,0.0
-1.0943169560107446,0.4799655442984405,0.0
-1.0943169560107446,0.5672320068981569,0.0
-1.0943169560107446,0.6544984694978735,1.0
-1.0943169560107446,0.7417649320975901,0.0
-1.0943169560107446,0.8290313946973065,0.0
-1.0943169560107446,0.9162978572970228,0.0
-1.0943169560107446,1.0035643198967392,0.0
-1.0943169560107446,1.0908307824964556,0.0
-1.0943169560107446,1.178097245096172,0.0
-1.0943169560107446,1.2653637076958888,0.0
-1.0943169560107446,1.3526301702956056,0.0
-1.0943169560107446,1.439896632895322,0.0
-1.0943169560107446,1.5271630954950384,1.0
-1.0943169560107446,1.6144295580947547,0.0
-1.0943169560107446,1.7016960206944711,0.0
-1.0943169560107446,1.7889624832941875,0.0
-1.0943169560107446,1.8762289458939039,0.0
-1.0943169560107446,1.9634954084936203,0.0
-1.0943169560107446,2.050761871093337,0.0
-1.0943169560107446,2.138028333693054,1.0
-1.0943169560107446,2.2252947962927703,0.0
-1.0943169560107446,2.3125612588924866,0.0
-1.0943169560107446,2.399827721492203,0.0
-1.0943169560107446,2.4870941840919194,0.0
-1.0943169560107446,2.574360646691636,0.0
-1.0943169560107446,2.661627109291352,0.0
-1.0943169560107446,2.7488935718910685,0.0
-1.0943169560107446,2.8361600344907854,0.0
-1.0943169560107446,2.923426497090502,0.0
-1.0943169560107446,3.0106929596902186,0.0
-1.0943169560107446,3.097959422289935,0.0
-1.0545824703920925,-3.097959422289935,1.0
-1.0545824703920925,-3.0106929596902186,2.0
-1.0545824703920925,-2.923426497090502,0.0
-1.0545824703920925,-2.8361600344907854,0.0
-1.0545824703920925,-2.748893571891069,0.0
-1.0545824703920925,-2.6616271092913526,0.0
-1.0545824703920925,-2.574360646691636,0.0
-1.0545824703920925,-2.4870941840919194,1.0
-1.0545824703920925,-2.399827721492203,0.0
-1.0545824703920925,-2.3125612588924866,2.0
-1.0545824703920925,-2.2252947962927703,0.0
-1.0545824703920925,-2.138028333693054,0.0
-1.0545824703920925,-2.0507618710933375,0.0
-1.0545824703920925,-1.9634954084936207,0.0
-1.0545824703920925,-1.8762289458939043,0.0
-1.0545824703920925,-1.7889624832941877,0.0
-1.0545824703920925,-1.7016960206944713,0.0
-1.0545824703920925,-1.6144295580947547,0.0
-1.0545824703920925,-1.5271630954950384,0.0
-1.0545824703920925,-1.439896632895322,0.0
-1.0545824703920925,-1.3526301702956054,1.0
-1.0545824703920925,-1.2653637076958888,0.0
-1.0545824703920925,-1.1780972450961724,0.0
-1.0545824703920925,-1.090830782496456,0.0
-1.0545824703920925,-1.0035643198967397,0.0
-1.0545824703920925,-0.9162978572970231,1.0
-1.0545824703920925,-0.8290313946973065,0.0
-1.0545824703920925,-0.7417649320975901,0.0
-1.0545824703920925,-0.6544984694978737,0.0
-1.0545824703920925,-0.5672320068981571,0.0
-1.0545824703920925,-0.4799655442984405,0.0
-1.0545824703920925,-0.39269908169872414,0.0
-1.0545824703920925,-0.30543261909900776,0.0
-1.0545824703920925,-0.21816615649929139,0.0
-1.0545824703920925,-0.1308996938995748,0.0
-1.0545824703920925,-0.04363323129985819,0.0
-1.0545824703920925,0.04363323129985819,1.0
-1.0545824703920925,0.13089969389957457,0.0
-1.0545824703920925,0.21816615649929116,0.0
-1.0545824703920925,0.30543261909900776,0.0
-1.0545824703920925,0.39269908169872414,0.0
-1.0545824703920925,0.4799655442984405,0.0
-1.0545824703920925,0.5672320068981569,2.0
-1.0545824703920925,0.6544984694978735,0.0
-1.0545824703920925,0.7417649320975901,0.0
-1.0545824703920925,0.8290313946973065,1.0
-1.0545824703920925,0.9162978572970228,0.0
-1.0545824703920925,1.0035643198967392,0.0
-1.0545824703920925,1.0908307824964556,0.0
-1.0545824703920925,1.178097245096172,0.0
-1.0545824703920925,1.2653637076958888,0.0
-1.0545824703920925,1.3526301702956056,0.0
-1.0545824703920925,1.439896632895322,1.0
-1.0545824703920925,1.5271630954950384,0.0
-1.0545824703920925,1.6144295580947547,1.0
-1.0545824703920925,1.7016960206944711,0.0
-1.0545824703920925,1.7889624832941875,0.0
-1.0545824703920925,1.8762289458939039,0.0
-1.0545824703920925,1.9634954084936203,0.0
-1.0545824703920925,2.050761871093337,0.0
-1.0545824703920925,2.138028333693054,0.0
-1.0545824703920925,2.2252947962927703,0.0
-1.0545824703920925,2.3125612588924866,0.0
-1.0545824703920925,2.399827721492203,0.0
-1.0545824703920925,2.4870941840919194,0.0
-1.0545824703920925,2.574360646691636,0.0
-1.0545824703920925,2.661627109291352,0.0
-1.0545824703920925,2.7488935718910685,0.0
-1.0545824703920925,2.8361600344907854,0.0
-1.0545824703920925,2.923426497090502,0.0
-1.0545824703920925,3.0106929596902186,0.0
-1.0545824703920925,3.097959422289935,1.0
-1.0148479847734404,-3.097959422289935,1.0
-1.0148479847734404,-3.0106929596902186,0.0
-1.0148479847734404,-2.923426497090502,0.0
-1.0148479847734404,-2.8361600344907854,1.0
-1.0148479847734404,-2.748893571891069,0.0
-1.0148479847734404,-2.6616271092913526,1.0
-1.0148479847734404,-2.574360646691636,1.0
-1.0148479847734404,-2.4870941840919194,1.0
-1.0148479847734404,-2.399827721492203,0.0
-1.0148479847734404,-2.3125612588924866,1.0
-1.0148479847734404,-2.2252947962927703,1.0
-1.0148479847734404,-2.138028333693054,0.0
-1.0148479847734404,-2.0507618710933375,0.0
-1.0148479847734404,-1.9634954084936207,1.0
-1.0148479847734404,-1.8762289458939043,0.0
-1.0148479847734404,-1.7889624832941877,0.0
-1.0148479847734404,-1.7016960206944713,0.0
-1.0148479847734404,-1.6144295580947547,0.0
-1.0148479847734404,-1.5271630954950384,1.0
-1.0148479847734404,-1.439896632895322,0.0
-1.0148479847734404,-1.3526301702956054,1.0
-1.0148479847734404,-1.2653637076958888,0.0
-1.0148479847734404,-1.1780972450961724,0.0
-1.0148479847734404,-1.090830782496456,0.0
-1.0148479847734404,-1.0035643198967397,0.0
-1.0148479847734404,-0.9162978572970231,0.0
-1.0148479847734404,-0.8290313946973065,0.0
-1.0148479847734404,-0.7417649320975901,0.0
-1.0148479847734404,-0.6544984694978737,0.0
-1.0148479847734404,-0.5672320068981571,0.0
-1.0148479847734404,-0.4799655442984405,0.0
-1.0148479847734404,-0.39269908169872414,0.0
-1.0148479847734404,-0.30543261909900776,0.0
-1.0148479847734404,-0.21816615649929139,0.0
-1.0148479847734404,-0.1308996938995748,0.0
-1.0148479847734404,-0.04363323129985819,0.0
-1.0148479847734404,0.04363323129985819,0.0
-1.0148479847734404,0.13089969389957457,0.0
-1.0148479847734404,0.21816615649929116,1.0
-1.0148479847734404,0.30543261909900776,0.0
-1.0148479847734404,0.39269908169872414,1.0
-1.0148479847734404,0.4799655442984405,1.0
-1.0148479847734404,0.5672320068981569,0.0
-1.0148479847734404,0.6544984694978735,0.0
-1.0148479847734404,0.7417649320975901,0.0
-1.0148479847734404,0.8290313946973065,0.0
-1.0148479847734404,0.9162978572970228,0.0
-1.0148479847734404,1.0035643198967392,0.0
-1.0148479847734404,1.0908307824964556,0.0
-1.0148479847734404,1.178097245096172,0.0
-1.0148479847734404,1.2653637076958888,0.0
-1.0148479847734404,1.3526301702956056,0.0
-1.0148479847734404,1.439896632895322,0.0
-1.0148479847734404,1.5271630954950384,0.0
-1.0148479847734404,1.6144295580947547,0.0
-1.0148479847734404,1.7016960206944711,0.0
-1.0148479847734404,1.7889624832941875,0.0
-1.0148479847734404,1.8762289458939039,0.0
-1.0148479847734404,1.9634954084936203,0.0
-1.0148479847734404,2.050761871093337,1.0
-1.0148479847734404,2.138028333693054,0.0
-1.0148479847734404,2.2252947962927703,0.0
-1.0148479847734404,2.3125612588924866,0.0
-1.0148479847734404,2.399827721492203,0.0
-1.0148479847734404,2.4870941840919194,0.0
-1.0148479847734404,2.574360646691636,0.0
-1.0148479847734404,2.661627109291352,0.0
-1.0148479847734404,2.7488935718910685,0.0
-1.0148479847734404,2.8361600344907854,0.0
-1.0148479847734404,2.923426497090502,0.0
-1.0148479847734404,3.0106929596902186,0.0
-1.0148479847734404,3.097959422289935,1.0
-0.9751134991547883,-3.097959422289935,1.0
-0.9751134991547883,-3.0106929596902186,0.0
-0.9751134991547883,-2.923426497090502,0.0
-0.9751134991547883,-2.8361600344907854,1.0
-0.9751134991547883,-2.748893571891069,1.0
-0.9751134991547883,-2.6616271092913526,0.0
-0.9751134991547883,-2.574360646691636,0.0
-0.9751134991547883,-2.4870941840919194,0.0
-0.9751134991547883,-2.399827721492203,0.0
-0.9751134991547883,-2.3125612588924866,0.0
-0.9751134991547883,-2.2252947962927703,1.0
-0.9751134991547883,-2.138028333693054,1.0
-0.9751134991547883,-2.0507618710933375,0.0
-0.9751134991547883,-1.9634954084936207,1.0
-0.9751134991547883,-1.8762289458939043,0.0
-0.9751134991547883,-1.7889624832941877,0.0
-0.9751134991547883,-1.7016960206944713,0.0
-0.9751134991547883,-1.6144295580947547,0.0
-0.9751134991547883,-1.5271630954950384,1.0
-0.9751134991547883,-1.439896632895322,0.0
-0.9751134991547883,-1.3526301702956054,0.0
-0.9751134991547883,-1.2653637076958888,1.0
-0.9751134991547883,-1.1780972450961724,0.0
-0.9751134991547883,-1.090830782496456,0.0
-0.9751134991547883,-1.0035643198967397,0.0
-0.9751134991547883,-0.9162978572970231,0.0
-0.9751134991547883,-0.8290313946973065,1.0
-0.9751134991547883,-0.7417649320975901,0.0
-0.9751134991547883,-0.6544984694978737,0.0
-0.9751134991547883,-0.5672320068981571,1.0
-0.9751134991547883,-0.4799655442984405,0.0
-0.9751134991547883,-0.39269908169872414,0.0
-0.9751134991547883,-0.30543261909900776,1.0
-0.9751134991547883,-0.21816615649929139,0.0
-0.9751134991547883,-0.1308996938995748,0.0
-0.9751134991547883,-0.04363323129985819,0.0
-0.9751134991547883,0.04363323129985819,0.0
-0.9751134991547883,0.13089969389957457,0.0
-0.9751134991547883,0.21816615649929116,0.0
-0.9751134991547883,0.30543261909900776,0.0
-0.9751134991547883,0.39269908169872414,1.0
-0.9751134991547883,0.4799655442984405,0.0
-0.9751134991547883,0.5672320068981569,0.0
-0.9751134991547883,0.6544984694978735,0.0
-0.9751134991547883,0.7417649320975901,1.0
-0.9751134991547883,0.8290313946973065,0.0
-0.9751134991547883,0.9162978572970228,0.0
-0.9751134991547883,1.0035643198967392,0.0
-0.9751134991547883,1.0908307824964556,1.0
-0.9751134991547883,1.178097245096172,1.0
-0.9751134991547883,1.2653637076958888,1.0
-0.9751134991547883,1.3526301702956056,0.0
-0.9751134991547883,1.439896632895322,0.0
-0.9751134991547883,1.5271630954950384,0.0
-0.9751134991547883,1.6144295580947547,0.0
-0.9751134991547883,1.7016960206944711,0.0
-0.9751134991547883,1.7889624832941875,0.0
-0.9751134991547883,1.8762289458939039,0.0
-0.9751134991547883,1.9634954084936203,0.0
-0.9751134991547883,2.050761871093337,1.0
-0.9751134991547883,2.138028333693054,0.0
-0.9751134991547883,2.2252947962927703,0.0
-0.9751134991547883,2.3125612588924866,0.0
-0.9751134991547883,2.399827721492203,0.0
-0.9751134991547883,2.4870941840919194,0.0
-0.9751134991547883,2.574360646691636,1.0
-0.9751134991547883,2.661627109291352,0.0
-0.9751134991547883,2.7488935718910685,1.0
-0.9751134991547883,2.8361600344907854,0.0
-0.9751134991547883,2.923426497090502,0.0
-0.9751134991547883,3.0106929596902186,0.0
-0.9751134991547883,3.097959422289935,1.0
-0.9353790135361362,-3.097959422289935,0.0
-0.9353790135361362,-3.0106929596902186,0.0
-0.9353790135361362,-2.923426497090502,0.0
-0.9353790135361362,-2.8361600344907854,0.0
-0.9353790135361362,-2.748893571891069,0.0
-0.9353790135361362,-2.6616271092913526,0.0
-0.9353790135361362,-2.574360646691636,1.0
-0.9353790135361362,-2.4870941840919194,0.0
-0.9353790135361362,-2.399827721492203,0.0
-0.9353790135361362,-2.3125612588924866,1.0
-0.9353790135361362,-2.2252947962927703,0.0
-0.9353790135361362,-2.138028333693054,1.0
-0.9353790135361362,-2.0507618710933375,1.0
-0.9353790135361362,-1.9634954084936207,1.0
-0.9353790135361362,-1.8762289458939043,0.0
-0.9353790135361362,-1.7889624832941877,1.0
-0.9353790135361362,-1.7016960206944713,0.0
-0.9353790135361362,-1.6144295580947547,0.0
-0.9353790135361362,-1.5271630954950384,2.0
-0.9353790135361362,-1.439896632895322,0.0
-0.9353790135361362,-1.3526301702956054,1.0
-0.9353790135361362,-1.2653637076958888,1.0
-0.9353790135361362,-1.1780972450961724,0.0
-0.9353790135361362,-1.090830782496456,0.0
-0.9353790135361362,-1.0035643198967397,0.0
-0.9353790135361362,-0.9162978572970231,0.0
-0.9353790135361362,-0.8290313946973065,0.0
-0.9353790135361362,-0.7417649320975901,0.0
-0.9353790135361362,-0.6544984694978737,0.0
-0.9353790135361362,-0.5672320068981571,0.0
-0.9353790135361362,-0.4799655442984405,0.0
-0.9353790135361362,-0.39269908169872414,0.0
-0.9353790135361362,-0.30543261909900776,0.0
-0.9353790135361362,-0.21816615649929139,0.0
-0.9353790135361362,-0.1308996938995748,0.0
-0.9353790135361362,-0.04363323129985819,0.0
-0.9353790135361362,0.04363323129985819,0.0
-0.9353790135361362,0.13089969389957457,0.0
-0.9353790135361362,0.21816615649929116,0.0
-0.9353790135361362,0.30543261909900776,1.0
-0.9353790135361362,0.39269908169872414,0.0
-0.9353790135361362,0.4799655442984405,0.0
-0.9353790135361362,0.5672320068981569,0.0
-0.9353790135361362,0.6544984694978735,0.0
-0.9353790135361362,0.7417649320975901,0.0
-0.9353790135361362,0.8290313946973065,0.0
-0.9353790135361362,0.9162978572970228,1.0
-0.9353790135361362,1.0035643198967392,0.0
-0.9353790135361362,1.0908307824964556,1.0
-0.9353790135361362,1.178097245096172,0.0
-0.9353790135361362,1.2653637076958888,0.0
-0.9353790135361362,1.3526301702956056,0.0
-0.9353790135361362,1.439896632895322,0.0
-0.9353790135361362,1.5271630954950384,2.0
-0.9353790135361362,1.6144295580947547,0.0
-0.9353790135361362,1.7016960206944711,1.0
-0.9353790135361362,1.7889624832941875,1.0
-0.9353790135361362,1.8762289458939039,0.0
-0.9353790135361362,1.9634954084936203,0.0
-0.9353790135361362,2.050761871093337,0.0
-0.9353790135361362,2.138028333693054,0.0
-0.9353790135361362,2.2252947962927703,1.0
-0.9353790135361362,2.3125612588924866,0.0
-0.9353790135361362,2.399827721492203,0.0
-0.9353790135361362,2.4870941840919194,0.0
-0.9353790135361362,2.574360646691636,1.0
-0.9353790135361362,2.661627109291352,0.0
-0.9353790135361362,2.7488935718910685,0.0
-0.9353790135361362,2.8361600344907854,0.0
-0.9353790135361362,2.923426497090502,0.0
-0.9353790135361362,3.0106929596902186,0.0
-0.9353790135361362,3.097959422289935,1.0
-0.8956445279174841,-3.097959422289935,0.0
-0.8956445279174841,-3.0106929596902186,1.0
-0.8956445279174841,-2.923426497090502,0.0
-0.8956445279174841,-2.8361600344907854,1.0
-0.8956445279174841,-2.748893571891069,0.0
-0.8956445279174841,-2.6616271092913526,1.0
-0.8956445279174841,-2.574360646691636,0.0
-0.8956445279174841,-2.4870941840919194,0.0
-0.8956445279174841,-2.399827721492203,0.0
-0.8956445279174841,-2.3125612588924866,1.0
-0.8956445279174841,-2.2252947962927703,0.0
-0.8956445279174841,-2.138028333693054,0.0
-0.8956445279174841,-2.0507618710933375,1.0
-0.8956445279174841,-1.9634954084936207,0.0
-0.8956445279174841,-1.8762289458939043,0.0
-0.8956445279174841,-1.7889624832941877,1.0
-0.8956445279174841,-1.7016960206944713,1.0
-0.8956445279174841,-1.6144295580947547,1.0
-0.8956445279174841,-1.5271630954950384,0.0
-0.8956445279174841,-1.439896632895322,0.0
-0.8956445279174841,-1.3526301702956054,0.0
-0.8956445279174841,-1.2653637076958888,0.0
-0.8956445279174841,-1.1780972450961724,0.0
-0.8956445279174841,-1.090830782496456,0.0
-0.8956445279174841,-1.0035643198967397,0.0
-0.8956445279174841,-0.9162978572970231,1.0
-0.8956445279174841,-0.8290313946973065,1.0
-0.8956445279174841,-0.7417649320975901,0.0
-0.8956445279174841,-0.6544984694978737,0.0
-0.8956445279174841,-0.5672320068981571,0.0
-0.8956445279174841,-0.4799655442984405,0.0
-0.8956445279174841,-0.39269908169872414,0.0
-0.8956445279174841,-0.30543261909900776,0.0
-0.8956445279174841,-0.21816615649929139,0.0
-0.8956445279174841,-0.1308996938995748,1.0
-0.8956445279174841,-0.04363323129985819,0.0
-0.8956445279174841,0.04363323129985819,0.0
-0.8956445279174841,0.13089969389957457,1.0
-0.8956445279174841,0.21816615649929116,0.0
-0.8956445279174841,0.30543261909900776,0.0
-0.8956445279174841,0.39269908169872414,3.0
-0.8956445279174841,0.4799655442984405,1.0
-0.8956445279174841,0.5672320068981569,0.0
-0.8956445279174841,0.6544984694978735,1.0
-0.8956445279174841,0.7417649320975901,0.0
-0.8956445279174841,0.8290313946973065,0.0
-0.8956445279174841,0.9162978572970228,0.0
-0.8956445279174841,1.0035643198967392,0.0
-0.8956445279174841,1.0908307824964556,1.0
-0.8956445279174841,1.178097245096172,0.0
-0.8956445279174841,1.2653637076958888,0.0
-0.8956445279174841,1.3526301702956056,1.0
-0.8956445279174841,1.439896632895322,0.0
-0.8956445279174841,1.5271630954950384,0.0
-0.8956445279174841,1.6144295580947547,1.0
-0.8956445279174841,1.7016960206944711,1.0
-0.8956445279174841,1.7889624832941875,1.0
-0.8956445279174841,1.8762289458939039,2.0
-0.8956445279174841,1.9634954084936203,1.0
-0.8956445279174841,2.050761871093337,0.0
-0.8956445279174841,2.138028333693054,0.0
-0.8956445279174841,2.2252947962927703,1.0
-0.8956445279174841,2.3125612588924866,1.0
-0.8956445279174841,2.399827721492203,2.0
-0.8956445279174841,2.4870941840919194,0.0
-0.8956445279174841,2.574360646691636,0.0
-0.8956445279174841,2.661627109291352,1.0
-0.8956445279174841,2.7488935718910685,0.0
-0.8956445279174841,2.8361600344907854,1.0
-0.8956445279174841,2.923426497090502,0.0
-0.8956445279174841,3.0106929596902186,0.0
-0.8956445279174841,3.097959422289935,1.0
-0.8559100422988319,-3.097959422289935,0.0
-0.8559100422988319,-3.0106929596902186,0.0
-0.8559100422988319,-2.923426497090502,0.0
-0.8559100422988319,-2.8361600344907854,1.0
-0.8559100422988319,-2.748893571891069,0.0
-0.8559100422988319,-2.6616271092913526,0.0
-0.8559100422988319,-2.574360646691636,0.0
-0.8559100422988319,-2.4870941840919194,1.0
-0.8559100422988319,-2.399827721492203,0.0
-0.8559100422988319,-2.3125612588924866,0.0
-0.8559100422988319,-2.2252947962927703,1.0
-0.8559100422988319,-2.138028333693054,0.0
-0.8559100422988319,-2.0507618710933375,1.0
-0.8559100422988319,-1.9634954084936207,0.0
-0.8559100422988319,-1.8762289458939043,0.0
-0.8559100422988319,-1.7889624832941877,1.0
-0.8559100422988319,-1.7016960206944713,1.0
-0.8559100422988319,-1.6144295580947547,0.0
-0.8559100422988319,-1.5271630954950384,0.0
-0.8559100422988319,-1.439896632895322,0.0
-0.8559100422988319,-1.3526301702956054,1.0
-0.8559100422988319,-1.2653637076958888,2.0
-0.8559100422988319,-1.1780972450961724,1.0
-0.8559100422988319,-1.090830782496456,1.0
-0.8559100422988319,-1.0035643198967397,1.0
-0.8559100422988319,-0.9162978572970231,1.0
-0.8559100422988319,-0.8290313946973065,0.0
-0.8559100422988319,-0.7417649320975901,0.0
-0.8559100422988319,-0.6544984694978737,2.0
-0.8559100422988319,-0.5672320068981571,0.0
-0.8559100422988319,-0.4799655442984405,1.0
-0.8559100422988319,-0.39269908169872414,0.0
-0.8559100422988319,-0.30543261909900776,0.0
-0.8559100422988319,-0.21816615649929139,0.0
-0.8559100422988319,-0.1308996938995748,0.0
-0.8559100422988319,-0.04363323129985819,1.0
-0.8559100422988319,0.04363323129985819,0.0
-0.8559100422988319,0.13089969389957457,1.0
-0.8559100422988319,0.21816615649929116,0.0
-0.8559100422988319,0.30543261909900776,1.0
-0.8559100422988319,0.39269908169872414,0.0
-0.8559100422988319,0.4799655442984405,1.0
-0.8559100422988319,0.5672320068981569,0.0
-0.8559100422988319,0.6544984694978735,0.0
-0.8559100422988319,0.7417649320975901,0.0
-0.8559100422988319,0.8290313946973065,0.0
-0.8559100422988319,0.9162978572970228,0.0
-0.8559100422988319,1.0035643198967392,2.0
-0.8559100422988319,1.0908307824964556,1.0
-0.8559100422988319,1.178097245096172,0.0
-0.8559100422988319,1.2653637076958888,1.0
-0.8559100422988319,1.3526301702956056,1.0
-0.8559100422988319,1.439896632895322,0.0
-0.8559100422988319,1.5271630954950384,0.0
-0.8559100422988319,1.6144295580947547,2.0
-0.8559100422988319,1.7016960206944711,0.0
-0.8559100422988319,1.7889624832941875,0.0
-0.8559100422988319,1.8762289458939039,0.0
-0.8559100422988319,1.9634954084936203,1.0
-0.8559100422988319,2.050761871093337,0.0
-0.8559100422988319,2.138028333693054,0.0
-0.8559100422988319,2.2252947962927703,0.0
-0.8559100422988319,2.3125612588924866,1.0
-0.8559100422988319,2.399827721492203,0.0
-0.8559100422988319,2.4870941840919194,1.0
-0.8559100422988319,2.574360646691636,0.0
-0.8559100422988319,2.661627109291352,0.0
-0.8559100422988319,2.7488935718910685,0.0
-0.8559100422988319,2.8361600344907854,0.0
-0.8559100422988319,2.923426497090502,1.0
-0.8559100422988319,3.0106929596902186,1.0
-0.8559100422988319,3.097959422289935,1.0
-0.8161755566801798,-3.097959422289935,0.0
-0.8161755566801798,-3.0106929596902186,0.0
-0.8161755566801798,-2.923426497090502,0.0
-0.8161755566801798,-2.8361600344907854,0.0
-0.8161755566801798,-2.748893571891069,1.0
-0.8161755566801798,-2.6616271092913526,0.0
-0.8161755566801798,-2.574360646691636,0.0
-0.8161755566801798,-2.4870941840919194,0.0
-0.8161755566801798,-2.399827721492203,0.0
-0.8161755566801798,-2.3125612588924866,0.0
-0.8161755566801798,-2.2252947962927703,0.0
-0.8161755566801798,-2.138028333693054,0.0
-0.8161755566801798,-2.0507618710933375,2.0
-0.8161755566801798,-1.9634954084936207,0.0
-0.8161755566801798,-1.8762289458939043,0.0
-0.8161755566801798,-1.7889624832941877,0.0
-0.8161755566801798,-1.7016960206944713,0.0
-0.8161755566801798,-1.6144295580947547,1.0
-0.8161755566801798,-1.5271630954950384,0.0
-0.8161755566801798,-1.439896632895322,0.0
-0.8161755566801798,-1.3526301702956054,0.0
-0.8161755566801798,-1.2653637076958888,0.0
-0.8161755566801798,-1.1780972450961724,0.0
-0.8161755566801798,-1.090830782496456,1.0
-0.8161755566801798,-1.0035643198967397,2.0
-0.8161755566801798,-0.9162978572970231,0.0
-0.8161755566801798,-0.8290313946973065,1.0
-0.8161755566801798,-0.7417649320975901,0.0
-0.8161755566801798,-0.6544984694978737,1.0
-0.8161755566801798,-0.5672320068981571,0.0
-0.8161755566801798,-0.4799655442984405,0.0
-0.8161755566801798,-0.39269908169872414,2.0
-0.8161755566801798,-0.30543261909900776,0.0
-0.8161755566801798,-0.21816615649929139,0.0
-0.8161755566801798,-0.1308996938995748,0.0
-0.8161755566801798,-0.04363323129985819,0.0
-0.8161755566801798,0.04363323129985819,0.0
-0.8161755566801798,0.13089969389957457,0.0
-0.8161755566801798,0.21816615649929116,1.0
-0.8161755566801798,0.30543261909900776,0.0
-0.8161755566801798,0.39269908169872414,1.0
-0.8161755566801798,0.4799655442984405,0.0
-0.8161755566801798,0.5672320068981569,0.0
-0.8161755566801798,0.6544984694978735,1.0
-0.8161755566801798,0.7417649320975901,0.0
-0.8161755566801798,0.8290313946973065,1.0
-0.8161755566801798,0.9162978572970228,0.0
-0.8161755566801798,1.0035643198967392,0.0
-0.8161755566801798,1.0908307824964556,0.0
-0.8161755566801798,1.178097245096172,0.0
-0.8161755566801798,1.2653637076958888,2.0
-0.8161755566801798,1.3526301702956056,0.0
-0.8161755566801798,1.439896632895322,0.0
-0.8161755566801798,1.5271630954950384,0.0
-0.8161755566801798,1.6144295580947547,0.0
-0.8161755566801798,1.7016960206944711,2.0
-0.8161755566801798,1.7889624832941875,1.0
-0.8161755566801798,1.8762289458939039,0.0
-0.8161755566801798,1.9634954084936203,0.0
-0.8161755566801798,2.050761871093337,0.0
-0.8161755566801798,2.138028333693054,2.0
-0.8161755566801798,2.2252947962927703,0.0
-0.8161755566801798,2.3125612588924866,0.0
-0.8161755566801798,2.399827721492203,1.0
-0.8161755566801798,2.4870941840919194,0.0
-0.8161755566801798,2.574360646691636,0.0
-0.8161755566801798,2.661627109291352,0.0
-0.8161755566801798,2.7488935718910685,0.0
-0.8161755566801798,2.8361600344907854,0.0
-0.8161755566801798,2.923426497090502,0.0
-0.8161755566801798,3.0106929596902186,0.0
-0.8161755566801798,3.097959422289935,0.0
-0.7764410710615277,-3.097959422289935,0.0
-0.7764410710615277,-3.0106929596902186,1.0
-0.7764410710615277,-2.923426497090502,0.0
-0.7764410710615277,-2.8361600344907854,0.0
-0.7764410710615277,-2.748893571891069,2.0
-0.7764410710615277,-2.6616271092913526,0.0
-0.7764410710615277,-2.574360646691636,0.0
-0.7764410710615277,-2.4870941840919194,0.0
-0.7764410710615277,-2.399827721492203,0.0
-0.7764410710615277,-2.3125612588924866,0.0
-0.7764410710615277,-2.2252947962927703,0.0
-0.7764410710615277,-2.138028333693054,0.0
-0.7764410710615277,-2.0507618710933375,0.0
-0.7764410710615277,-1.9634954084936207,0.0
-0.7764410710615277,-1.8762289458939043,0.0
-0.7764410710615277,-1.7889624832941877,0.0
-0.7764410710615277,-1.7016960206944713,0.0
-0.7764410710615277,-1.6144295580947547,0.0
-0.7764410710615277,-1.5271630954950384,0.0
-0.7764410710615277,-1.439896632895322,2.0
-0.7764410710615277,-1.3526301702956054,0.0
-0.7764410710615277,-1.2653637076958888,0.0
-0.7764410710615277,-1.1780972450961724,1.0
-0.7764410710615277,-1.090830782496456,0.0
-0.7764410710615277,-1.0035643198967397,0.0
-0.7764410710615277,-0.9162978572970231,1.0
-0.7764410710615277,-0.8290313946973065,0.0
-0.7764410710615277,-0.7417649320975901,1.0
-0.7764410710615277,-0.6544984694978737,1.0
-0.7764410710615277,-0.5672320068981571,0.0
-0.7764410710615277,-0.4799655442984405,2.0
-0.7764410710615277,-0.39269908169872414,1.0
-0.7764410710615277,-0.30543261909900776,2.0
-0.7764410710615277,-0.21816615649929139,0.0
-0.7764410710615277,-0.1308996938995748,1.0
-0.7764410710615277,-0.04363323129985819,0.0
-0.7764410710615277,0.04363323129985819,1.0
-0.7764410710615277,0.13089969389957457,0.0
-0.7764410710615277,0.21816615649929116,0.0
-0.7764410710615277,0.30543261909900776,0.0
-0.7764410710615277,0.39269908169872414,1.0
-0.7764410710615277,0.4799655442984405,0.0
-0.7764410710615277,0.5672320068981569,0.0
-0.7764410710615277,0.6544984694978735,1.0
-0.7764410710615277,0.7417649320975901,0.0
-0.7764410710615277,0.8290313946973065,0.0
-0.7764410710615277,0.9162978572970228,0.0
-0.7764410710615277,1.0035643198967392,0.0
-0.7764410710615277,1.0908307824964556,0.0
-0.7764410710615277,1.178097245096172,0.0
-0.7764410710615277,1.2653637076958888,0.0
-0.7764410710615277,1.3526301702956056,0.0
-0.7764410710615277,1.439896632895322,0.0
-0.7764410710615277,1.5271630954950384,0.0
-0.7764410710615277,1.6144295580947547,1.0
-0.7764410710615277,1.7016960206944711,0.0
-0.7764410710615277,1.7889624832941875,0.0
-0.7764410710615277,1.8762289458939039,0.0
-0.7764410710615277,1.9634954084936203,2.0
-0.7764410710615277,2.050761871093337,0.0
-0.7764410710615277,2.138028333693054,1.0
-0.7764410710615277,2.2252947962927703,0.0
-0.7764410710615277,2.3125612588924866,0.0
-0.7764410710615277,2.399827721492203,0.0
-0.7764410710615277,2.4870941840919194,0.0
-0.7764410710615277,2.574360646691636,0.0
-0.7764410710615277,2.661627109291352,1.0
-0.7764410710615277,2.7488935718910685,1.0
-0.7764410710615277,2.8361600344907854,0.0
-0.7764410710615277,2.923426497090502,0.0
-0.7764410710615277,3.0106929596902186,1.0
-0.7764410710615277,3.097959422289935,0.0
-0.7367065854428755,-3.097959422289935,0.0
-0.7367065854428755,-3.0106929596902186,1.0
-0.7367065854428755,-2.923426497090502,0.0
-0.7367065854428755,-2.8361600344907854,2.0
-0.7367065854428755,-2.748893571891069,0.0
-0.7367065854428755,-2.6616271092913526,0.0
-0.7367065854428755,-2.574360646691636,0.0
-0.7367065854428755,-2.4870941840919194,1.0
-0.7367065854428755,-2.399827721492203,0.0
-0.7367065854428755,-2.3125612588924866,1.0
-0.7367065854428755,-2.2252947962927703,0.0
-0.7367065854428755,-2.138028333693054,2.0
-0.7367065854428755,-2.0507618710933375,0.0
-0.7367065854428755,-1.9634954084936207,2.0
-0.7367065854428755,-1.8762289458939043,0.0
-0.7367065854428755,-1.7889624832941877,0.0
-0.7367065854428755,-1.7016960206944713,0.0
-0.7367065854428755,-1.6144295580947547,0.0
-0.7367065854428755,-1.5271630954950384,0.0
-0.7367065854428755,-1.439896632895322,0.0
-0.7367065854428755,-1.3526301702956054,0.0
-0.7367065854428755,-1.2653637076958888,0.0
-0.7367065854428755,-1.1780972450961724,1.0
-0.7367065854428755,-1.090830782496456,0.0
-0.7367065854428755,-1.0035643198967397,1.0
-0.7367065854428755,-0.9162978572970231,0.0
-0.7367065854428755,-0.8290313946973065,0.0
-0.7367065854428755,-0.7417649320975901,1.0
-0.7367065854428755,-0.6544984694978737,0.0
-0.7367065854428755,-0.5672320068981571,0.0
-0.7367065854428755,-0.4799655442984405,0.0
-0.7367065854428755,-0.39269908169872414,0.0
-0.7367065854428755,-0.30543261909900776,1.0
-0.7367065854428755,-0.21816615649929139,2.0
-0.7367065854428755,-0.1308996938995748,0.0
-0.7367065854428755,-0.04363323129985819,0.0
-0.7367065854428755,0.04363323129985819,0.0
-0.7367065854428755,0.13089969389957457,0.0
-0.7367065854428755,0.21816615649929116,1.0
-0.7367065854428755,0.30543261909900776,0.0
-0.7367065854428755,0.39269908169872414,1.0
-0.7367065854428755,0.4799655442984405,2.0
-0.7367065854428755,0.5672320068981569,0.0
-0.7367065854428755,0.6544984694978735,0.0
-0.7367065854428755,0.7417649320975901,0.0
-0.7367065854428755,0.8290313946973065,0.0
-0.7367065854428755,0.9162978572970228,1.0
-0.7367065854428755,1.0035643198967392,0.0
-0.7367065854428755,1.0908307824964556,0.0
-0.7367065854428755,1.178097245096172,0.0
-0.7367065854428755,1.2653637076958888,0.0
-0.7367065854428755,1.3526301702956056,1.0
-0.7367065854428755,1.439896632895322,0.0
-0.7367065854428755,1.5271630954950384,0.0
-0.7367065854428755,1.6144295580947547,0.0
-0.7367065854428755,1.7016960206944711,1.0
-0.7367065854428755,1.7889624832941875,0.0
-0.7367065854428755,1.8762289458939039,0.0
-0.7367065854428755,1.9634954084936203,0.0
-0.7367065854428755,2.050761871093337,0.0
-0.7367065854428755,2.138028333693054,2.0
-0.7367065854428755,2.2252947962927703,0.0
-0.7367065854428755,2.3125612588924866,0.0
-0.7367065854428755,2.399827721492203,0.0
-0.7367065854428755,2.4870941840919194,0.0
-0.7367065854428755,2.574360646691636,1.0
-0.7367065854428755,2.661627109291352,0.0
-0.7367065854428755,2.7488935718910685,2.0
-0.7367065854428755,2.8361600344907854,1.0
-0.7367065854428755,2.923426497090502,0.0
-0.7367065854428755,3.0106929596902186,0.0
-0.7367065854428755,3.097959422289935,0.0
-0.6969720998242234,-3.097959422289935,0.0
-0.6969720998242234,-3.0106929596902186,0.0
-0.6969720998242234,-2.923426497090502,0.0
-0.6969720998242234,-2.8361600344907854,0.0
-0.6969720998242234,-2.748893571891069,0.0
-0.6969720998242234,-2.6616271092913526,0.0
-0.6969720998242234,-2.574360646691636,1.0
-0.6969720998242234,-2.4870941840919194,0.0
-0.6969720998242234,-2.399827721492203,1.0
-0.6969720998242234,-2.3125612588924866,0.0
-0.6969720998242234,-2.2252947962927703,0.0
-0.6969720998242234,-2.138028333693054,0.0
-0.6969720998242234,-2.0507618710933375,0.0
-0.6969720998242234,-1.9634954084936207,0.0
-0.6969720998242234,-1.8762289458939043,2.0
-0.6969720998242234,-1.7889624832941877,0.0
-0.6969720998242234,-1.7016960206944713,1.0
-0.6969720998242234,-1.6144295580947547,0.0
-0.6969720998242234,-1.5271630954950384,1.0
-0.6969720998242234,-1.439896632895322,0.0
-0.6969720998242234,-1.3526301702956054,1.0
-0.6969720998242234,-1.2653637076958888,0.0
-0.6969720998242234,-1.1780972450961724,0.0
-0.6969720998242234,-1.090830782496456,0.0
-0.6969720998242234,-1.0035643198967397,0.0
-0.6969720998242234,-0.9162978572970231,0.0
-0.6969720998242234,-0.8290313946973065,0.0
-0.6969720998242234,-0.7417649320975901,2.0
-0.6969720998242234,-0.6544984694978737,0.0
-0.6969720998242234,-0.5672320068981571,0.0
-0.6969720998242234,-0.4799655442984405,0.0
-0.6969720998242234,-0.39269908169872414,0.0
-0.6969720998242234,-0.30543261909900776,1.0
-0.6969720998242234,-0.21816615649929139,1.0
-0.6969720998242234,-0.1308996938995748,0.0
-0.6969720998242234,-0.04363323129985819,1.0
-0.6969720998242234,0.04363323129985819,1.0
-0.6969720998242234,0.13089969389957457,0.0
-0.6969720998242234,0.21816615649929116,0.0
-0.6969720998242234,0.30543261909900776,0.0
-0.6969720998242234,0.39269908169872414,0.0
-0.6969720998242234,0.4799655442984405,0.0
-0.6969720998242234,0.5672320068981569,0.0
-0.6969720998242234,0.6544984694978735,1.0
-0.6969720998242234,0.7417649320975901,0.0
-0.6969720998242234,0.8290313946973065,1.0
-0.6969720998242234,0.9162978572970228,0.0
-0.6969720998242234,1.0035643198967392,0.0
-0.6969720998242234,1.0908307824964556,1.0
-0.6969720998242234,1.178097245096172,0.0
-0.6969720998242234,1.2653637076958888,2.0
-0.6969720998242234,1.3526301702956056,0.0
-0.6969720998242234,1.439896632895322,0.0
-0.6969720998242234,1.5271630954950384,1.0
-0.6969720998242234,1.6144295580947547,2.0
-0.6969720998242234,1.7016960206944711,0.0
-0.6969720998242234,1.7889624832941875,2.0
-0.6969720998242234,1.8762289458939039,1.0
-0.6969720998242234,1.9634954084936203,0.0
-0.6969720998242234,2.050761871093337,0.0
-0.6969720998242234,2.138028333693054,1.0
-0.6969720998242234,2.2252947962927703,1.0
-0.6969720998242234,2.3125612588924866,1.0
-0.6969720998242234,2.399827721492203,1.0
-0.6969720998242234,2.4870941840919194,1.0
-0.6969720998242234,2.574360646691636,0.0
-0.6969720998242234,2.661627109291352,0.0
-0.6969720998242234,2.7488935718910685,1.0
-0.6969720998242234,2.8361600344907854,1.0
-0.6969720998242234,2.923426497090502,3.0
-0.6969720998242234,3.0106929596902186,0.0
-0.6969720998242234,3.097959422289935,0.0
-0.6572376142055713,-3.097959422289935,1.0
-0.6572376142055713,-3.0106929596902186,1.0
-0.6572376142055713,-2.923426497090502,0.0
-0.6572376142055713,-2.8361600344907854,1.0
-0.6572376142055713,-2.748893571891069,0.0
-0.6572376142055713,-2.6616271092913526,1.0
-0.6572376142055713,-2.574360646691636,0.0
-0.6572376142055713,-2.4870941840919194,1.0
-0.6572376142055713,-2.399827721492203,0.0
-0.6572376142055713,-2.3125612588924866,1.0
-0.6572376142055713,-2.2252947962927703,0.0
-0.6572376142055713,-2.138028333693054,0.0
-0.6572376142055713,-2.0507618710933375,0.0
-0.6572376142055713,-1.9634954084936207,1.0
-0.6572376142055713,-1.8762289458939043,0.0
-0.6572376142055713,-1.7889624832941877,0.0
-0.6572376142055713,-1.7016960206944713,0.0
-0.6572376142055713,-1.6144295580947547,1.0
-0.6572376142055713,-1.5271630954950384,2.0
-0.6572376142055713,-1.439896632895322,0.0
-0.6572376142055713,-1.3526301702956054,0.0
-0.6572376142055713,-1.2653637076958888,0.0
-0.6572376142055713,-1.1780972450961724,0.0
-0.6572376142055713,-1.090830782496456,0.0
-0.6572376142055713,-1.0035643198967397,0.0
-0.6572376142055713,-0.9162978572970231,0.0
-0.6572376142055713,-0.8290313946973065,1.0
-0.6572376142055713,-0.7417649320975901,0.0
-0.6572376142055713,-0.6544984694978737,1.0
-0.6572376142055713,-0.5672320068981571,1.0
-0.6572376142055713,-0.4799655442984405,1.0
-0.6572376142055713,-0.39269908169872414,0.0
-0.6572376142055713,-0.30543261909900776,0.0
-0.6572376142055713,-0.21816615649929139,0.0
-0.6572376142055713,-0.1308996938995748,1.0
-0.6572376142055713,-0.04363323129985819,0.0
-0.6572376142055713,0.04363323129985819,0.0
-0.6572376142055713,0.13089969389957457,0.0
-0.6572376142055713,0.21816615649929116,0.0
-0.6572376142055713,0.30543261909900776,0.0
-0.6572376142055713,0.39269908169872414,1.0
-0.6572376142055713,0.4799655442984405,1.0
-0.6572376142055713,0.5672320068981569,1.0
-0.6572376142055713,0.6544984694978735,1.0
-0.6572376142055713,0.7417649320975901,0.0
-0.6572376142055713,0.8290313946973065,1.0
-0.6572376142055713,0.9162978572970228,1.0
-0.6572376142055713,1.0035643198967392,0.0
-0.6572376142055713,1.0908307824964556,1.0
-0.6572376142055713,1.178097245096172,1.0
-0.6572376142055713,1.2653637076958888,2.0
-0.6572376142055713,1.3526301702956056,1.0
-0.6572376142055713,1.439896632895322,0.0
-0.6572376142055713,1.5271630954950384,1.0
-0.6572376142055713,1.6144295580947547,0.0
-0.6572376142055713,1.7016960206944711,1.0
-0.6572376142055713,1.7889624832941875,0.0
-0.6572376142055713,1.8762289458939039,1.0
-0.6572376142055713,1.9634954084936203,1.0
-0.6572376142055713,2.050761871093337,0.0
-0.6572376142055713,2.138028333693054,1.0
-0.6572376142055713,2.2252947962927703,4.0
-0.6572376142055713,2.3125612588924866,0.0
-0.6572376142055713,2.399827721492203,0.0
-0.6572376142055713,2.4870941840919194,0.0
-0.6572376142055713,2.574360646691636,0.0
-0.6572376142055713,2.661627109291352,1.0
-0.6572376142055713,2.7488935718910685,0.0
-0.6572376142055713,2.8361600344907854,2.0
-0.6572376142055713,2.923426497090502,1.0
-0.6572376142055713,3.0106929596902186,1.0
-0.6572376142055713,3.097959422289935,0.0
-0.6175031285869191,-3.097959422289935,2.0
-0.6175031285869191,-3.0106929596902186,0.0
-0.6175031285869191,-2.923426497090502,0.0
-0.6175031285869191,-2.8361600344907854,0.0
-0.6175031285869191,-2.748893571891069,0.0
-0.6175031285869191,-2.6616271092913526,1.0
-0.6175031285869191,-2.574360646691636,0.0
-0.6175031285869191,-2.4870941840919194,0.0
-0.6175031285869191,-2.399827721492203,2.0
-0.6175031285869191,-2.3125612588924866,0.0
-0.6175031285869191,-2.2252947962927703,0.0
-0.6175031285869191,-2.138028333693054,1.0
-0.6175031285869191,-2.0507618710933375,0.0
-0.6175031285869191,-1.9634954084936207,0.0
-0.6175031285869191,-1.8762289458939043,1.0
-0.6175031285869191,-1.7889624832941877,0.0
-0.6175031285869191,-1.7016960206944713,0.0
-0.6175031285869191,-1.6144295580947547,0.0
-0.6175031285869191,-1.5271630954950384,1.0
-0.6175031285869191,-1.439896632895322,0.0
-0.6175031285869191,-1.3526301702956054,0.0
-0.6175031285869191,-1.2653637076958888,1.0
-0.6175031285869191,-1.1780972450961724,1.0
-0.6175031285869191,-1.090830782496456,0.0
-0.6175031285869191,-1.0035643198967397,0.0
-0.6175031285869191,-0.9162978572970231,1.0
-0.6175031285869191,-0.8290313946973065,1.0
-0.6175031285869191,-0.7417649320975901,1.0
-0.6175031285869191,-0.6544984694978737,2.0
-0.6175031285869191,-0.5672320068981571,1.0
-0.6175031285869191,-0.4799655442984405,2.0
-0.6175031285869191,-0.39269908169872414,1.0
-0.6175031285869191,-0.30543261909900776,1.0
-0.6175031285869191,-0.21816615649929139,0.0
-0.6175031285869191,-0.1308996938995748,0.0
-0.6175031285869191,-0.04363323129985819,1.0
-0.6175031285869191,0.04363323129985819,0.0
-0.6175031285869191,0.13089969389957457,0.0
-0.6175031285869191,0.21816615649929116,0.0
-0.6175031285869191,0.30543261909900776,0.0
-0.6175031285869191,0.39269908169872414,0.0
-0.6175031285869191,0.4799655442984405,0.0
-0.6175031285869191,0.5672320068981569,1.0
-0.6175031285869191,0.6544984694978735,0.0
-0.6175031285869191,0.7417649320975901,0.0
-0.6175031285869191,0.8290313946973065,1.0
-0.6175031285869191,0.9162978572970228,1.0
-0.6175031285869191,1.0035643198967392,0.0
-0.6175031285869191,1.0908307824964556,1.0
-0.6175031285869191,1.178097245096172,2.0
-0.6175031285869191,1.2653637076958888,1.0
-0.6175031285869191,1.3526301702956056,1.0
-0.6175031285869191,1.439896632895322,1.0
-0.6175031285869191,1.5271630954950384,1.0
-0.6175031285869191,1.6144295580947547,0.0
-0.6175031285869191,1.7016960206944711,0.0
-0.6175031285869191,1.7889624832941875,2.0
-0.6175031285869191,1.8762289458939039,2.0
-0.6175031285869191,1.9634954084936203,1.0
-0.6175031285869191,2.050761871093337,0.0
-0.6175031285869191,2.138028333693054,0.0
-0.6175031285869191,2.2252947962927703,1.0
-0.6175031285869191,2.3125612588924866,1.0
-0.6175031285869191,2.399827721492203,0.0
-0.6175031285869191,2.4870941840919194,0.0
-0.6175031285869191,2.574360646691636,1.0
-0.6175031285869191,2.661627109291352,1.0
-0.6175031285869191,2.7488935718910685,0.0
-0.6175031285869191,2.8361600344907854,2.0
-0.6175031285869191,2.923426497090502,0.0
-0.6175031285869191,3.0106929596902186,0.0
-0.6175031285869191,3.097959422289935,1.0
-0.5777686429682669,-3.097959422289935,1.0
-0.5777686429682669,-3.0106929596902186,1.0
-0.5777686429682669,-2.923426497090502,0.0
-0.5777686429682669,-2.8361600344907854,1.0
-0.5777686429682669,-2.748893571891069,0.0
-0.5777686429682669,-2.6616271092913526,1.0
-0.5777686429682669,-2.574360646691636,1.0
-0.5777686429682669,-2.4870941840919194,0.0
-0.5777686429682669,-2.399827721492203,0.0
-0.5777686429682669,-2.3125612588924866,2.0
-0.5777686429682669,-2.2252947962927703,0.0
-0.5777686429682669,-2.138028333693054,1.0
-0.5777686429682669,-2.0507618710933375,0.0
-0.5777686429682669,-1.9634954084936207,0.0
-0.5777686429682669,-1.8762289458939043,0.0
-0.5777686429682669,-1.7889624832941877,0.0
-0.5777686429682669,-1.7016960206944713,0.0
-0.5777686429682669,-1.6144295580947547,0.0
-0.5777686429682669,-1.5271630954950384,0.0
-0.5777686429682669,-1.439896632895322,0.0
-0.5777686429682669,-1.3526301702956054,0.0
-0.5777686429682669,-1.2653637076958888,1.0
-0.5777686429682669,-1.1780972450961724,0.0
-0.5777686429682669,-1.090830782496456,0.0
-0.5777686429682669,-1.0035643198967397,0.0
-0.5777686429682669,-0.9162978572970231,0.0
-0.5777686429682669,-0.8290313946973065,1.0
-0.5777686429682669,-0.7417649320975901,0.0
-0.5777686429682669,-0.6544984694978737,0.0
-0.5777686429682669,-0.5672320068981571,0.0
-0.5777686429682669,-0.4799655442984405,1.0
-0.5777686429682669,-0.39269908169872414,0.0
-0.5777686429682669,-0.30543261909900776,1.0
-0.5777686429682669,-0.21816615649929139,0.0
-0.5777686429682669,-0.1308996938995748,1.0
-0.5777686429682669,-0.04363323129985819,1.0
-0.5777686429682669,0.04363323129985819,2.0
-0.5777686429682669,0.13089969389957457,0.0
-0.5777686429682669,0.21816615649929116,0.0
-0.5777686429682669,0.30543261909900776,1.0
-0.5777686429682669,0.39269908169872414,0.0
-0.5777686429682669,0.4799655442984405,2.0
-0.5777686429682669,0.5672320068981569,0.0
-0.5777686429682669,0.6544984694978735,1.0
-0.5777686429682669,0.7417649320975901,0.0
-0.5777686429682669,0.8290313946973065,0.0
-0.5777686429682669,0.9162978572970228,0.0
-0.5777686429682669,1.0035643198967392,1.0
-0.5777686429682669,1.0908307824964556,1.0
-0.5777686429682669,1.178097245096172,0.0
-0.5777686429682669,1.2653637076958888,0.0
-0.5777686429682669,1.3526301702956056,0.0
-0.5777686429682669,1.439896632895322,0.0
-0.5777686429682669,1.5271630954950384,0.0
-0.5777686429682669,1.6144295580947547,1.0
-0.5777686429682669,1.7016960206944711,0.0
-0.5777686429682669,1.7889624832941875,0.0
-0.5777686429682669,1.8762289458939039,0.0
-0.5777686429682669,1.9634954084936203,0.0
-0.5777686429682669,2.050761871093337,1.0
-0.5777686429682669,2.138028333693054,1.0
-0.5777686429682669,2.2252947962927703,1.0
-0.5777686429682669,2.3125612588924866,0.0
-0.5777686429682669,2.399827721492203,0.0
-0.5777686429682669,2.4870941840919194,0.0
-0.5777686429682669,2.574360646691636,0.0
-0.5777686429682669,2.661627109291352,0.0
-0.5777686429682669,2.7488935718910685,0.0
-0.5777686429682669,2.8361600344907854,0.0
-0.5777686429682669,2.923426497090502,1.0
-0.5777686429682669,3.0106929596902186,0.0
-0.5777686429682669,3.097959422289935,1.0
-0.5380341573496148,-3.097959422289935,2.0
-0.5380341573496148,-3.0106929596902186,0.0
-0.5380341573496148,-2.923426497090502,1.0
-0.5380341573496148,-2.8361600344907854,0.0
-0.5380341573496148,-2.748893571891069,2.0
-0.5380341573496148,-2.6616271092913526,1.0
-0.5380341573496148,-2.574360646691636,1.0
-0.5380341573496148,-2.4870941840919194,0.0
-0.5380341573496148,-2.399827721492203,1.0
-0.5380341573496148,-2.3125612588924866,1.0
-0.5380341573496148,-2.2252947962927703,1.0
-0.5380341573496148,-2.138028333693054,1.0
-0.5380341573496148,-2.0507618710933375,0.0
-0.5380341573496148,-1.9634954084936207,1.0
-0.5380341573496148,-1.8762289458939043,1.0
-0.5380341573496148,-1.7889624832941877,2.0
-0.5380341573496148,-1.7016960206944713,0.0
-0.5380341573496148,-1.6144295580947547,0.0
-0.5380341573496148,-1.5271630954950384,1.0
-0.5380341573496148,-1.439896632895322,1.0
-0.5380341573496148,-1.3526301702956054,1.0
-0.5380341573496148,-1.2653637076958888,2.0
-0.5380341573496148,-1.1780972450961724,0.0
-0.5380341573496148,-1.090830782496456,0.0
-0.5380341573496148,-1.0035643198967397,0.0
-0.5380341573496148,-0.9162978572970231,1.0
-0.5380341573496148,-0.8290313946973065,0.0
-0.5380341573496148,-0.7417649320975901,1.0
-0.5380341573496148,-0.6544984694978737,0.0
-0.5380341573496148,-0.5672320068981571,0.0
-0.5380341573496148,-0.4799655442984405,0.0
-0.5380341573496148,-0.39269908169872414,0.0
-0.5380341573496148,-0.30543261909900776,2.0
-0.5380341573496148,-0.21816615649929139,0.0
-0.5380341573496148,-0.1308996938995748,0.0
-0.5380341573496148,-0.04363323129985819,1.0
-0.5380341573496148,0.04363323129985819,0.0
-0.5380341573496148,0.13089969389957457,0.0
-0.5380341573496148,0.21816615649929116,0.0
-0.5380341573496148,0.30543261909900776,0.0
-0.5380341573496148,0.39269908169872414,0.0
-0.5380341573496148,0.4799655442984405,0.0
-0.5380341573496148,0.5672320068981569,0.0
-0.5380341573496148,0.6544984694978735,0.0
-0.5380341573496148,0.7417649320975901,1.0
-0.5380341573496148,0.8290313946973065,2.0
-0.5380341573496148,0.9162978572970228,0.0
-0.5380341573496148,1.0035643198967392,0.0
-0.5380341573496148,1.0908307824964556,0.0
-0.5380341573496148,1.178097245096172,0.0
-0.5380341573496148,1.2653637076958888,0.0
-0.5380341573496148,1.3526301702956056,0.0
-0.5380341573496148,1.439896632895322,1.0
-0.5380341573496148,1.5271630954950384,0.0
-0.5380341573496148,1.6144295580947547,1.0
-0.5380341573496148,1.7016960206944711,0.0
-0.5380341573496148,1.7889624832941875,0.0
-0.5380341573496148,1.8762289458939039,0.0
-0.5380341573496148,1.9634954084936203,0.0
-0.5380341573496148,2.050761871093337,1.0
-0.5380341573496148,2.138028333693054,1.0
-0.5380341573496148,2.2252947962927703,0.0
-0.5380341573496148,2.3125612588924866,0.0
-0.5380341573496148,2.399827721492203,0.0
-0.5380341573496148,2.4870941840919194,1.0
-0.5380341573496148,2.574360646691636,1.0
-0.5380341573496148,2.661627109291352,0.0
-0.5380341573496148,2.7488935718910685,0.0
-0.5380341573496148,2.8361600344907854,1.0
-0.5380341573496148,2.923426497090502,0.0
-0.5380341573496148,3.0106929596902186,0.0
-0.5380341573496148,3.097959422289935,0.0
-0.4982996717309627,-3.097959422289935,1.0
-0.4982996717309627,-3.0106929596902186,0.0
-0.4982996717309627,-2.923426497090502,1.0
-0.4982996717309627,-2.8361600344907854,0.0
-0.4982996717309627,-2.748893571891069,1.0
-0.4982996717309627,-2.6616271092913526,1.0
-0.4982996717309627,-2.574360646691636,0.0
-0.4982996717309627,-2.4870941840919194,3.0
-0.4982996717309627,-2.399827721492203,0.0
-0.4982996717309627,-2.3125612588924866,0.0
-0.4982996717309627,-2.2252947962927703,0.0
-0.4982996717309627,-2.138028333693054,0.0
-0.4982996717309627,-2.0507618710933375,1.0
-0.4982996717309627,-1.9634954084936207,1.0
-0.4982996717309627,-1.8762289458939043,0.0
-0.4982996717309627,-1.7889624832941877,0.0
-0.4982996717309627,-1.7016960206944713,2.0
-0.4982996717309627,-1.6144295580947547,0.0
-0.4982996717309627,-1.5271630954950384,1.0
-0.4982996717309627,-1.439896632895322,0.0
-0.4982996717309627,-1.3526301702956054,1.0
-0.4982996717309627,-1.2653637076958888,1.0
-0.4982996717309627,-1.1780972450961724,0.0
-0.4982996717309627,-1.090830782496456,1.0
-0.4982996717309627,-1.0035643198967397,1.0
-0.4982996717309627,-0.9162978572970231,1.0
-0.4982996717309627,-0.8290313946973065,1.0
-0.4982996717309627,-0.7417649320975901,0.0
-0.4982996717309627,-0.6544984694978737,0.0
-0.4982996717309627,-0.5672320068981571,1.0
-0.4982996717309627,-0.4799655442984405,1.0
-0.4982996717309627,-0.39269908169872414,0.0
-0.4982996717309627,-0.30543261909900776,0.0
-0.4982996717309627,-0.21816615649929139,1.0
-0.4982996717309627,-0.1308996938995748,0.0
-0.4982996717309627,-0.04363323129985819,0.0
-0.4982996717309627,0.04363323129985819,0.0
-0.4982996717309627,0.13089969389957457,0.0
-0.4982996717309627,0.21816615649929116,1.0
-0.4982996717309627,0.30543261909900776,1.0
-0.4982996717309627,0.39269908169872414,1.0
-0.4982996717309627,0.4799655442984405,0.0
-0.4982996717309627,0.5672320068981569,1.0
-0.4982996717309627,0.6544984694978735,1.0
-0.4982996717309627,0.7417649320975901,1.0
-0.4982996717309627,0.8290313946973065,0.0
-0.4982996717309627,0.9162978572970228,0.0
-0.4982996717309627,1.0035643198967392,1.0
-0.4982996717309627,1.0908307824964556,0.0
-0.4982996717309627,1.178097245096172,0.0
-0.4982996717309627,1.2653637076958888,1.0
-0.4982996717309627,1.3526301702956056,0.0
-0.4982996717309627,1.439896632895322,0.0
-0.4982996717309627,1.5271630954950384,3.0
-0.4982996717309627,1.6144295580947547,2.0
-0.4982996717309627,1.7016960206944711,0.0
-0.4982996717309627,1.7889624832941875,0.0
-0.4982996717309627,1.8762289458939039,1.0
-0.4982996717309627,1.9634954084936203,0.0
-0.4982996717309627,2.050761871093337,1.0
-0.4982996717309627,2.138028333693054,0.0
-0.4982996717309627,2.2252947962927703,1.0
-0.4982996717309627,2.3125612588924866,0.0
-0.4982996717309627,2.399827721492203,0.0
-0.4982996717309627,2.4870941840919194,0.0
-0.4982996717309627,2.574360646691636,0.0
-0.4982996717309627,2.661627109291352,0.0
-0.4982996717309627,2.7488935718910685,1.0
-0.4982996717309627,2.8361600344907854,1.0
-0.4982996717309627,2.923426497090502,0.0
-0.4982996717309627,3.0106929596902186,1.0
-0.4982996717309627,3.097959422289935,0.0
-0.45856518611231056,-3.097959422289935,1.0
-0.45856518611231056,-3.0106929596902186,3.0
-0.45856518611231056,-2.923426497090502,1.0
-0.45856518611231056,-2.8361600344907854,1.0
-0.45856518611231056,-2.748893571891069,1.0
-0.45856518611231056,-2.6616271092913526,1.0
-0.45856518611231056,-2.574360646691636,0.0
-0.45856518611231056,-2.4870941840919194,1.0
-0.45856518611231056,-2.399827721492203,0.0
-0.45856518611231056,-2.3125612588924866,1.0
-0.45856518611231056,-2.2252947962927703,0.0
-0.45856518611231056,-2.138028333693054,0.0
-0.45856518611231056,-2.0507618710933375,1.0
-0.45856518611231056,-1.9634954084936207,1.0
-0.45856518611231056,-1.8762289458939043,2.0
-0.45856518611231056,-1.7889624832941877,1.0
-0.45856518611231056,-1.7016960206944713,0.0
-0.45856518611231056,-1.6144295580947547,0.0
-0.45856518611231056,-1.5271630954950384,0.0
-0.45856518611231056,-1.439896632895322,0.0
-0.45856518611231056,-1.3526301702956054,1.0
-0.45856518611231056,-1.2653637076958888,0.0
-0.45856518611231056,-1.1780972450961724,0.0
-0.45856518611231056,-1.090830782496456,0.0
-0.45856518611231056,-1.0035643198967397,0.0
-0.45856518611231056,-0.9162978572970231,0.0
-0.45856518611231056,-0.8290313946973065,0.0
-0.45856518611231056,-0.7417649320975901,0.0
-0.45856518611231056,-0.6544984694978737,1.0
-0.45856518611231056,-0.5672320068981571,2.0
-0.45856518611231056,-0.4799655442984405,1.0
-0.45856518611231056,-0.39269908169872414,1.0
-0.45856518611231056,-0.30543261909900776,1.0
-0.45856518611231056,-0.21816615649929139,0.0
-0.45856518611231056,-0.1308996938995748,0.0
-0.45856518611231056,-0.04363323129985819,1.0
-0.45856518611231056,0.04363323129985819,0.0
-0.45856518611231056,0.13089969389957457,0.0
-0.45856518611231056,0.21816615649929116,2.0
-0.45856518611231056,0.30543261909900776,0.0
-0.45856518611231056,0.39269908169872414,1.0
-0.45856518611231056,0.4799655442984405,0.0
-0.45856518611231056,0.5672320068981569,1.0
-0.45856518611231056,0.6544984694978735,2.0
-0.45856518611231056,0.7417649320975901,0.0
-0.45856518611231056,0.8290313946973065,1.0
-0.45856518611231056,0.9162978572970228,0.0
-0.45856518611231056,1.0035643198967392,3.0
-0.45856518611231056,1.0908307824964556,0.0
-0.45856518611231056,1.178097245096172,1.0
-0.45856518611231056,1.2653637076958888,0.0
-0.45856518611231056,1.3526301702956056,1.0
-0.45856518611231056,1.439896632895322,1.0
-0.45856518611231056,1.5271630954950384,0.0
-0.45856518611231056,1.6144295580947547,0.0
-0.45856518611231056,1.7016960206944711,3.0
-0.45856518611231056,1.7889624832941875,0.0
-0.45856518611231056,1.8762289458939039,0.0
-0.45856518611231056,1.9634954084936203,1.0
-0.45856518611231056,2.050761871093337,0.0
-0.45856518611231056,2.138028333693054,1.0
-0.45856518611231056,2.2252947962927703,0.0
-0.45856518611231056,2.3125612588924866,1.0
-0.45856518611231056,2.399827721492203,0.0
-0.45856518611231056,2.4870941840919194,0.0
-0.45856518611231056,2.574360646691636,2.0
-0.45856518611231056,2.661627109291352,0.0
-0.45856518611231056,2.7488935718910685,0.0
-0.45856518611231056,2.8361600344907854,1.0
-0.45856518611231056,2.923426497090502,0.0
-0.45856518611231056,3.0106929596902186,0.0
-0.45856518611231056,3.097959422289935,0.0
-0.41883070049365845,-3.097959422289935,0.0
-0.41883070049365845,-3.0106929596902186,0.0
-0.41883070049365845,-2.923426497090502,0.0
-0.41883070049365845,-2.8361600344907854,0.0
-0.41883070049365845,-2.748893571891069,0.0
-0.41883070049365845,-2.6616271092913526,0.0
-0.41883070049365845,-2.574360646691636,0.0
-0.41883070049365845,-2.4870941840919194,2.0
-0.41883070049365845,-2.399827721492203,1.0
-0.41883070049365845,-2.3125612588924866,0.0
-0.41883070049365845,-2.2252947962927703,1.0
-0.41883070049365845,-2.138028333693054,0.0
-0.41883070049365845,-2.0507618710933375,0.0
-0.41883070049365845,-1.9634954084936207,0.0
-0.41883070049365845,-1.8762289458939043,0.0
-0.41883070049365845,-1.7889624832941877,1.0
-0.41883070049365845,-1.7016960206944713,1.0
-0.41883070049365845,-1.6144295580947547,0.0
-0.41883070049365845,-1.5271630954950384,1.0
-0.41883070049365845,-1.439896632895322,1.0
-0.41883070049365845,-1.3526301702956054,0.0
-0.41883070049365845,-1.2653637076958888,1.0
-0.41883070049365845,-1.1780972450961724,1.0
-0.41883070049365845,-1.090830782496456,0.0
-0.41883070049365845,-1.0035643198967397,1.0
-0.41883070049365845,-0.9162978572970231,0.0
-0.41883070049365845,-0.8290313946973065,1.0
-0.41883070049365845,-0.7417649320975901,1.0
-0.41883070049365845,-0.6544984694978737,3.0
-0.41883070049365845,-0.5672320068981571,0.0
-0.41883070049365845,-0.4799655442984405,0.0
-0.41883070049365845,-0.39269908169872414,1.0
-0.41883070049365845,-0.30543261909900776,0.0
-0.41883070049365845,-0.21816615649929139,2.0
-0.41883070049365845,-0.1308996938995748,0.0
-0.41883070049365845,-0.04363323129985819,4.0
-0.41883070049365845,0.04363323129985819,0.0
-0.41883070049365845,0.13089969389957457,2.0
-0.41883070049365845,0.21816615649929116,0.0
-0.41883070049365845,0.30543261909900776,1.0
-0.41883070049365845,0.39269908169872414,0.0
-0.41883070049365845,0.4799655442984405,4.0
-0.41883070049365845,0.5672320068981569,1.0
-0.41883070049365845,0.6544984694978735,0.0
-0.41883070049365845,0.7417649320975901,1.0
-0.41883070049365845,0.8290313946973065,0.0
-0.41883070049365845,0.9162978572970228,2.0
-0.41883070049365845,1.0035643198967392,2.0
-0.41883070049365845,1.0908307824964556,0.0
-0.41883070049365845,1.178097245096172,0.0
-0.41883070049365845,1.2653637076958888,0.0
-0.41883070049365845,1.3526301702956056,1.0
-0.41883070049365845,1.439896632895322,1.0
-0.41883070049365845,1.5271630954950384,0.0
-0.41883070049365845,1.6144295580947547,0.0
-0.41883070049365845,1.7016960206944711,1.0
-0.41883070049365845,1.7889624832941875,0.0
-0.41883070049365845,1.8762289458939039,1.0
-0.41883070049365845,1.9634954084936203,2.0
-0.41883070049365845,2.050761871093337,1.0
-0.41883070049365845,2.138028333693054,1.0
-0.41883070049365845,2.2252947962927703,0.0
-0.41883070049365845,2.3125612588924866,0.0
-0.41883070049365845,2.399827721492203,1.0
-0.41883070049365845,2.4870941840919194,2.0
-0.41883070049365845,2.574360646691636,1.0
-0.41883070049365845,2.661627109291352,0.0
-0.41883070049365845,2.7488935718910685,2.0
-0.41883070049365845,2.8361600344907854,1.0
-0.41883070049365845,2.923426497090502,1.0
-0.41883070049365845,3.0106929596902186,0.0
-0.41883070049365845,3.097959422289935,0.0
-0.37909621487500633,-3.097959422289935,1.0
-0.37909621487500633,-3.0106929596902186,0.0
-0.37909621487500633,-2.923426497090502,0.0
-0.37909621487500633,-2.8361600344907854,0.0
-0.37909621487500633,-2.748893571891069,0.0
-0.37909621487500633,-2.6616271092913526,1.0
-0.37909621487500633,-2.574360646691636,0.0
-0.37909621487500633,-2.4870941840919194,1.0
-0.37909621487500633,-2.399827721492203,0.0
-0.37909621487500633,-2.3125612588924866,1.0
-0.37909621487500633,-2.2252947962927703,1.0
-0.37909621487500633,-2.138028333693054,0.0
-0.37909621487500633,-2.0507618710933375,0.0
-0.37909621487500633,-1.9634954084936207,0.0
-0.37909621487500633,-1.8762289458939043,0.0
-0.37909621487500633,-1.7889624832941877,0.0
-0.37909621487500633,-1.7016960206944713,1.0
-0.37909621487500633,-1.6144295580947547,0.0
-0.37909621487500633,-1.5271630954950384,0.0
-0.37909621487500633,-1.439896632895322,0.0
-0.37909621487500633,-1.3526301702956054,0.0
-0.37909621487500633,-1.2653637076958888,0.0
-0.37909621487500633,-1.1780972450961724,2.0
-0.37909621487500633,-1.090830782496456,0.0
-0.37909621487500633,-1.0035643198967397,1.0
-0.37909621487500633,-0.9162978572970231,2.0
-0.37909621487500633,-0.8290313946973065,0.0
-0.37909621487500633,-0.7417649320975901,0.0
-0.37909621487500633,-0.6544984694978737,0.0
-0.37909621487500633,-0.5672320068981571,1.0
-0.37909621487500633,-0.4799655442984405,1.0
-0.37909621487500633,-0.39269908169872414,1.0
-0.37909621487500633,-0.30543261909900776,0.0
-0.37909621487500633,-0.21816615649929139,1.0
-0.37909621487500633,-0.1308996938995748,0.0
-0.37909621487500633,-0.04363323129985819,2.0
-0.37909621487500633,0.04363323129985819,0.0
-0.37909621487500633,0.13089969389957457,0.0
-0.37909621487500633,0.21816615649929116,1.0
-0.37909621487500633,0.30543261909900776,0.0
-0.37909621487500633,0.39269908169872414,0.0
-0.37909621487500633,0.4799655442984405,0.0
-0.37909621487500633,0.5672320068981569,0.0
-0.37909621487500633,0.6544984694978735,0.0
-0.37909621487500633,0.7417649320975901,0.0
-0.37909621487500633,0.8290313946973065,0.0
-0.37909621487500633,0.9162978572970228,1.0
-0.37909621487500633,1.0035643198967392,0.0
-0.37909621487500633,1.0908307824964556,3.0
-0.37909621487500633,1.178097245096172,2.0
-0.37909621487500633,1.2653637076958888,1.0
-0.37909621487500633,1.3526301702956056,0.0
-0.37909621487500633,1.439896632895322,2.0
-0.37909621487500633,1.5271630954950384,0.0
-0.37909621487500633,1.6144295580947547,0.0
-0.37909621487500633,1.7016960206944711,1.0
-0.37909621487500633,1.7889624832941875,1.0
-0.37909621487500633,1.8762289458939039,1.0
-0.37909621487500633,1.9634954084936203,2.0
-0.37909621487500633,2.050761871093337,3.0
-0.37909621487500633,2.138028333693054,1.0
-0.37909621487500633,2.2252947962927703,1.0
-0.37909621487500633,2.3125612588924866,1.0
-0.37909621487500633,2.399827721492203,1.0
-0.37909621487500633,2.4870941840919194,1.0
-0.37909621487500633,2.574360646691636,2.0
-0.37909621487500633,2.661627109291352,1.0
-0.37909621487500633,2.7488935718910685,2.0
-0.37909621487500633,2.8361600344907854,1.0
-0.37909621487500633,2.923426497090502,0.0
-0.37909621487500633,3.0106929596902186,0.0
-0.37909621487500633,3.097959422289935,2.0
-0.3393617292563542,-3.097959422289935,0.0
-0.3393617292563542,-3.0106929596902186,0.0
-0.3393617292563542,-2.923426497090502,1.0
-0.3393617292563542,-2.8361600344907854,2.0
-0.3393617292563542,-2.748893571891069,1.0
-0.3393617292563542,-2.6616271092913526,2.0
-0.3393617292563542,-2.574360646691636,2.0
-0.3393617292563542,-2.4870941840919194,0.0
-0.3393617292563542,-2.399827721492203,0.0
-0.3393617292563542,-2.3125612588924866,0.0
-0.3393617292563542,-2.2252947962927703,0.0
-0.3393617292563542,-2.138028333693054,0.0
-0.3393617292563542,-2.0507618710933375,1.0
-0.3393617292563542,-1.9634954084936207,0.0
-0.3393617292563542,-1.8762289458939043,1.0
-0.3393617292563542,-1.7889624832941877,1.0
-0.3393617292563542,-1.7016960206944713,3.0
-0.3393617292563542,-1.6144295580947547,0.0
-0.3393617292563542,-1.5271630954950384,0.0
-0.3393617292563542,-1.439896632895322,0.0
-0.3393617292563542,-1.3526301702956054,1.0
-0.3393617292563542,-1.2653637076958888,0.0
-0.3393617292563542,-1.1780972450961724,1.0
-0.3393617292563542,-1.090830782496456,0.0
-0.3393617292563542,-1.0035643198967397,0.0
-0.3393617292563542,-0.9162978572970231,2.0
-0.3393617292563542,-0.8290313946973065,1.0
-0.3393617292563542,-0.7417649320975901,0.0
-0.3393617292563542,-0.6544984694978737,0.0
-0.3393617292563542,-0.5672320068981571,0.0
-0.3393617292563542,-0.4799655442984405,1.0
-0.3393617292563542,-0.39269908169872414,2.0
-0.3393617292563542,-0.30543261909900776,0.0
-0.3393617292563542,-0.21816615649929139,2.0
-0.3393617292563542,-0.1308996938995748,1.0
-0.3393617292563542,-0.04363323129985819,0.0
-0.3393617292563542,0.04363323129985819,0.0
-0.3393617292563542,0.13089969389957457,0.0
-0.3393617292563542,0.21816615649929116,0.0
-0.3393617292563542,0.30543261909900776,0.0
-0.3393617292563542,0.39269908169872414,0.0
-0.3393617292563542,0.4799655442984405,1.0
-0.3393617292563542,0.5672320068981569,2.0
-0.3393617292563542,0.6544984694978735,1.0
-0.3393617292563542,0.7417649320975901,1.0
-0.3393617292563542,0.8290313946973065,0.0
-0.3393617292563542,0.9162978572970228,0.0
-0.3393617292563542,1.0035643198967392,1.0
-0.3393617292563542,1.0908307824964556,1.0
-0.3393617292563542,1.178097245096172,1.0
-0.3393617292563542,1.2653637076958888,0.0
-0.3393617292563542,1.3526301702956056,1.0
-0.3393617292563542,1.439896632895322,1.0
-0.3393617292563542,1.5271630954950384,0.0
-0.3393617292563542,1.6144295580947547,0.0
-0.3393617292563542,1.7016960206944711,0.0
-0.3393617292563542,1.7889624832941875,0.0
-0.3393617292563542,1.8762289458939039,1.0
-0.3393617292563542,1.9634954084936203,1.0
-0.3393617292563542,2.050761871093337,1.0
-0.3393617292563542,2.138028333693054,0.0
-0.3393617292563542,2.2252947962927703,1.0
-0.3393617292563542,2.3125612588924866,0.0
-0.3393617292563542,2.399827721492203,0.0
-0.3393617292563542,2.4870941840919194,0.0
-0.3393617292563542,2.574360646691636,1.0
-0.3393617292563542,2.661627109291352,0.0
-0.3393617292563542,2.7488935718910685,0.0
-0.3393617292563542,2.8361600344907854,1.0
-0.3393617292563542,2.923426497090502,1.0
-0.3393617292563542,3.0106929596902186,1.0
-0.3393617292563542,3.097959422289935,1.0
-0.2996272436377021,-3.097959422289935,0.0
-0.2996272436377021,-3.0106929596902186,1.0
-0.2996272436377021,-2.923426497090502,0.0
-0.2996272436377021,-2.8361600344907854,0.0
-0.2996272436377021,-2.748893571891069,0.0
-0.2996272436377021,-2.6616271092913526,0.0
-0.2996272436377021,-2.574360646691636,0.0
-0.2996272436377021,-2.4870941840919194,3.0
-0.2996272436377021,-2.399827721492203,0.0
-0.2996272436377021,-2.3125612588924866,1.0
-0.2996272436377021,-2.2252947962927703,0.0
-0.2996272436377021,-2.138028333693054,0.0
-0.2996272436377021,-2.0507618710933375,2.0
-0.2996272436377021,-1.9634954084936207,0.0
-0.2996272436377021,-1.8762289458939043,0.0
-0.2996272436377021,-1.7889624832941877,0.0
-0.2996272436377021,-1.7016960206944713,0.0
-0.2996272436377021,-1.6144295580947547,1.0
-0.2996272436377021,-1.5271630954950384,0.0
-0.2996272436377021,-1.439896632895322,0.0
-0.2996272436377021,-1.3526301702956054,1.0
-0.2996272436377021,-1.2653637076958888,0.0
-0.2996272436377021,-1.1780972450961724,0.0
-0.2996272436377021,-1.090830782496456,1.0
-0.2996272436377021,-1.0035643198967397,0.0
-0.2996272436377021,-0.9162978572970231,0.0
-0.2996272436377021,-0.8290313946973065,1.0
-0.2996272436377021,-0.7417649320975901,1.0
-0.2996272436377021,-0.6544984694978737,0.0
-0.2996272436377021,-0.5672320068981571,1.0
-0.2996272436377021,-0.4799655442984405,1.0
-0.2996272436377021,-0.39269908169872414,1.0
-0.2996272436377021,-0.30543261909900776,0.0
-0.2996272436377021,-0.21816615649929139,0.0
-0.2996272436377021,-0.1308996938995748,3.0
-0.2996272436377021,-0.04363323129985819,0.0
-0.2996272436377021,0.04363323129985819,2.0
-0.2996272436377021,0.13089969389957457,1.0
-0.2996272436377021,0.21816615649929116,2.0
-0.2996272436377021,0.30543261909900776,1.0
-0.2996272436377021,0.39269908169872414,0.0
-0.2996272436377021,0.4799655442984405,1.0
-0.2996272436377021,0.5672320068981569,0.0
-0.2996272436377021,0.6544984694978735,1.0
-0.2996272436377021,0.7417649320975901,0.0
-0.2996272436377021,0.8290313946973065,0.0
-0.2996272436377021,0.9162978572970228,2.0
-0.2996272436377021,1.0035643198967392,0.0
-0.2996272436377021,1.0908307824964556,0.0
-0.2996272436377021,1.178097245096172,1.0
-0.2996272436377021,1.2653637076958888,0.0
-0.2996272436377021,1.3526301702956056,1.0
-0.2996272436377021,1.439896632895322,1.0
-0.2996272436377021,1.5271630954950384,0.0
-0.2996272436377021,1.6144295580947547,0.0
-0.2996272436377021,1.7016960206944711,0.0
-0.2996272436377021,1.7889624832941875,0.0
-0.2996272436377021,1.8762289458939039,0.0
-0.2996272436377021,1.9634954084936203,0.0
-0.2996272436377021,2.050761871093337,2.0
-0.2996272436377021,2.138028333693054,0.0
-0.2996272436377021,2.2252947962927703,0.0
-0.2996272436377021,2.3125612588924866,3.0
-0.2996272436377021,2.399827721492203,0.0
-0.2996272436377021,2.4870941840919194,0.0
-0.2996272436377021,2.574360646691636,0.0
-0.2996272436377021,2.661627109291352,1.0
-0.2996272436377021,2.7488935718910685,1.0
-0.2996272436377021,2.8361600344907854,1.0
-0.2996272436377021,2.923426497090502,0.0
-0.2996272436377021,3.0106929596902186,3.0
-0.2996272436377021,3.097959422289935,1.0
-0.25989275801905,-3.097959422289935,1.0
-0.25989275801905,-3.0106929596902186,0.0
-0.25989275801905,-2.923426497090502,3.0
-0.25989275801905,-2.8361600344907854,0.0
-0.25989275801905,-2.748893571891069,0.0
-0.25989275801905,-2.6616271092913526,1.0
-0.25989275801905,-2.574360646691636,1.0
-0.25989275801905,-2.4870941840919194,1.0
-0.25989275801905,-2.399827721492203,0.0
-0.25989275801905,-2.3125612588924866,0.0
-0.25989275801905,-2.2252947962927703,0.0
-0.25989275801905,-2.138028333693054,0.0
-0.25989275801905,-2.0507618710933375,0.0
-0.25989275801905,-1.9634954084936207,0.0
-0.25989275801905,-1.8762289458939043,4.0
-0.25989275801905,-1.7889624832941877,0.0
-0.25989275801905,-1.7016960206944713,0.0
-0.25989275801905,-1.6144295580947547,0.0
-0.25989275801905,-1.5271630954950384,1.0
-0.25989275801905,-1.439896632895322,0.0
-0.25989275801905,-1.3526301702956054,0.0
-0.25989275801905,-1.2653637076958888,1.0
-0.25989275801905,-1.1780972450961724,1.0
-0.25989275801905,-1.090830782496456,0.0
-0.25989275801905,-1.0035643198967397,0.0
-0.25989275801905,-0.9162978572970231,1.0
-0.25989275801905,-0.8290313946973065,2.0
-0.25989275801905,-0.7417649320975901,2.0
-0.25989275801905,-0.6544984694978737,1.0
-0.25989275801905,-0.5672320068981571,0.0
-0.25989275801905,-0.4799655442984405,0.0
-0.25989275801905,-0.39269908169872414,0.0
-0.25989275801905,-0.30543261909900776,0.0
-0.25989275801905,-0.21816615649929139,2.0
-0.25989275801905,-0.1308996938995748,1.0
-0.25989275801905,-0.04363323129985819,0.0
-0.25989275801905,0.04363323129985819,0.0
-0.25989275801905,0.13089969389957457,1.0
-0.25989275801905,0.21816615649929116,0.0
-0.25989275801905,0.30543261909900776,1.0
-0.25989275801905,0.39269908169872414,1.0
-0.25989275801905,0.4799655442984405,0.0
-0.25989275801905,0.5672320068981569,0.0
-0.25989275801905,0.6544984694978735,0.0
-0.25989275801905,0.7417649320975901,2.0
-0.25989275801905,0.8290313946973065,0.0
-0.25989275801905,0.9162978572970228,1.0
-0.25989275801905,1.0035643198967392,3.0
-0.25989275801905,1.0908307824964556,0.0
-0.25989275801905,1.178097245096172,0.0
-0.25989275801905,1.2653637076958888,0.0
-0.25989275801905,1.3526301702956056,0.0
-0.25989275801905,1.439896632895322,1.0
-0.25989275801905,1.5271630954950384,1.0
-0.25989275801905,1.6144295580947547,1.0
-0.25989275801905,1.7016960206944711,1.0
-0.25989275801905,1.7889624832941875,0.0
-0.25989275801905,1.8762289458939039,0.0
-0.25989275801905,1.9634954084936203,0.0
-0.25989275801905,2.050761871093337,0.0
-0.25989275801905,2.138028333693054,1.0
-0.25989275801905,2.2252947962927703,0.0
-0.25989275801905,2.3125612588924866,0.0
-0.25989275801905,2.399827721492203,1.0
-0.25989275801905,2.4870941840919194,1.0
-0.25989275801905,2.574360646691636,0.0
-0.25989275801905,2.661627109291352,0.0
-0.25989275801905,2.7488935718910685,0.0
-0.25989275801905,2.8361600344907854,1.0
-0.25989275801905,2.923426497090502,0.0
-0.25989275801905,3.0106929596902186,1.0
-0.25989275801905,3.097959422289935,0.0
-0.22015827240039787,-3.097959422289935,1.0
-0.22015827240039787,-3.0106929596902186,0.0
-0.22015827240039787,-2.923426497090502,2.0
-0.22015827240039787,-2.8361600344907854,1.0
-0.22015827240039787,-2.748893571891069,0.0
-0.22015827240039787,-2.6616271092913526,2.0
-0.22015827240039787,-2.574360646691636,2.0
-0.22015827240039787,-2.4870941840919194,0.0
-0.22015827240039787,-2.399827721492203,0.0
-0.22015827240039787,-2.3125612588924866,0.0
-0.22015827240039787,-2.2252947962927703,0.0
-0.22015827240039787,-2.138028333693054,0.0
-0.22015827240039787,-2.0507618710933375,0.0
-0.22015827240039787,-1.9634954084936207,2.0
-0.22015827240039787,-1.8762289458939043,0.0
-0.22015827240039787,-1.7889624832941877,1.0
-0.22015827240039787,-1.7016960206944713,1.0
-0.22015827240039787,-1.6144295580947547,0.0
-0.22015827240039787,-1.5271630954950384,0.0
-0.22015827240039787,-1.439896632895322,1.0
-0.22015827240039787,-1.3526301702956054,0.0
-0.22015827240039787,-1.2653637076958888,1.0
-0.22015827240039787,-1.1780972450961724,0.0
-0.22015827240039787,-1.090830782496456,0.0
-0.22015827240039787,-1.0035643198967397,2.0
-0.22015827240039787,-0.9162978572970231,2.0
-0.22015827240039787,-0.8290313946973065,0.0
-0.22015827240039787,-0.7417649320975901,0.0
-0.22015827240039787,-0.6544984694978737,0.0
-0.22015827240039787,-0.5672320068981571,1.0
-0.22015827240039787,-0.4799655442984405,1.0
-0.22015827240039787,-0.39269908169872414,1.0
-0.22015827240039787,-0.30543261909900776,0.0
-0.22015827240039787,-0.21816615649929139,1.0
-0.22015827240039787,-0.1308996938995748,1.0
-0.22015827240039787,-0.04363323129985819,0.0
-0.22015827240039787,0.04363323129985819,1.0
-0.22015827240039787,0.13089969389957457,1.0
-0.22015827240039787,0.21816615649929116,1.0
-0.22015827240039787,0.30543261909900776,0.0
-0.22015827240039787,0.39269908169872414,0.0
-0.22015827240039787,0.4799655442984405,0.0
-0.22015827240039787,0.5672320068981569,2.0
-0.22015827240039787,0.6544984694978735,2.0
-0.22015827240039787,0.7417649320975901,3.0
-0.22015827240039787,0.8290313946973065,2.0
-0.22015827240039787,0.9162978572970228,0.0
-0.22015827240039787,1.0035643198967392,0.0
-0.22015827240039787,1.0908307824964556,0.0
-0.22015827240039787,1.178097245096172,1.0
-0.22015827240039787,1.2653637076958888,1.0
-0.22015827240039787,1.3526301702956056,2.0
-0.22015827240039787,1.439896632895322,1.0
-0.22015827240039787,1.5271630954950384,0.0
-0.22015827240039787,1.6144295580947547,0.0
-0.22015827240039787,1.7016960206944711,1.0
-0.22015827240039787,1.7889624832941875,1.0
-0.22015827240039787,1.8762289458939039,1.0
-0.22015827240039787,1.9634954084936203,3.0
-0.22015827240039787,2.050761871093337,1.0
-0.22015827240039787,2.138028333693054,0.0
-0.22015827240039787,2.2252947962927703,1.0
-0.22015827240039787,2.3125612588924866,0.0
-0.22015827240039787,2.399827721492203,1.0
-0.22015827240039787,2.4870941840919194,0.0
-0.22015827240039787,2.574360646691636,1.0
-0.22015827240039787,2.661627109291352,0.0
-0.22015827240039787,2.7488935718910685,0.0
-0.22015827240039787,2.8361600344907854,1.0
-0.22015827240039787,2.923426497090502,0.0
-0.22015827240039787,3.0106929596902186,2.0
-0.22015827240039787,3.097959422289935,0.0
-0.18042378678174575,-3.097959422289935,1.0
-0.18042378678174575,-3.0106929596902186,3.0
-0.18042378678174575,-2.923426497090502,2.0
-0.18042378678174575,-2.8361600344907854,0.0
-0.18042378678174575,-2.748893571891069,1.0
-0.18042378678174575,-2.6616271092913526,0.0
-0.18042378678174575,-2.574360646691636,1.0
-0.18042378678174575,-2.4870941840919194,0.0
-0.18042378678174575,-2.399827721492203,2.0
-0.18042378678174575,-2.3125612588924866,2.0
-0.18042378678174575,-2.2252947962927703,0.0
-0.18042378678174575,-2.138028333693054,2.0
-0.18042378678174575,-2.0507618710933375,0.0
-0.18042378678174575,-1.9634954084936207,3.0
-0.18042378678174575,-1.8762289458939043,0.0
-0.18042378678174575,-1.7889624832941877,0.0
-0.18042378678174575,-1.7016960206944713,2.0
-0.18042378678174575,-1.6144295580947547,0.0
-0.18042378678174575,-1.5271630954950384,0.0
-0.18042378678174575,-1.439896632895322,1.0
-0.18042378678174575,-1.3526301702956054,1.0
-0.18042378678174575,-1.2653637076958888,0.0
-0.18042378678174575,-1.1780972450961724,3.0
-0.18042378678174575,-1.090830782496456,1.0
-0.18042378678174575,-1.0035643198967397,0.0
-0.18042378678174575,-0.9162978572970231,0.0
-0.18042378678174575,-0.8290313946973065,0.0
-0.18042378678174575,-0.7417649320975901,0.0
-0.18042378678174575,-0.6544984694978737,1.0
-0.18042378678174575,-0.5672320068981571,3.0
-0.18042378678174575,-0.4799655442984405,0.0
-0.18042378678174575,-0.39269908169872414,0.0
-0.18042378678174575,-0.30543261909900776,0.0
-0.18042378678174575,-0.21816615649929139,0.0
-0.18042378678174575,-0.1308996938995748,1.0
-0.18042378678174575,-0.04363323129985819,0.0
-0.18042378678174575,0.04363323129985819,1.0
-0.18042378678174575,0.13089969389957457,1.0
-0.18042378678174575,0.21816615649929116,0.0
-0.18042378678174575,0.30543261909900776,0.0
-0.18042378678174575,0.39269908169872414,1.0
-0.18042378678174575,0.4799655442984405,0.0
-0.18042378678174575,0.5672320068981569,0.0
-0.18042378678174575,0.6544984694978735,1.0
-0.18042378678174575,0.7417649320975901,0.0
-0.18042378678174575,0.8290313946973065,0.0
-0.18042378678174575,0.9162978572970228,0.0
-0.18042378678174575,1.0035643198967392,0.0
-0.18042378678174575,1.0908307824964556,0.0
-0.18042378678174575,1.178097245096172,1.0
-0.18042378678174575,1.2653637076958888,0.0
-0.18042378678174575,1.3526301702956056,1.0
-0.18042378678174575,1.439896632895322,0.0
-0.18042378678174575,1.5271630954950384,0.0
-0.18042378678174575,1.6144295580947547,1.0
-0.18042378678174575,1.7016960206944711,1.0
-0.18042378678174575,1.7889624832941875,0.0
-0.18042378678174575,1.8762289458939039,0.0
-0.18042378678174575,1.9634954084936203,0.0
-0.18042378678174575,2.050761871093337,1.0
-0.18042378678174575,2.138028333693054,0.0
-0.18042378678174575,2.2252947962927703,1.0
-0.18042378678174575,2.3125612588924866,2.0
-0.18042378678174575,2.399827721492203,1.0
-0.18042378678174575,2.4870941840919194,0.0
-0.18042378678174575,2.574360646691636,0.0
-0.18042378678174575,2.661627109291352,0.0
-0.18042378678174575,2.7488935718910685,0.0
-0.18042378678174575,2.8361600344907854,1.0
-0.18042378678174575,2.923426497090502,1.0
-0.18042378678174575,3.0106929596902186,1.0
-0.18042378678174575,3.097959422289935,1.0
-0.14068930116309364,-3.097959422289935,0.0
-0.14068930116309364,-3.0106929596902186,0.0
-0.14068930116309364,-2.923426497090502,0.0
-0.14068930116309364,-2.8361600344907854,0.0
-0.14068930116309364,-2.748893571891069,0.0
-0.14068930116309364,-2.6616271092913526,0.0
-0.14068930116309364,-2.574360646691636,0.0
-0.14068930116309364,-2.4870941840919194,0.0
-0.14068930116309364,-2.399827721492203,3.0
-0.14068930116309364,-2.3125612588924866,1.0
-0.14068930116309364,-2.2252947962927703,0.0
-0.14068930116309364,-2.138028333693054,2.0
-0.14068930116309364,-2.0507618710933375,0.0
-0.14068930116309364,-1.9634954084936207,1.0
-0.14068930116309364,-1.8762289458939043,1.0
-0.14068930116309364,-1.7889624832941877,3.0
-0.14068930116309364,-1.7016960206944713,1.0
-0.14068930116309364,-1.6144295580947547,1.0
-0.14068930116309364,-1.5271630954950384,0.0
-0.14068930116309364,-1.439896632895322,1.0
-0.14068930116309364,-1.3526301702956054,1.0
-0.14068930116309364,-1.2653637076958888,2.0
-0.14068930116309364,-1.1780972450961724,1.0
-0.14068930116309364,-1.090830782496456,0.0
-0.14068930116309364,-1.0035643198967397,1.0
-0.14068930116309364,-0.9162978572970231,0.0
-0.14068930116309364,-0.8290313946973065,0.0
-0.14068930116309364,-0.7417649320975901,0.0
-0.14068930116309364,-0.6544984694978737,0.0
-0.14068930116309364,-0.5672320068981571,1.0
-0.14068930116309364,-0.4799655442984405,1.0
-0.14068930116309364,-0.39269908169872414,0.0
-0.14068930116309364,-0.30543261909900776,1.0
-0.14068930116309364,-0.21816615649929139,2.0
-0.14068930116309364,-0.1308996938995748,1.0
-0.14068930116309364,-0.04363323129985819,1.0
-0.14068930116309364,0.04363323129985819,1.0
-0.14068930116309364,0.13089969389957457,1.0
-0.14068930116309364,0.21816615649929116,1.0
-0.14068930116309364,0.30543261909900776,1.0
-0.14068930116309364,0.39269908169872414,1.0
-0.14068930116309364,0.4799655442984405,0.0
-0.14068930116309364,0.5672320068981569,0.0
-0.14068930116309364,0.6544984694978735,0.0
-0.14068930116309364,0.7417649320975901,0.0
-0.14068930116309364,0.8290313946973065,0.0
-0.14068930116309364,0.9162978572970228,0.0
-0.14068930116309364,1.0035643198967392,1.0
-0.14068930116309364,1.0908307824964556,1.0
-0.14068930116309364,1.178097245096172,1.0
-0.14068930116309364,1.2653637076958888,1.0
-0.14068930116309364,1.3526301702956056,2.0
-0.14068930116309364,1.439896632895322,1.0
-0.14068930116309364,1.5271630954950384,1.0
-0.14068930116309364,1.6144295580947547,1.0
-0.14068930116309364,1.7016960206944711,1.0
-0.14068930116309364,1.7889624832941875,0.0
-0.14068930116309364,1.8762289458939039,0.0
-0.14068930116309364,1.9634954084936203,0.0
-0.14068930116309364,2.050761871093337,1.0
-0.14068930116309364,2.138028333693054,0.0
-0.14068930116309364,2.2252947962927703,1.0
-0.14068930116309364,2.3125612588924866,1.0
-0.14068930116309364,2.399827721492203,1.0
-0.14068930116309364,2.4870941840919194,1.0
-0.14068930116309364,2.574360646691636,1.0
-0.14068930116309364,2.661627109291352,0.0
-0.14068930116309364,2.7488935718910685,2.0
-0.14068930116309364,2.8361600344907854,0.0
-0.14068930116309364,2.923426497090502,1.0
-0.14068930116309364,3.0106929596902186,0.0
-0.14068930116309364,3.097959422289935,1.0
-0.10095481554444152,-3.097959422289935,1.0
-0.10095481554444152,-3.0106929596902186,1.0
-0.10095481554444152,-2.923426497090502,0.0
-0.10095481554444152,-2.8361600344907854,0.0
-0.10095481554444152,-2.748893571891069,0.0
-0.10095481554444152,-2.6616271092913526,2.0
-0.10095481554444152,-2.574360646691636,0.0
-0.10095481554444152,-2.4870941840919194,2.0
-0.10095481554444152,-2.399827721492203,0.0
-0.10095481554444152,-2.3125612588924866,0.0
-0.10095481554444152,-2.2252947962927703,2.0
-0.10095481554444152,-2.138028333693054,3.0
-0.10095481554444152,-2.0507618710933375,0.0
-0.10095481554444152,-1.9634954084936207,1.0
-0.10095481554444152,-1.8762289458939043,1.0
-0.10095481554444152,-1.7889624832941877,1.0
-0.10095481554444152,-1.7016960206944713,0.0
-0.10095481554444152,-1.6144295580947547,0.0
-0.10095481554444152,-1.5271630954950384,1.0
-0.10095481554444152,-1.439896632895322,3.0
-0.10095481554444152,-1.3526301702956054,0.0
-0.10095481554444152,-1.2653637076958888,0.0
-0.10095481554444152,-1.1780972450961724,0.0
-0.10095481554444152,-1.090830782496456,0.0
-0.10095481554444152,-1.0035643198967397,1.0
-0.10095481554444152,-0.9162978572970231,1.0
-0.10095481554444152,-0.8290313946973065,1.0
-0.10095481554444152,-0.7417649320975901,0.0
-0.10095481554444152,-0.6544984694978737,0.0
-0.10095481554444152,-0.5672320068981571,1.0
-0.10095481554444152,-0.4799655442984405,0.0
-0.10095481554444152,-0.39269908169872414,2.0
-0.10095481554444152,-0.30543261909900776,1.0
-0.10095481554444152,-0.21816615649929139,1.0
-0.10095481554444152,-0.1308996938995748,1.0
-0.10095481554444152,-0.04363323129985819,3.0
-0.10095481554444152,0.04363323129985819,0.0
-0.10095481554444152,0.13089969389957457,0.0
-0.10095481554444152,0.21816615649929116,0.0
-0.10095481554444152,0.30543261909900776,0.0
-0.10095481554444152,0.39269908169872414,0.0
-0.10095481554444152,0.4799655442984405,0.0
-0.10095481554444152,0.5672320068981569,3.0
-0.10095481554444152,0.6544984694978735,0.0
-0.10095481554444152,0.7417649320975901,2.0
-0.10095481554444152,0.8290313946973065,0.0
-0.10095481554444152,0.9162978572970228,1.0
-0.10095481554444152,1.0035643198967392,1.0
-0.10095481554444152,1.0908307824964556,1.0
-0.10095481554444152,1.178097245096172,0.0
-0.10095481554444152,1.2653637076958888,0.0
-0.10095481554444152,1.3526301702956056,1.0
-0.10095481554444152,1.439896632895322,0.0
-0.10095481554444152,1.5271630954950384,1.0
-0.10095481554444152,1.6144295580947547,0.0
-0.10095481554444152,1.7016960206944711,0.0
-0.10095481554444152,1.7889624832941875,2.0
-0.10095481554444152,1.8762289458939039,2.0
-0.10095481554444152,1.9634954084936203,0.0
-0.10095481554444152,2.050761871093337,1.0
-0.10095481554444152,2.138028333693054,0.0
-0.10095481554444152,2.2252947962927703,0.0
-0.10095481554444152,2.3125612588924866,0.0
-0.10095481554444152,2.399827721492203,1.0
-0.10095481554444152,2.4870941840919194,2.0
-0.10095481554444152,2.574360646691636,0.0
-0.10095481554444152,2.661627109291352,0.0
-0.10095481554444152,2.7488935718910685,0.0
-0.10095481554444152,2.8361600344907854,1.0
-0.10095481554444152,2.923426497090502,1.0
-0.10095481554444152,3.0106929596902186,1.0
-0.10095481554444152,3.097959422289935,1.0
-0.06122032992578941,-3.097959422289935,1.0
-0.06122032992578941,-3.0106929596902186,1.0
-0.06122032992578941,-2.923426497090502,0.0
-0.06122032992578941,-2.8361600344907854,0.0
-0.06122032992578941,-2.748893571891069,0.0
-0.06122032992578941,-2.6616271092913526,0.0
-0.06122032992578941,-2.574360646691636,0.0
-0.06122032992578941,-2.4870941840919194,1.0
-0.06122032992578941,-2.399827721492203,1.0
-0.06122032992578941,-2.3125612588924866,0.0
-0.06122032992578941,-2.2252947962927703,1.0
-0.06122032992578941,-2.138028333693054,1.0
-0.06122032992578941,-2.0507618710933375,0.0
-0.06122032992578941,-1.9634954084936207,1.0
-0.06122032992578941,-1.8762289458939043,1.0
-0.06122032992578941,-1.7889624832941877,1.0
-0.06122032992578941,-1.7016960206944713,2.0
-0.06122032992578941,-1.6144295580947547,1.0
-0.06122032992578941,-1.5271630954950384,0.0
-0.06122032992578941,-1.439896632895322,1.0
-0.06122032992578941,-1.3526301702956054,0.0
-0.06122032992578941,-1.2653637076958888,1.0
-0.06122032992578941,-1.1780972450961724,0.0
-0.06122032992578941,-1.090830782496456,0.0
-0.06122032992578941,-1.0035643198967397,1.0
-0.06122032992578941,-0.9162978572970231,2.0
-0.06122032992578941,-0.8290313946973065,0.0
-0.06122032992578941,-0.7417649320975901,0.0
-0.06122032992578941,-0.6544984694978737,1.0
-0.06122032992578941,-0.5672320068981571,0.0
-0.06122032992578941,-0.4799655442984405,4.0
-0.06122032992578941,-0.39269908169872414,2.0
-0.06122032992578941,-0.30543261909900776,0.0
-0.06122032992578941,-0.21816615649929139,1.0
-0.06122032992578941,-0.1308996938995748,0.0
-0.06122032992578941,-0.04363323129985819,0.0
-0.06122032992578941,0.04363323129985819,1.0
-0.06122032992578941,0.13089969389957457,1.0
-0.06122032992578941,0.21816615649929116,1.0
-0.06122032992578941,0.30543261909900776,1.0
-0.06122032992578941,0.39269908169872414,1.0
-0.06122032992578941,0.4799655442984405,1.0
-0.06122032992578941,0.5672320068981569,2.0
-0.06122032992578941,0.6544984694978735,0.0
-0.06122032992578941,0.7417649320975901,0.0
-0.06122032992578941,0.8290313946973065,1.0
-0.06122032992578941,0.9162978572970228,2.0
-0.06122032992578941,1.0035643198967392,1.0
-0.06122032992578941,1.0908307824964556,0.0
-0.06122032992578941,1.178097245096172,0.0
-0.06122032992578941,1.2653637076958888,0.0
-0.06122032992578941,1.3526301702956056,1.0
-0.06122032992578941,1.439896632895322,0.0
-0.06122032992578941,1.5271630954950384,2.0
-0.06122032992578941,1.6144295580947547,0.0
-0.06122032992578941,1.7016960206944711,0.0
-0.06122032992578941,1.7889624832941875,1.0
-0.06122032992578941,1.8762289458939039,1.0
-0.06122032992578941,1.9634954084936203,1.0
-0.06122032992578941,2.050761871093337,1.0
-0.06122032992578941,2.138028333693054,1.0
-0.06122032992578941,2.2252947962927703,1.0
-0.06122032992578941,2.3125612588924866,0.0
-0.06122032992578941,2.399827721492203,0.0
-0.06122032992578941,2.4870941840919194,1.0
-0.06122032992578941,2.574360646691636,0.0
-0.06122032992578941,2.661627109291352,0.0
-0.06122032992578941,2.7488935718910685,0.0
-0.06122032992578941,2.8361600344907854,1.0
-0.06122032992578941,2.923426497090502,0.0
-0.06122032992578941,3.0106929596902186,1.0
-0.06122032992578941,3.097959422289935,0.0
-0.021485844307137292,-3.097959422289935,2.0
-0.021485844307137292,-3.0106929596902186,1.0
-0.021485844307137292,-2.923426497090502,0.0
-0.021485844307137292,-2.8361600344907854,2.0
-0.021485844307137292,-2.748893571891069,0.0
-0.021485844307137292,-2.6616271092913526,1.0
-0.021485844307137292,-2.574360646691636,1.0
-0.021485844307137292,-2.4870941840919194,0.0
-0.021485844307137292,-2.399827721492203,1.0
-0.021485844307137292,-2.3125612588924866,0.0
-0.021485844307137292,-2.2252947962927703,0.0
-0.021485844307137292,-2.138028333693054,0.0
-0.021485844307137292,-2.0507618710933375,1.0
-0.021485844307137292,-1.9634954084936207,1.0
-0.021485844307137292,-1.8762289458939043,1.0
-0.021485844307137292,-1.7889624832941877,1.0
-0.021485844307137292,-1.7016960206944713,1.0
-0.021485844307137292,-1.6144295580947547,1.0
-0.021485844307137292,-1.5271630954950384,1.0
-0.021485844307137292,-1.439896632895322,0.0
-0.021485844307137292,-1.3526301702956054,1.0
-0.021485844307137292,-1.2653637076958888,0.0
-0.021485844307137292,-1.1780972450961724,2.0
-0.021485844307137292,-1.090830782496456,1.0
-0.021485844307137292,-1.0035643198967397,2.0
-0.021485844307137292,-0.9162978572970231,1.0
-0.021485844307137292,-0.8290313946973065,0.0
-0.021485844307137292,-0.7417649320975901,1.0
-0.021485844307137292,-0.6544984694978737,3.0
-0.021485844307137292,-0.5672320068981571,4.0
-0.021485844307137292,-0.4799655442984405,1.0
-0.021485844307137292,-0.39269908169872414,1.0
-0.021485844307137292,-0.30543261909900776,0.0
-0.021485844307137292,-0.21816615649929139,2.0
-0.021485844307137292,-0.1308996938995748,0.0
-0.021485844307137292,-0.04363323129985819,1.0
-0.021485844307137292,0.04363323129985819,2.0
-0.021485844307137292,0.13089969389957457,0.0
-0.021485844307137292,0.21816615649929116,1.0
-0.021485844307137292,0.30543261909900776,1.0
-0.021485844307137292,0.39269908169872414,0.0
-0.021485844307137292,0.4799655442984405,0.0
-0.021485844307137292,0.5672320068981569,1.0
-0.021485844307137292,0.6544984694978735,1.0
-0.021485844307137292,0.7417649320975901,1.0
-0.021485844307137292,0.8290313946973065,2.0
-0.021485844307137292,0.9162978572970228,0.0
-0.021485844307137292,1.0035643198967392,2.0
-0.021485844307137292,1.0908307824964556,0.0
-0.021485844307137292,1.178097245096172,0.0
-0.021485844307137292,1.2653637076958888,1.0
-0.021485844307137292,1.3526301702956056,0.0
-0.021485844307137292,1.439896632895322,2.0
-0.021485844307137292,1.5271630954950384,1.0
-0.021485844307137292,1.6144295580947547,0.0
-0.021485844307137292,1.7016960206944711,1.0
-0.021485844307137292,1.7889624832941875,2.0
-0.021485844307137292,1.8762289458939039,0.0
-0.021485844307137292,1.9634954084936203,1.0
-0.021485844307137292,2.050761871093337,1.0
-0.021485844307137292,2.138028333693054,2.0
-0.021485844307137292,2.2252947962927703,1.0
-0.021485844307137292,2.3125612588924866,0.0
-0.021485844307137292,2.399827721492203,0.0
-0.021485844307137292,2.4870941840919194,1.0
-0.021485844307137292,2.574360646691636,1.0
-0.021485844307137292,2.661627109291352,0.0
-0.021485844307137292,2.7488935718910685,0.0
-0.021485844307137292,2.8361600344907854,0.0
-0.021485844307137292,2.923426497090502,0.0
-0.021485844307137292,3.0106929596902186,0.0
-0.021485844307137292,3.097959422289935,1.0
0.018248641311514935,-3.097959422289935,1.0
0.018248641311514935,-3.0106929596902186,1.0
0.018248641311514935,-2.923426497090502,0.0
0.018248641311514935,-2.8361600344907854,2.0
0.018248641311514935,-2.748893571891069,0.0
0.018248641311514935,-2.6616271092913526,1.0
0.018248641311514935,-2.574360646691636,2.0
0.018248641311514935,-2.4870941840919194,1.0
0.018248641311514935,-2.399827721492203,3.0
0.018248641311514935,-2.3125612588924866,2.0
0.018248641311514935,-2.2252947962927703,2.0
0.018248641311514935,-2.138028333693054,0.0
0.018248641311514935,-2.0507618710933375,1.0
0.018248641311514935,-1.9634954084936207,1.0
0.018248641311514935,-1.8762289458939043,1.0
0.018248641311514935,-1.7889624832941877,0.0
0.018248641311514935,-1.7016960206944713,0.0
0.018248641311514935,-1.6144295580947547,1.0
0.018248641311514935,-1.5271630954950384,0.0
0.018248641311514935,-1.439896632895322,1.0
0.018248641311514935,-1.3526301702956054,1.0
0.018248641311514935,-1.2653637076958888,0.0
0.018248641311514935,-1.1780972450961724,1.0
0.018248641311514935,-1.090830782496456,2.0
0.018248641311514935,-1.0035643198967397,1.0
0.018248641311514935,-0.9162978572970231,0.0
0.018248641311514935,-0.8290313946973065,1.0
0.018248641311514935,-0.7417649320975901,1.0
0.018248641311514935,-0.6544984694978737,1.0
0.018248641311514935,-0.5672320068981571,1.0
0.018248641311514935,-0.4799655442984405,1.0
0.018248641311514935,-0.39269908169872414,0.0
0.018248641311514935,-0.30543261909900776,1.0
0.018248641311514935,-0.21816615649929139,1.0
0.018248641311514935,-0.1308996938995748,0.0
0.018248641311514935,-0.04363323129985819,4.0
0.018248641311514935,0.04363323129985819,2.0
0.018248641311514935,0.13089969389957457,1.0
0.018248641311514935,0.21816615649929116,1.0
0.018248641311514935,0.30543261909900776,3.0
0.018248641311514935,0.39269908169872414,0.0
0.018248641311514935,0.4799655442984405,1.0
0.018248641311514935,0.5672320068981569,0.0
0.018248641311514935,0.6544984694978735,1.0
0.018248641311514935,0.7417649320975901,1.0
0.018248641311514935,0.8290313946973065,0.0
0.018248641311514935,0.9162978572970228,2.0
0.018248641311514935,1.0035643198967392,2.0
0.018248641311514935,1.0908307824964556,2.0
0.018248641311514935,1.178097245096172,1.0
0.018248641311514935,1.2653637076958888,0.0
0.018248641311514935,1.3526301702956056,2.0
0.018248641311514935,1.439896632895322,0.0
0.018248641311514935,1.5271630954950384,1.0
0.018248641311514935,1.6144295580947547,0.0
0.018248641311514935,1.7016960206944711,2.0
0.018248641311514935,1.7889624832941875,0.0
0.018248641311514935,1.8762289458939039,2.0
0.018248641311514935,1.9634954084936203,0.0
0.018248641311514935,2.050761871093337,2.0
0.018248641311514935,2.138028333693054,0.0
0.018248641311514935,2.2252947962927703,1.0
0.018248641311514935,2.3125612588924866,0.0
0.018248641311514935,2.399827721492203,0.0
0.018248641311514935,2.4870941840919194,0.0
0.018248641311514935,2.574360646691636,0.0
0.018248641311514935,2.661627109291352,0.0
0.018248641311514935,2.7488935718910685,2.0
0.018248641311514935,2.8361600344907854,0.0
0.018248641311514935,2.923426497090502,3.0
0.018248641311514935,3.0106929596902186,1.0
0.018248641311514935,3.097959422289935,0.0
0.05798312693016716,-3.097959422289935,2.0
0.05798312693016716,-3.0106929596902186,2.0
0.05798312693016716,-2.923426497090502,2.0
0.05798312693016716,-2.8361600344907854,1.0
0.05798312693016716,-2.748893571891069,1.0
0.05798312693016716,-2.6616271092913526,0.0
0.05798312693016716,-2.574360646691636,2.0
0.05798312693016716,-2.4870941840919194,0.0
0.05798312693016716,-2.399827721492203,2.0
0.05798312693016716,-2.3125612588924866,1.0
0.05798312693016716,-2.2252947962927703,0.0
0.05798312693016716,-2.138028333693054,2.0
0.05798312693016716,-2.0507618710933375,0.0
0.05798312693016716,-1.9634954084936207,2.0
0.05798312693016716,-1.8762289458939043,1.0
0.05798312693016716,-1.7889624832941877,1.0
0.05798312693016716,-1.7016960206944713,1.0
0.05798312693016716,-1.6144295580947547,1.0
0.05798312693016716,-1.5271630954950384,2.0
0.05798312693016716,-1.439896632895322,2.0
0.05798312693016716,-1.3526301702956054,1.0
0.05798312693016716,-1.2653637076958888,1.0
0.05798312693016716,-1.1780972450961724,1.0
0.05798312693016716,-1.090830782496456,0.0
0.05798312693016716,-1.0035643198967397,0.0
0.05798312693016716,-0.9162978572970231,0.0
0.05798312693016716,-0.8290313946973065,2.0
0.05798312693016716,-0.7417649320975901,1.0
0.05798312693016716,-0.6544984694978737,0.0
0.05798312693016716,-0.5672320068981571,1.0
0.05798312693016716,-0.4799655442984405,0.0
0.05798312693016716,-0.39269908169872414,5.0
0.05798312693016716,-0.30543261909900776,0.0
0.05798312693016716,-0.21816615649929139,0.0
0.05798312693016716,-0.1308996938995748,1.0
0.05798312693016716,-0.04363323129985819,1.0
0.05798312693016716,0.04363323129985819,1.0
0.05798312693016716,0.13089969389957457,0.0
0.05798312693016716,0.21816615649929116,1.0
0.05798312693016716,0.30543261909900776,2.0
0.05798312693016716,0.39269908169872414,2.0
0.05798312693016716,0.4799655442984405,2.0
0.05798312693016716,0.5672320068981569,1.0
0.05798312693016716,0.6544984694978735,1.0
0.05798312693016716,0.7417649320975901,2.0
0.05798312693016716,0.8290313946973065,2.0
0.05798312693016716,0.9162978572970228,0.0
0.05798312693016716,1.0035643198967392,0.0
0.05798312693016716,1.0908307824964556,0.0
0.05798312693016716,1.178097245096172,0.0
0.05798312693016716,1.2653637076958888,2.0
0.05798312693016716,1.3526301702956056,1.0
0.05798312693016716,1.439896632895322,1.0
0.05798312693016716,1.5271630954950384,1.0
0.05798312693016716,1.6144295580947547,2.0
0.05798312693016716,1.7016960206944711,0.0
0.05798312693016716,1.7889624832941875,1.0
0.05798312693016716,1.8762289458939039,1.0
0.05798312693016716,1.9634954084936203,0.0
0.05798312693016716,2.050761871093337,0.0
0.05798312693016716,2.138028333693054,0.0
0.05798312693016716,2.2252947962927703,0.0
0.05798312693016716,2.3125612588924866,1.0
0.05798312693016716,2.399827721492203,0.0
0.05798312693016716,2.4870941840919194,0.0
0.05798312693016716,2.574360646691636,2.0
0.05798312693016716,2.661627109291352,0.0
0.05798312693016716,2.7488935718910685,0.0
0.05798312693016716,2.8361600344907854,0.0
0.05798312693016716,2.923426497090502,1.0
0.05798312693016716,3.0106929596902186,0.0
0.05798312693016716,3.097959422289935,0.0
0.09771761254881928,-3.097959422289935,1.0
0.09771761254881928,-3.0106929596902186,0.0
0.09771761254881928,-2.923426497090502,0.0
0.09771761254881928,-2.8361600344907854,1.0
0.09771761254881928,-2.748893571891069,0.0
0.09771761254881928,-2.6616271092913526,0.0
0.09771761254881928,-2.574360646691636,1.0
0.09771761254881928,-2.4870941840919194,1.0
0.09771761254881928,-2.399827721492203,0.0
0.09771761254881928,-2.3125612588924866,1.0
0.09771761254881928,-2.2252947962927703,1.0
0.09771761254881928,-2.138028333693054,2.0
0.09771761254881928,-2.0507618710933375,0.0
0.09771761254881928,-1.9634954084936207,0.0
0.09771761254881928,-1.8762289458939043,1.0
0.09771761254881928,-1.7889624832941877,1.0
0.09771761254881928,-1.7016960206944713,1.0
0.09771761254881928,-1.6144295580947547,1.0
0.09771761254881928,-1.5271630954950384,0.0
0.09771761254881928,-1.439896632895322,1.0
0.09771761254881928,-1.3526301702956054,1.0
0.09771761254881928,-1.2653637076958888,0.0
0.09771761254881928,-1.1780972450961724,2.0
0.09771761254881928,-1.090830782496456,0.0
0.09771761254881928,-1.0035643198967397,0.0
0.09771761254881928,-0.9162978572970231,0.0
0.09771761254881928,-0.8290313946973065,0.0
0.09771761254881928,-0.7417649320975901,3.0
0.09771761254881928,-0.6544984694978737,0.0
0.09771761254881928,-0.5672320068981571,2.0
0.09771761254881928,-0.4799655442984405,0.0
0.09771761254881928,-0.39269908169872414,1.0
0.09771761254881928,-0.30543261909900776,1.0
0.09771761254881928,-0.21816615649929139,1.0
0.09771761254881928,-0.1308996938995748,1.0
0.09771761254881928,-0.04363323129985819,2.0
0.09771761254881928,0.04363323129985819,0.0
0.09771761254881928,0.13089969389957457,1.0
0.09771761254881928,0.21816615649929116,2.0
0.09771761254881928,0.30543261909900776,0.0
0.09771761254881928,0.39269908169872414,1.0
0.09771761254881928,0.4799655442984405,0.0
0.09771761254881928,0.5672320068981569,0.0
0.09771761254881928,0.6544984694978735,1.0
0.09771761254881928,0.7417649320975901,1.0
0.09771761254881928,0.8290313946973065,1.0
0.09771761254881928,0.9162978572970228,1.0
0.09771761254881928,1.0035643198967392,0.0
0.09771761254881928,1.0908307824964556,2.0
0.09771761254881928,1.178097245096172,1.0
0.09771761254881928,1.2653637076958888,0.0
0.09771761254881928,1.3526301702956056,1.0
0.09771761254881928,1.439896632895322,1.0
0.09771761254881928,1.5271630954950384,1.0
0.09771761254881928,1.6144295580947547,1.0
0.09771761254881928,1.7016960206944711,0.0
0.09771761254881928,1.7889624832941875,3.0
0.09771761254881928,1.8762289458939039,0.0
0.09771761254881928,1.9634954084936203,1.0
0.09771761254881928,2.050761871093337,1.0
0.09771761254881928,2.138028333693054,1.0
0.09771761254881928,2.2252947962927703,1.0
0.09771761254881928,2.3125612588924866,0.0
0.09771761254881928,2.399827721492203,0.0
0.09771761254881928,2.4870941840919194,0.0
0.09771761254881928,2.574360646691636,0.0
0.09771761254881928,2.661627109291352,0.0
0.09771761254881928,2.7488935718910685,1.0
0.09771761254881928,2.8361600344907854,3.0
0.09771761254881928,2.923426497090502,0.0
0.09771761254881928,3.0106929596902186,2.0
0.09771761254881928,3.097959422289935,1.0
0.1374520981674714,-3.097959422289935,1.0
0.1374520981674714,-3.0106929596902186,0.0
0.1374520981674714,-2.923426497090502,2.0
0.1374520981674714,-2.8361600344907854,2.0
0.1374520981674714,-2.748893571891069,0.0
0.1374520981674714,-2.6616271092913526,0.0
0.1374520981674714,-2.574360646691636,0.0
0.1374520981674714,-2.4870941840919194,0.0
0.1374520981674714,-2.399827721492203,0.0
0.1374520981674714,-2.3125612588924866,1.0
0.1374520981674714,-2.2252947962927703,1.0
0.1374520981674714,-2.138028333693054,2.0
0.1374520981674714,-2.0507618710933375,3.0
0.1374520981674714,-1.9634954084936207,0.0
0.1374520981674714,-1.8762289458939043,2.0
0.1374520981674714,-1.7889624832941877,0.0
0.1374520981674714,-1.7016960206944713,1.0
0.1374520981674714,-1.6144295580947547,0.0
0.1374520981674714,-1.5271630954950384,1.0
0.1374520981674714,-1.439896632895322,0.0
0.1374520981674714,-1.3526301702956054,2.0
0.1374520981674714,-1.2653637076958888,0.0
0.1374520981674714,-1.1780972450961724,0.0
0.1374520981674714,-1.090830782496456,0.0
0.1374520981674714,-1.0035643198967397,0.0
0.1374520981674714,-0.9162978572970231,1.0
0.1374520981674714,-0.8290313946973065,0.0
0.1374520981674714,-0.7417649320975901,1.0
0.1374520981674714,-0.6544984694978737,3.0
0.1374520981674714,-0.5672320068981571,0.0
0.1374520981674714,-0.4799655442984405,2.0
0.1374520981674714,-0.39269908169872414,0.0
0.1374520981674714,-0.30543261909900776,1.0
0.1374520981674714,-0.21816615649929139,0.0
0.1374520981674714,-0.1308996938995748,1.0
0.1374520981674714,-0.04363323129985819,0.0
0.1374520981674714,0.04363323129985819,1.0
0.1374520981674714,0.13089969389957457,1.0
0.1374520981674714,0.21816615649929116,0.0
0.1374520981674714,0.30543261909900776,3.0
0.1374520981674714,0.39269908169872414,0.0
0.1374520981674714,0.4799655442984405,3.0
0.1374520981674714,0.5672320068981569,0.0
0.1374520981674714,0.6544984694978735,2.0
0.1374520981674714,0.7417649320975901,0.0
0.1374520981674714,0.8290313946973065,0.0
0.1374520981674714,0.9162978572970228,2.0
0.1374520981674714,1.0035643198967392,0.0
0.1374520981674714,1.0908307824964556,4.0
0.1374520981674714,1.178097245096172,1.0
0.1374520981674714,1.2653637076958888,0.0
0.1374520981674714,1.3526301702956056,0.0
0.1374520981674714,1.439896632895322,1.0
0.1374520981674714,1.5271630954950384,2.0
0.1374520981674714,1.6144295580947547,0.0
0.1374520981674714,1.7016960206944711,2.0
0.1374520981674714,1.7889624832941875,0.0
0.1374520981674714,1.8762289458939039,1.0
0.1374520981674714,1.9634954084936203,0.0
0.1374520981674714,2.050761871093337,1.0
0.1374520981674714,2.138028333693054,0.0
0.1374520981674714,2.2252947962927703,3.0
0.1374520981674714,2.3125612588924866,1.0
0.1374520981674714,2.399827721492203,3.0
0.1374520981674714,2.4870941840919194,1.0
0.1374520981674714,2.574360646691636,0.0
0.1374520981674714,2.661627109291352,2.0
0.1374520981674714,2.7488935718910685,0.0
0.1374520981674714,2.8361600344907854,2.0
0.1374520981674714,2.923426497090502,1.0
0.1374520981674714,3.0106929596902186,0.0
0.1374520981674714,3.097959422289935,0.0
0.1771865837861235,-3.097959422289935,0.0
0.1771865837861235,-3.0106929596902186,1.0
0.1771865837861235,-2.923426497090502,0.0
0.1771865837861235,-2.8361600344907854,1.0
0.1771865837861235,-2.748893571891069,0.0
0.1771865837861235,-2.6616271092913526,0.0
0.1771865837861235,-2.574360646691636,0.0
0.1771865837861235,-2.4870941840919194,0.0
0.1771865837861235,-2.399827721492203,1.0
0.1771865837861235,-2.3125612588924866,2.0
0.1771865837861235,-2.2252947962927703,0.0
0.1771865837861235,-2.138028333693054,0.0
0.1771865837861235,-2.0507618710933375,2.0
0.1771865837861235,-1.9634954084936207,0.0
0.1771865837861235,-1.8762289458939043,1.0
0.1771865837861235,-1.7889624832941877,2.0
0.1771865837861235,-1.7016960206944713,2.0
0.1771865837861235,-1.6144295580947547,0.0
0.1771865837861235,-1.5271630954950384,0.0
0.1771865837861235,-1.439896632895322,1.0
0.1771865837861235,-1.3526301702956054,1.0
0.1771865837861235,-1.2653637076958888,0.0
0.1771865837861235,-1.1780972450961724,2.0
0.1771865837861235,-1.090830782496456,0.0
0.1771865837861235,-1.0035643198967397,4.0
0.1771865837861235,-0.9162978572970231,0.0
0.1771865837861235,-0.8290313946973065,0.0
0.1771865837861235,-0.7417649320975901,0.0
0.1771865837861235,-0.6544984694978737,1.0
0.1771865837861235,-0.5672320068981571,1.0
0.1771865837861235,-0.4799655442984405,2.0
0.1771865837861235,-0.39269908169872414,1.0
0.1771865837861235,-0.30543261909900776,1.0
0.1771865837861235,-0.21816615649929139,4.0
0.1771865837861235,-0.1308996938995748,2.0
0.1771865837861235,-0.04363323129985819,1.0
0.1771865837861235,0.04363323129985819,1.0
0.1771865837861235,0.13089969389957457,0.0
0.1771865837861235,0.21816615649929116,1.0
0.1771865837861235,0.30543261909900776,0.0
0.1771865837861235,0.39269908169872414,1.0
0.1771865837861235,0.4799655442984405,0.0
0.1771865837861235,0.5672320068981569,0.0
0.1771865837861235,0.6544984694978735,0.0
0.1771865837861235,0.7417649320975901,0.0
0.1771865837861235,0.8290313946973065,2.0
0.1771865837861235,0.9162978572970228,1.0
0.1771865837861235,1.0035643198967392,0.0
0.1771865837861235,1.0908307824964556,0.0
0.1771865837861235,1.178097245096172,0.0
0.1771865837861235,1.2653637076958888,0.0
0.1771865837861235,1.3526301702956056,1.0
0.1771865837861235,1.439896632895322,1.0
0.1771865837861235,1.5271630954950384,2.0
0.1771865837861235,1.6144295580947547,0.0
0.1771865837861235,1.7016960206944711,1.0
0.1771865837861235,1.7889624832941875,1.0
0.1771865837861235,1.8762289458939039,0.0
0.1771865837861235,1.9634954084936203,0.0
0.1771865837861235,2.050761871093337,1.0
0.1771865837861235,2.138028333693054,0.0
0.1771865837861235,2.2252947962927703,1.0
0.1771865837861235,2.3125612588924866,0.0
0.1771865837861235,2.399827721492203,3.0
0.1771865837861235,2.4870941840919194,0.0
0.1771865837861235,2.574360646691636,0.0
0.1771865837861235,2.661627109291352,0.0
0.1771865837861235,2.7488935718910685,0.0
0.1771865837861235,2.8361600344907854,1.0
0.1771865837861235,2.923426497090502,1.0
0.1771865837861235,3.0106929596902186,0.0
0.1771865837861235,3.097959422289935,1.0
0.21692106940477562,-3.097959422289935,0.0
0.21692106940477562,-3.0106929596902186,2.0
0.21692106940477562,-2.923426497090502,0.0
0.21692106940477562,-2.8361600344907854,0.0
0.21692106940477562,-2.748893571891069,1.0
0.21692106940477562,-2.6616271092913526,0.0
0.21692106940477562,-2.574360646691636,1.0
0.21692106940477562,-2.4870941840919194,0.0
0.21692106940477562,-2.399827721492203,0.0
0.21692106940477562,-2.3125612588924866,0.0
0.21692106940477562,-2.2252947962927703,2.0
0.21692106940477562,-2.138028333693054,1.0
0.21692106940477562,-2.0507618710933375,1.0
0.21692106940477562,-1.9634954084936207,0.0
0.21692106940477562,-1.8762289458939043,0.0
0.21692106940477562,-1.7889624832941877,1.0
0.21692106940477562,-1.7016960206944713,0.0
0.21692106940477562,-1.6144295580947547,0.0
0.21692106940477562,-1.5271630954950384,1.0
0.21692106940477562,-1.439896632895322,3.0
0.21692106940477562,-1.3526301702956054,1.0
0.21692106940477562,-1.2653637076958888,1.0
0.21692106940477562,-1.1780972450961724,0.0
0.21692106940477562,-1.090830782496456,1.0
0.21692106940477562,-1.0035643198967397,1.0
0.21692106940477562,-0.9162978572970231,1.0
0.21692106940477562,-0.8290313946973065,2.0
0.21692106940477562,-0.7417649320975901,0.0
0.21692106940477562,-0.6544984694978737,1.0
0.21692106940477562,-0.5672320068981571,1.0
0.21692106940477562,-0.4799655442984405,0.0
0.21692106940477562,-0.39269908169872414,0.0
0.21692106940477562,-0.30543261909900776,1.0
0.21692106940477562,-0.21816615649929139,0.0
0.21692106940477562,-0.1308996938995748,2.0
0.21692106940477562,-0.04363323129985819,0.0
0.21692106940477562,0.04363323129985819,2.0
0.21692106940477562,0.13089969389957457,0.0
0.21692106940477562,0.21816615649929116,1.0
0.21692106940477562,0.30543261909900776,0.0
0.21692106940477562,0.39269908169872414,0.0
0.21692106940477562,0.4799655442984405,1.0
0.21692106940477562,0.5672320068981569,0.0
0.21692106940477562,0.6544984694978735,1.0
0.21692106940477562,0.7417649320975901,0.0
0.21692106940477562,0.8290313946973065,0.0
0.21692106940477562,0.9162978572970228,1.0
0.21692106940477562,1.0035643198967392,0.0
0.21692106940477562,1.0908307824964556,0.0
0.21692106940477562,1.178097245096172,0.0
0.21692106940477562,1.2653637076958888,1.0
0.21692106940477562,1.3526301702956056,2.0
0.21692106940477562,1.439896632895322,2.0
0.21692106940477562,1.5271630954950384,2.0
0.21692106940477562,1.6144295580947547,0.0
0.21692106940477562,1.7016960206944711,2.0
0.21692106940477562,1.7889624832941875,0.0
0.21692106940477562,1.8762289458939039,1.0
0.21692106940477562,1.9634954084936203,1.0
0.21692106940477562,2.050761871093337,0.0
0.21692106940477562,2.138028333693054,0.0
0.21692106940477562,2.2252947962927703,0.0
0.21692106940477562,2.3125612588924866,0.0
0.21692106940477562,2.399827721492203,0.0
0.21692106940477562,2.4870941840919194,1.0
0.21692106940477562,2.574360646691636,2.0
0.21692106940477562,2.661627109291352,0.0
0.21692106940477562,2.7488935718910685,1.0
0.21692106940477562,2.8361600344907854,0.0
0.21692106940477562,2.923426497090502,0.0
0.21692106940477562,3.0106929596902186,0.0
0.21692106940477562,3.097959422289935,0.0
0.25665555502342774,-3.097959422289935,3.0
0.25665555502342774,-3.0106929596902186,2.0
0.25665555502342774,-2.923426497090502,2.0
0.25665555502342774,-2.8361600344907854,3.0
0.25665555502342774,-2.748893571891069,0.0
0.25665555502342774,-2.6616271092913526,0.0
0.25665555502342774,-2.574360646691636,0.0
0.25665555502342774,-2.4870941840919194,0.0
0.25665555502342774,-2.399827721492203,1.0
0.25665555502342774,-2.3125612588924866,1.0
0.25665555502342774,-2.2252947962927703,0.0
0.25665555502342774,-2.138028333693054,2.0
0.25665555502342774,-2.0507618710933375,1.0
0.25665555502342774,-1.9634954084936207,1.0
0.25665555502342774,-1.8762289458939043,0.0
0.25665555502342774,-1.7889624832941877,0.0
0.25665555502342774,-1.7016960206944713,2.0
0.25665555502342774,-1.6144295580947547,0.0
0.25665555502342774,-1.5271630954950384,2.0
0.25665555502342774,-1.439896632895322,0.0
0.25665555502342774,-1.3526301702956054,1.0
0.25665555502342774,-1.2653637076958888,0.0
0.25665555502342774,-1.1780972450961724,0.0
0.25665555502342774,-1.090830782496456,1.0
0.25665555502342774,-1.0035643198967397,1.0
0.25665555502342774,-0.9162978572970231,0.0
0.25665555502342774,-0.8290313946973065,1.0
0.25665555502342774,-0.7417649320975901,2.0
0.25665555502342774,-0.6544984694978737,0.0
0.25665555502342774,-0.5672320068981571,1.0
0.25665555502342774,-0.4799655442984405,0.0
0.25665555502342774,-0.39269908169872414,2.0
0.25665555502342774,-0.30543261909900776,2.0
0.25665555502342774,-0.21816615649929139,1.0
0.25665555502342774,-0.1308996938995748,1.0
0.25665555502342774,-0.04363323129985819,1.0
0.25665555502342774,0.04363323129985819,1.0
0.25665555502342774,0.13089969389957457,1.0
0.25665555502342774,0.21816615649929116,1.0
0.25665555502342774,0.30543261909900776,2.0
0.25665555502342774,0.39269908169872414,0.0
0.25665555502342774,0.4799655442984405,1.0
0.25665555502342774,0.5672320068981569,0.0
0.25665555502342774,0.6544984694978735,0.0
0.25665555502342774,0.7417649320975901,1.0
0.25665555502342774,0.8290313946973065,1.0
0.25665555502342774,0.9162978572970228,1.0
0.25665555502342774,1.0035643198967392,1.0
0.25665555502342774,1.0908307824964556,1.0
0.25665555502342774,1.178097245096172,0.0
0.25665555502342774,1.2653637076958888,0.0
0.25665555502342774,1.3526301702956056,0.0
0.25665555502342774,1.439896632895322,0.0
0.25665555502342774,1.5271630954950384,2.0
0.25665555502342774,1.6144295580947547,1.0
0.25665555502342774,1.7016960206944711,0.0
0.25665555502342774,1.7889624832941875,0.0
0.25665555502342774,1.8762289458939039,0.0
0.25665555502342774,1.9634954084936203,1.0
0.25665555502342774,2.050761871093337,0.0
0.25665555502342774,2.138028333693054,2.0
0.25665555502342774,2.2252947962927703,0.0
0.25665555502342774,2.3125612588924866,0.0
0.25665555502342774,2.399827721492203,0.0
0.25665555502342774,2.4870941840919194,0.0
0.25665555502342774,2.574360646691636,0.0
0.25665555502342774,2.661627109291352,1.0
0.25665555502342774,2.7488935718910685,1.0
0.25665555502342774,2.8361600344907854,1.0
0.25665555502342774,2.923426497090502,1.0
0.25665555502342774,3.0106929596902186,1.0
0.25665555502342774,3.097959422289935,1.0
0.29639004064207986,-3.097959422289935,0.0
0.29639004064207986,-3.0106929596902186,0.0
0.29639004064207986,-2.923426497090502,0.0
0.29639004064207986,-2.8361600344907854,1.0
0.29639004064207986,-2.748893571891069,2.0
0.29639004064207986,-2.6616271092913526,1.0
0.29639004064207986,-2.574360646691636,0.0
0.29639004064207986,-2.4870941840919194,1.0
0.29639004064207986,-2.399827721492203,1.0
0.29639004064207986,-2.3125612588924866,2.0
0.29639004064207986,-2.2252947962927703,0.0
0.29639004064207986,-2.138028333693054,2.0
0.29639004064207986,-2.0507618710933375,2.0
0.29639004064207986,-1.9634954084936207,0.0
0.29639004064207986,-1.8762289458939043,0.0
0.29639004064207986,-1.7889624832941877,0.0
0.29639004064207986,-1.7016960206944713,1.0
0.29639004064207986,-1.6144295580947547,0.0
0.29639004064207986,-1.5271630954950384,1.0
0.29639004064207986,-1.439896632895322,1.0
0.29639004064207986,-1.3526301702956054,0.0
0.29639004064207986,-1.2653637076958888,3.0
0.29639004064207986,-1.1780972450961724,1.0
0.29639004064207986,-1.090830782496456,0.0
0.29639004064207986,-1.0035643198967397,0.0
0.29639004064207986,-0.9162978572970231,0.0
0.29639004064207986,-0.8290313946973065,0.0
0.29639004064207986,-0.7417649320975901,3.0
0.29639004064207986,-0.6544984694978737,0.0
0.29639004064207986,-0.5672320068981571,0.0
0.29639004064207986,-0.4799655442984405,1.0
0.29639004064207986,-0.39269908169872414,1.0
0.29639004064207986,-0.30543261909900776,1.0
0.29639004064207986,-0.21816615649929139,0.0
0.29639004064207986,-0.1308996938995748,2.0
0.29639004064207986,-0.04363323129985819,0.0
0.29639004064207986,0.04363323129985819,1.0
0.29639004064207986,0.13089969389957457,0.0
0.29639004064207986,0.21816615649929116,0.0
0.29639004064207986,0.30543261909900776,0.0
0.29639004064207986,0.39269908169872414,2.0
0.29639004064207986,0.4799655442984405,1.0
0.29639004064207986,0.5672320068981569,1.0
0.29639004064207986,0.6544984694978735,0.0
0.29639004064207986,0.7417649320975901,0.0
0.29639004064207986,0.8290313946973065,0.0
0.29639004064207986,0.9162978572970228,0.0
0.29639004064207986,1.0035643198967392,2.0
0.29639004064207986,1.0908307824964556,1.0
0.29639004064207986,1.178097245096172,0.0
0.29639004064207986,1.2653637076958888,1.0
0.29639004064207986,1.3526301702956056,0.0
0.29639004064207986,1.439896632895322,0.0
0.29639004064207986,1.5271630954950384,0.0
0.29639004064207986,1.6144295580947547,1.0
0.29639004064207986,1.7016960206944711,1.0
0.29639004064207986,1.7889624832941875,2.0
0.29639004064207986,1.8762289458939039,0.0
0.29639004064207986,1.9634954084936203,0.0
0.29639004064207986,2.050761871093337,0.0
0.29639004064207986,2.138028333693054,0.0
0.29639004064207986,2.2252947962927703,0.0
0.29639004064207986,2.3125612588924866,0.0
0.29639004064207986,2.399827721492203,2.0
0.29639004064207986,2.4870941840919194,0.0
0.29639004064207986,2.574360646691636,0.0
0.29639004064207986,2.661627109291352,1.0
0.29639004064207986,2.7488935718910685,2.0
0.29639004064207986,2.8361600344907854,0.0
0.29639004064207986,2.923426497090502,0.0
0.29639004064207986,3.0106929596902186,0.0
0.29639004064207986,3.097959422289935,1.0
0.33612452626073197,-3.097959422289935,1.0
0.33612452626073197,-3.0106929596902186,0.0
0.33612452626073197,-2.923426497090502,1.0
0.33612452626073197,-2.8361600344907854,1.0
0.33612452626073197,-2.748893571891069,1.0
0.33612452626073197,-2.6616271092913526,1.0
0.33612452626073197,-2.574360646691636,0.0
0.33612452626073197,-2.4870941840919194,0.0
0.33612452626073197,-2.399827721492203,0.0
0.33612452626073197,-2.3125612588924866,0.0
0.33612452626073197,-2.2252947962927703,0.0
0.33612452626073197,-2.138028333693054,0.0
0.33612452626073197,-2.0507618710933375,0.0
0.33612452626073197,-1.9634954084936207,1.0
0.33612452626073197,-1.8762289458939043,0.0
0.33612452626073197,-1.7889624832941877,0.0
0.33612452626073197,-1.7016960206944713,0.0
0.33612452626073197,-1.6144295580947547,0.0
0.33612452626073197,-1.5271630954950384,0.0
0.33612452626073197,-1.439896632895322,1.0
0.33612452626073197,-1.3526301702956054,2.0
0.33612452626073197,-1.2653637076958888,0.0
0.33612452626073197,-1.1780972450961724,0.0
0.33612452626073197,-1.090830782496456,0.0
0.33612452626073197,-1.0035643198967397,0.0
0.33612452626073197,-0.9162978572970231,1.0
0.33612452626073197,-0.8290313946973065,0.0
0.33612452626073197,-0.7417649320975901,1.0
0.33612452626073197,-0.6544984694978737,0.0
0.33612452626073197,-0.5672320068981571,0.0
0.33612452626073197,-0.4799655442984405,0.0
0.33612452626073197,-0.39269908169872414,1.0
0.33612452626073197,-0.30543261909900776,1.0
0.33612452626073197,-0.21816615649929139,0.0
0.33612452626073197,-0.1308996938995748,1.0
0.33612452626073197,-0.04363323129985819,2.0
0.33612452626073197,0.04363323129985819,0.0
0.33612452626073197,0.13089969389957457,0.0
0.33612452626073197,0.21816615649929116,0.0
0.33612452626073197,0.30543261909900776,1.0
0.33612452626073197,0.39269908169872414,0.0
0.33612452626073197,0.4799655442984405,0.0
0.33612452626073197,0.5672320068981569,1.0
0.33612452626073197,0.6544984694978735,1.0
0.33612452626073197,0.7417649320975901,0.0
0.33612452626073197,0.8290313946973065,1.0
0.33612452626073197,0.9162978572970228,0.0
0.33612452626073197,1.0035643198967392,1.0
0.33612452626073197,1.0908307824964556,1.0
0.33612452626073197,1.178097245096172,0.0
0.33612452626073197,1.2653637076958888,0.0
0.33612452626073197,1.3526301702956056,1.0
0.33612452626073197,1.439896632895322,2.0
0.33612452626073197,1.5271630954950384,0.0
0.33612452626073197,1.6144295580947547,1.0
0.33612452626073197,1.7016960206944711,0.0
0.33612452626073197,1.7889624832941875,0.0
0.33612452626073197,1.8762289458939039,0.0
0.33612452626073197,1.9634954084936203,1.0
0.33612452626073197,2.050761871093337,0.0
0.33612452626073197,2.138028333693054,3.0
0.33612452626073197,2.2252947962927703,0.0
0.33612452626073197,2.3125612588924866,0.0
0.33612452626073197,2.399827721492203,1.0
0.33612452626073197,2.4870941840919194,0.0
0.33612452626073197,2.574360646691636,2.0
0.33612452626073197,2.661627109291352,1.0
0.33612452626073197,2.7488935718910685,0.0
0.33612452626073197,2.8361600344907854,0.0
0.33612452626073197,2.923426497090502,0.0
0.33612452626073197,3.0106929596902186,0.0
0.33612452626073197,3.097959422289935,1.0
0.3758590118793841,-3.097959422289935,0.0
0.3758590118793841,-3.0106929596902186,0.0
0.3758590118793841,-2.923426497090502,0.0
0.3758590118793841,-2.8361600344907854,0.0
0.3758590118793841,-2.748893571891069,0.0
0.3758590118793841,-2.6616271092913526,1.0
0.3758590118793841,-2.574360646691636,1.0
0.3758590118793841,-2.4870941840919194,1.0
0.3758590118793841,-2.399827721492203,0.0
0.3758590118793841,-2.3125612588924866,2.0
0.3758590118793841,-2.2252947962927703,2.0
0.3758590118793841,-2.138028333693054,0.0
0.3758590118793841,-2.0507618710933375,0.0
0.3758590118793841,-1.9634954084936207,1.0
0.3758590118793841,-1.8762289458939043,0.0
0.3758590118793841,-1.7889624832941877,0.0
0.3758590118793841,-1.7016960206944713,0.0
0.3758590118793841,-1.6144295580947547,2.0
0.3758590118793841,-1.5271630954950384,2.0
0.3758590118793841,-1.439896632895322,0.0
0.3758590118793841,-1.3526301702956054,0.0
0.3758590118793841,-1.2653637076958888,2.0
0.3758590118793841,-1.1780972450961724,0.0
0.3758590118793841,-1.090830782496456,0.0
0.3758590118793841,-1.0035643198967397,0.0
0.3758590118793841,-0.9162978572970231,1.0
0.3758590118793841,-0.8290313946973065,0.0
0.3758590118793841,-0.7417649320975901,1.0
0.3758590118793841,-0.6544984694978737,0.0
0.3758590118793841,-0.5672320068981571,1.0
0.3758590118793841,-0.4799655442984405,0.0
0.3758590118793841,-0.39269908169872414,1.0
0.3758590118793841,-0.30543261909900776,0.0
0.3758590118793841,-0.21816615649929139,0.0
0.3758590118793841,-0.1308996938995748,0.0
0.3758590118793841,-0.04363323129985819,0.0
0.3758590118793841,0.04363323129985819,0.0
0.3758590118793841,0.13089969389957457,0.0
0.3758590118793841,0.21816615649929116,1.0
0.3758590118793841,0.30543261909900776,2.0
0.3758590118793841,0.39269908169872414,1.0
0.3758590118793841,0.4799655442984405,0.0
0.3758590118793841,0.5672320068981569,1.0
0.3758590118793841,0.6544984694978735,0.0
0.3758590118793841,0.7417649320975901,1.0
0.3758590118793841,0.8290313946973065,0.0
0.3758590118793841,0.9162978572970228,2.0
0.3758590118793841,1.0035643198967392,0.0
0.3758590118793841,1.0908307824964556,0.0
0.3758590118793841,1.178097245096172,0.0
0.3758590118793841,1.2653637076958888,0.0
0.3758590118793841,1.3526301702956056,0.0
0.3758590118793841,1.439896632895322,0.0
0.3758590118793841,1.5271630954950384,0.0
0.3758590118793841,1.6144295580947547,0.0
0.3758590118793841,1.7016960206944711,1.0
0.3758590118793841,1.7889624832941875,1.0
0.3758590118793841,1.8762289458939039,0.0
0.3758590118793841,1.9634954084936203,1.0
0.3758590118793841,2.050761871093337,0.0
0.3758590118793841,2.138028333693054,1.0
0.3758590118793841,2.2252947962927703,1.0
0.3758590118793841,2.3125612588924866,0.0
0.3758590118793841,2.399827721492203,0.0
0.3758590118793841,2.4870941840919194,0.0
0.3758590118793841,2.574360646691636,0.0
0.3758590118793841,2.661627109291352,0.0
0.3758590118793841,2.7488935718910685,0.0
0.3758590118793841,2.8361600344907854,0.0
0.3758590118793841,2.923426497090502,0.0
0.3758590118793841,3.0106929596902186,2.0
0.3758590118793841,3.097959422289935,0.0
0.4155934974980363,-3.097959422289935,1.0
0.4155934974980363,-3.0106929596902186,1.0
0.4155934974980363,-2.923426497090502,0.0
0.4155934974980363,-2.8361600344907854,0.0
0.4155934974980363,-2.748893571891069,1.0
0.4155934974980363,-2.6616271092913526,1.0
0.4155934974980363,-2.574360646691636,0.0
0.4155934974980363,-2.4870941840919194,0.0
0.4155934974980363,-2.399827721492203,0.0
0.4155934974980363,-2.3125612588924866,0.0
0.4155934974980363,-2.2252947962927703,1.0
0.4155934974980363,-2.138028333693054,1.0
0.4155934974980363,-2.0507618710933375,1.0
0.4155934974980363,-1.9634954084936207,0.0
0.4155934974980363,-1.8762289458939043,0.0
0.4155934974980363,-1.7889624832941877,2.0
0.4155934974980363,-1.7016960206944713,0.0
0.4155934974980363,-1.6144295580947547,0.0
0.4155934974980363,-1.5271630954950384,0.0
0.4155934974980363,-1.439896632895322,0.0
0.4155934974980363,-1.3526301702956054,0.0
0.4155934974980363,-1.2653637076958888,0.0
0.4155934974980363,-1.1780972450961724,1.0
0.4155934974980363,-1.090830782496456,0.0
0.4155934974980363,-1.0035643198967397,1.0
0.4155934974980363,-0.9162978572970231,1.0
0.4155934974980363,-0.8290313946973065,0.0
0.4155934974980363,-0.7417649320975901,0.0
0.4155934974980363,-0.6544984694978737,2.0
0.4155934974980363,-0.5672320068981571,0.0
0.4155934974980363,-0.4799655442984405,1.0
0.4155934974980363,-0.39269908169872414,1.0
0.4155934974980363,-0.30543261909900776,0.0
0.4155934974980363,-0.21816615649929139,0.0
0.4155934974980363,-0.1308996938995748,1.0
0.4155934974980363,-0.04363323129985819,0.0
0.4155934974980363,0.04363323129985819,1.0
0.4155934974980363,0.13089969389957457,1.0
0.4155934974980363,0.21816615649929116,0.0
0.4155934974980363,0.30543261909900776,1.0
0.4155934974980363,0.39269908169872414,0.0
0.4155934974980363,0.4799655442984405,1.0
0.4155934974980363,0.5672320068981569,0.0
0.4155934974980363,0.6544984694978735,0.0
0.4155934974980363,0.7417649320975901,2.0
0.4155934974980363,0.8290313946973065,2.0
0.4155934974980363,0.9162978572970228,0.0
0.4155934974980363,1.0035643198967392,0.0
0.4155934974980363,1.0908307824964556,1.0
0.4155934974980363,1.178097245096172,0.0
0.4155934974980363,1.2653637076958888,0.0
0.4155934974980363,1.3526301702956056,1.0
0.4155934974980363,1.439896632895322,1.0
0.4155934974980363,1.5271630954950384,0.0
0.4155934974980363,1.6144295580947547,0.0
0.4155934974980363,1.7016960206944711,0.0
0.4155934974980363,1.7889624832941875,1.0
0.4155934974980363,1.8762289458939039,1.0
0.4155934974980363,1.9634954084936203,0.0
0.4155934974980363,2.050761871093337,0.0
0.4155934974980363,2.138028333693054,0.0
0.4155934974980363,2.2252947962927703,2.0
0.4155934974980363,2.3125612588924866,3.0
0.4155934974980363,2.399827721492203,0.0
0.4155934974980363,2.4870941840919194,1.0
0.4155934974980363,2.574360646691636,0.0
0.4155934974980363,2.661627109291352,3.0
0.4155934974980363,2.7488935718910685,0.0
0.4155934974980363,2.8361600344907854,1.0
0.4155934974980363,2.923426497090502,2.0
0.4155934974980363,3.0106929596902186,0.0
0.4155934974980363,3.097959422289935,0.0
0.45532798311668854,-3.097959422289935,0.0
0.45532798311668854,-3.0106929596902186,0.0
0.45532798311668854,-2.923426497090502,1.0
0.45532798311668854,-2.8361600344907854,2.0
0.45532798311668854,-2.748893571891069,0.0
0.45532798311668854,-2.6616271092913526,1.0
0.45532798311668854,-2.574360646691636,1.0
0.45532798311668854,-2.4870941840919194,1.0
0.45532798311668854,-2.399827721492203,0.0
0.45532798311668854,-2.3125612588924866,1.0
0.45532798311668854,-2.2252947962927703,0.0
0.45532798311668854,-2.138028333693054,0.0
0.45532798311668854,-2.0507618710933375,0.0
0.45532798311668854,-1.9634954084936207,0.0
0.45532798311668854,-1.8762289458939043,0.0
0.45532798311668854,-1.7889624832941877,0.0
0.45532798311668854,-1.7016960206944713,0.0
0.45532798311668854,-1.6144295580947547,0.0
0.45532798311668854,-1.5271630954950384,0.0
0.45532798311668854,-1.439896632895322,1.0
0.45532798311668854,-1.3526301702956054,0.0
0.45532798311668854,-1.2653637076958888,2.0
0.45532798311668854,-1.1780972450961724,0.0
0.45532798311668854,-1.090830782496456,0.0
0.45532798311668854,-1.0035643198967397,0.0
0.45532798311668854,-0.9162978572970231,0.0
0.45532798311668854,-0.8290313946973065,1.0
0.45532798311668854,-0.7417649320975901,2.0
0.45532798311668854,-0.6544984694978737,0.0
0.45532798311668854,-0.5672320068981571,0.0
0.45532798311668854,-0.4799655442984405,1.0
0.45532798311668854,-0.39269908169872414,0.0
0.45532798311668854,-0.30543261909900776,0.0
0.45532798311668854,-0.21816615649929139,0.0
0.45532798311668854,-0.1308996938995748,0.0
0.45532798311668854,-0.04363323129985819,0.0
0.45532798311668854,0.04363323129985819,0.0
0.45532798311668854,0.13089969389957457,1.0
0.45532798311668854,0.21816615649929116,1.0
0.45532798311668854,0.30543261909900776,2.0
0.45532798311668854,0.39269908169872414,1.0
0.45532798311668854,0.4799655442984405,1.0
0.45532798311668854,0.5672320068981569,2.0
0.45532798311668854,0.6544984694978735,0.0
0.45532798311668854,0.7417649320975901,1.0
0.45532798311668854,0.8290313946973065,0.0
0.45532798311668854,0.9162978572970228,0.0
0.45532798311668854,1.0035643198967392,1.0
0.45532798311668854,1.0908307824964556,2.0
0.45532798311668854,1.178097245096172,1.0
0.45532798311668854,1.2653637076958888,1.0
0.45532798311668854,1.3526301702956056,1.0
0.45532798311668854,1.439896632895322,1.0
0.45532798311668854,1.5271630954950384,3.0
0.45532798311668854,1.6144295580947547,0.0
0.45532798311668854,1.7016960206944711,0.0
0.45532798311668854,1.7889624832941875,0.0
0.45532798311668854,1.8762289458939039,0.0
0.45532798311668854,1.9634954084936203,1.0
0.45532798311668854,2.050761871093337,1.0
0.45532798311668854,2.138028333693054,0.0
0.45532798311668854,2.2252947962927703,0.0
0.45532798311668854,2.3125612588924866,1.0
0.45532798311668854,2.399827721492203,0.0
0.45532798311668854,2.4870941840919194,0.0
0.45532798311668854,2.574360646691636,0.0
0.45532798311668854,2.661627109291352,0.0
0.45532798311668854,2.7488935718910685,1.0
0.45532798311668854,2.8361600344907854,1.0
0.45532798311668854,2.923426497090502,2.0
0.45532798311668854,3.0106929596902186,0.0
0.45532798311668854,3.097959422289935,0.0
0.49506246873534066,-3.097959422289935,1.0
0.49506246873534066,-3.0106929596902186,2.0
0.49506246873534066,-2.923426497090502,0.0
0.49506246873534066,-2.8361600344907854,0.0
0.49506246873534066,-2.748893571891069,0.0
0.49506246873534066,-2.6616271092913526,2.0
0.49506246873534066,-2.574360646691636,0.0
0.49506246873534066,-2.4870941840919194,0.0
0.49506246873534066,-2.399827721492203,0.0
0.49506246873534066,-2.3125612588924866,1.0
0.49506246873534066,-2.2252947962927703,1.0
0.49506246873534066,-2.138028333693054,2.0
0.49506246873534066,-2.0507618710933375,1.0
0.49506246873534066,-1.9634954084936207,1.0
0.49506246873534066,-1.8762289458939043,1.0
0.49506246873534066,-1.7889624832941877,1.0
0.49506246873534066,-1.7016960206944713,1.0
0.49506246873534066,-1.6144295580947547,0.0
0.49506246873534066,-1.5271630954950384,0.0
0.49506246873534066,-1.439896632895322,0.0
0.49506246873534066,-1.3526301702956054,0.0
0.49506246873534066,-1.2653637076958888,0.0
0.49506246873534066,-1.1780972450961724,0.0
0.49506246873534066,-1.090830782496456,2.0
0.49506246873534066,-1.0035643198967397,0.0
0.49506246873534066,-0.9162978572970231,1.0
0.49506246873534066,-0.8290313946973065,0.0
0.49506246873534066,-0.7417649320975901,0.0
0.49506246873534066,-0.6544984694978737,0.0
0.49506246873534066,-0.5672320068981571,1.0
0.49506246873534066,-0.4799655442984405,0.0
0.49506246873534066,-0.39269908169872414,2.0
0.49506246873534066,-0.30543261909900776,1.0
0.49506246873534066,-0.21816615649929139,0.0
0.49506246873534066,-0.1308996938995748,1.0
0.49506246873534066,-0.04363323129985819,1.0
0.49506246873534066,0.04363323129985819,0.0
0.49506246873534066,0.13089969389957457,1.0
0.49506246873534066,0.21816615649929116,3.0
0.49506246873534066,0.30543261909900776,1.0
0.49506246873534066,0.39269908169872414,0.0
0.49506246873534066,0.4799655442984405,2.0
0.49506246873534066,0.5672320068981569,2.0
0.49506246873534066,0.6544984694978735,0.0
0.49506246873534066,0.7417649320975901,0.0
0.49506246873534066,0.8290313946973065,1.0
0.49506246873534066,0.9162978572970228,0.0
0.49506246873534066,1.0035643198967392,2.0
0.49506246873534066,1.0908307824964556,0.0
0.49506246873534066,1.178097245096172,0.0
0.49506246873534066,1.2653637076958888,0.0
0.49506246873534066,1.3526301702956056,0.0
0.49506246873534066,1.439896632895322,0.0
0.49506246873534066,1.5271630954950384,0.0
0.49506246873534066,1.6144295580947547,0.0
0.49506246873534066,1.7016960206944711,1.0
0.49506246873534066,1.7889624832941875,0.0
0.49506246873534066,1.8762289458939039,1.0
0.49506246873534066,1.9634954084936203,1.0
0.49506246873534066,2.050761871093337,0.0
0.49506246873534066,2.138028333693054,1.0
0.49506246873534066,2.2252947962927703,1.0
0.49506246873534066,2.3125612588924866,0.0
0.49506246873534066,2.399827721492203,1.0
0.49506246873534066,2.4870941840919194,0.0
0.49506246873534066,2.574360646691636,0.0
0.49506246873534066,2.661627109291352,1.0
0.49506246873534066,2.7488935718910685,1.0
0.49506246873534066,2.8361600344907854,1.0
0.49506246873534066,2.923426497090502,2.0
0.49506246873534066,3.0106929596902186,2.0
0.49506246873534066,3.097959422289935,0.0
0.5347969543539928,-3.097959422289935,0.0
0.5347969543539928,-3.0106929596902186,0.0
0.5347969543539928,-2.923426497090502,0.0
0.5347969543539928,-2.8361600344907854,1.0
0.5347969543539928,-2.748893571891069,2.0
0.5347969543539928,-2.6616271092913526,2.0
0.5347969543539928,-2.574360646691636,0.0
0.5347969543539928,-2.4870941840919194,0.0
0.5347969543539928,-2.399827721492203,0.0
0.5347969543539928,-2.3125612588924866,1.0
0.5347969543539928,-2.2252947962927703,2.0
0.5347969543539928,-2.138028333693054,1.0
0.5347969543539928,-2.0507618710933375,1.0
0.5347969543539928,-1.9634954084936207,0.0
0.5347969543539928,-1.8762289458939043,0.0
0.5347969543539928,-1.7889624832941877,1.0
0.5347969543539928,-1.7016960206944713,2.0
0.5347969543539928,-1.6144295580947547,1.0
0.5347969543539928,-1.5271630954950384,1.0
0.5347969543539928,-1.439896632895322,1.0
0.5347969543539928,-1.3526301702956054,0.0
0.5347969543539928,-1.2653637076958888,0.0
0.5347969543539928,-1.1780972450961724,1.0
0.5347969543539928,-1.090830782496456,0.0
0.5347969543539928,-1.0035643198967397,0.0
0.5347969543539928,-0.9162978572970231,2.0
0.5347969543539928,-0.8290313946973065,0.0
0.5347969543539928,-0.7417649320975901,0.0
0.5347969543539928,-0.6544984694978737,1.0
0.5347969543539928,-0.5672320068981571,1.0
0.5347969543539928,-0.4799655442984405,0.0
0.5347969543539928,-0.39269908169872414,0.0
0.5347969543539928,-0.30543261909900776,1.0
0.5347969543539928,-0.21816615649929139,0.0
0.5347969543539928,-0.1308996938995748,0.0
0.5347969543539928,-0.04363323129985819,0.0
0.5347969543539928,0.04363323129985819,1.0
0.5347969543539928,0.13089969389957457,0.0
0.5347969543539928,0.21816615649929116,2.0
0.5347969543539928,0.30543261909900776,3.0
0.5347969543539928,0.39269908169872414,0.0
0.5347969543539928,0.4799655442984405,0.0
0.5347969543539928,0.5672320068981569,1.0
0.5347969543539928,0.6544984694978735,0.0
0.5347969543539928,0.7417649320975901,0.0
0.5347969543539928,0.8290313946973065,1.0
0.5347969543539928,0.9162978572970228,0.0
0.5347969543539928,1.0035643198967392,0.0
0.5347969543539928,1.0908307824964556,1.0
0.5347969543539928,1.178097245096172,1.0
0.5347969543539928,1.2653637076958888,1.0
0.5347969543539928,1.3526301702956056,0.0
0.5347969543539928,1.439896632895322,1.0
0.5347969543539928,1.5271630954950384,1.0
0.5347969543539928,1.6144295580947547,0.0
0.5347969543539928,1.7016960206944711,0.0
0.5347969543539928,1.7889624832941875,1.0
0.5347969543539928,1.8762289458939039,0.0
0.5347969543539928,1.9634954084936203,0.0
0.5347969543539928,2.050761871093337,0.0
0.5347969543539928,2.138028333693054,1.0
0.5347969543539928,2.2252947962927703,0.0
0.5347969543539928,2.3125612588924866,2.0
0.5347969543539928,2.399827721492203,0.0
0.5347969543539928,2.4870941840919194,0.0
0.5347969543539928,2.574360646691636,1.0
0.5347969543539928,2.661627109291352,0.0
0.5347969543539928,2.7488935718910685,1.0
0.5347969543539928,2.8361600344907854,0.0
0.5347969543539928,2.923426497090502,0.0
0.5347969543539928,3.0106929596902186,0.0
0.5347969543539928,3.097959422289935,0.0
0.5745314399726449,-3.097959422289935,0.0
0.5745314399726449,-3.0106929596902186,0.0
0.5745314399726449,-2.923426497090502,0.0
0.5745314399726449,-2.8361600344907854,0.0
0.5745314399726449,-2.748893571891069,1.0
0.5745314399726449,-2.6616271092913526,0.0
0.5745314399726449,-2.574360646691636,2.0
0.5745314399726449,-2.4870941840919194,1.0
0.5745314399726449,-2.399827721492203,0.0
0.5745314399726449,-2.3125612588924866,0.0
0.5745314399726449,-2.2252947962927703,1.0
0.5745314399726449,-2.138028333693054,0.0
0.5745314399726449,-2.0507618710933375,0.0
0.5745314399726449,-1.9634954084936207,0.0
0.5745314399726449,-1.8762289458939043,1.0
0.5745314399726449,-1.7889624832941877,2.0
0.5745314399726449,-1.7016960206944713,0.0
0.5745314399726449,-1.6144295580947547,1.0
0.5745314399726449,-1.5271630954950384,0.0
0.5745314399726449,-1.439896632895322,0.0
0.5745314399726449,-1.3526301702956054,2.0
0.5745314399726449,-1.2653637076958888,1.0
0.5745314399726449,-1.1780972450961724,0.0
0.5745314399726449,-1.090830782496456,2.0
0.5745314399726449,-1.0035643198967397,1.0
0.5745314399726449,-0.9162978572970231,0.0
0.5745314399726449,-0.8290313946973065,0.0
0.5745314399726449,-0.7417649320975901,1.0
0.5745314399726449,-0.6544984694978737,1.0
0.5745314399726449,-0.5672320068981571,1.0
0.5745314399726449,-0.4799655442984405,0.0
0.5745314399726449,-0.39269908169872414,0.0
0.5745314399726449,-0.30543261909900776,2.0
0.5745314399726449,-0.21816615649929139,1.0
0.5745314399726449,-0.1308996938995748,0.0
0.5745314399726449,-0.04363323129985819,0.0
0.5745314399726449,0.04363323129985819,0.0
0.5745314399726449,0.13089969389957457,0.0
0.5745314399726449,0.21816615649929116,0.0
0.5745314399726449,0.30543261909900776,0.0
0.5745314399726449,0.39269908169872414,2.0
0.5745314399726449,0.4799655442984405,2.0
0.5745314399726449,0.5672320068981569,0.0
0.5745314399726449,0.6544984694978735,2.0
0.5745314399726449,0.7417649320975901,0.0
0.5745314399726449,0.8290313946973065,0.0
0.5745314399726449,0.9162978572970228,1.0
0.5745314399726449,1.0035643198967392,0.0
0.5745314399726449,1.0908307824964556,0.0
0.5745314399726449,1.178097245096172,1.0
0.5745314399726449,1.2653637076958888,0.0
0.5745314399726449,1.3526301702956056,1.0
0.5745314399726449,1.439896632895322,0.0
0.5745314399726449,1.5271630954950384,0.0
0.5745314399726449,1.6144295580947547,1.0
0.5745314399726449,1.7016960206944711,0.0
0.5745314399726449,1.7889624832941875,0.0
0.5745314399726449,1.8762289458939039,0.0
0.5745314399726449,1.9634954084936203,2.0
0.5745314399726449,2.050761871093337,1.0
0.5745314399726449,2.138028333693054,2.0
0.5745314399726449,2.2252947962927703,0.0
0.5745314399726449,2.3125612588924866,0.0
0.5745314399726449,2.399827721492203,0.0
0.5745314399726449,2.4870941840919194,0.0
0.5745314399726449,2.574360646691636,1.0
0.5745314399726449,2.661627109291352,0.0
0.5745314399726449,2.7488935718910685,0.0
0.5745314399726449,2.8361600344907854,0.0
0.5745314399726449,2.923426497090502,0.0
0.5745314399726449,3.0106929596902186,1.0
0.5745314399726449,3.097959422289935,0.0
0.614265925591297,-3.097959422289935,1.0
0.614265925591297,-3.0106929596902186,0.0
0.614265925591297,-2.923426497090502,1.0
0.614265925591297,-2.8361600344907854,0.0
0.614265925591297,-2.748893571891069,0.0
0.614265925591297,-2.6616271092913526,0.0
0.614265925591297,-2.574360646691636,1.0
0.614265925591297,-2.4870941840919194,1.0
0.614265925591297,-2.399827721492203,0.0
0.614265925591297,-2.3125612588924866,0.0
0.614265925591297,-2.2252947962927703,0.0
0.614265925591297,-2.138028333693054,0.0
0.614265925591297,-2.0507618710933375,0.0
0.614265925591297,-1.9634954084936207,1.0
0.614265925591297,-1.8762289458939043,1.0
0.614265925591297,-1.7889624832941877,0.0
0.614265925591297,-1.7016960206944713,1.0
0.614265925591297,-1.6144295580947547,0.0
0.614265925591297,-1.5271630954950384,0.0
0.614265925591297,-1.439896632895322,1.0
0.614265925591297,-1.3526301702956054,1.0
0.614265925591297,-1.2653637076958888,0.0
0.614265925591297,-1.1780972450961724,0.0
0.614265925591297,-1.090830782496456,3.0
0.614265925591297,-1.0035643198967397,3.0
0.614265925591297,-0.9162978572970231,2.0
0.614265925591297,-0.8290313946973065,0.0
0.614265925591297,-0.7417649320975901,1.0
0.614265925591297,-0.6544984694978737,0.0
0.614265925591297,-0.5672320068981571,1.0
0.614265925591297,-0.4799655442984405,0.0
0.614265925591297,-0.39269908169872414,0.0
0.614265925591297,-0.30543261909900776,0.0
0.614265925591297,-0.21816615649929139,0.0
0.614265925591297,-0.1308996938995748,1.0
0.614265925591297,-0.04363323129985819,0.0
0.614265925591297,0.04363323129985819,1.0
0.614265925591297,0.13089969389957457,1.0
0.614265925591297,0.21816615649929116,0.0
0.614265925591297,0.30543261909900776,0.0
0.614265925591297,0.39269908169872414,2.0
0.614265925591297,0.4799655442984405,2.0
0.614265925591297,0.5672320068981569,0.0
0.614265925591297,0.6544984694978735,0.0
0.614265925591297,0.7417649320975901,0.0
0.614265925591297,0.8290313946973065,0.0
0.614265925591297,0.9162978572970228,0.0
0.614265925591297,1.0035643198967392,1.0
0.614265925591297,1.0908307824964556,0.0
0.614265925591297,1.178097245096172,0.0
0.614265925591297,1.2653637076958888,1.0
0.614265925591297,1.3526301702956056,3.0
0.614265925591297,1.439896632895322,0.0
0.614265925591297,1.5271630954950384,0.0
0.614265925591297,1.6144295580947547,0.0
0.614265925591297,1.7016960206944711,0.0
0.614265925591297,1.7889624832941875,0.0
0.614265925591297,1.8762289458939039,0.0
0.614265925591297,1.9634954084936203,0.0
0.614265925591297,2.050761871093337,0.0
0.614265925591297,2.138028333693054,0.0
0.614265925591297,2.2252947962927703,0.0
0.614265925591297,2.3125612588924866,3.0
0.614265925591297,2.399827721492203,0.0
0.614265925591297,2.4870941840919194,0.0
0.614265925591297,2.574360646691636,0.0
0.614265925591297,2.661627109291352,0.0
0.614265925591297,2.7488935718910685,1.0
0.614265925591297,2.8361600344907854,1.0
0.614265925591297,2.923426497090502,0.0
0.614265925591297,3.0106929596902186,0.0
0.614265925591297,3.097959422289935,0.0
0.6540004112099491,-3.097959422289935,1.0
0.6540004112099491,-3.0106929596902186,2.0
0.6540004112099491,-2.923426497090502,2.0
0.6540004112099491,-2.8361600344907854,0.0
0.6540004112099491,-2.748893571891069,0.0
0.6540004112099491,-2.6616271092913526,0.0
0.6540004112099491,-2.574360646691636,1.0
0.6540004112099491,-2.4870941840919194,0.0
0.6540004112099491,-2.399827721492203,0.0
0.6540004112099491,-2.3125612588924866,0.0
0.6540004112099491,-2.2252947962927703,1.0
0.6540004112099491,-2.138028333693054,1.0
0.6540004112099491,-2.0507618710933375,1.0
0.6540004112099491,-1.9634954084936207,1.0
0.6540004112099491,-1.8762289458939043,0.0
0.6540004112099491,-1.7889624832941877,0.0
0.6540004112099491,-1.7016960206944713,0.0
0.6540004112099491,-1.6144295580947547,0.0
0.6540004112099491,-1.5271630954950384,1.0
0.6540004112099491,-1.439896632895322,0.0
0.6540004112099491,-1.3526301702956054,0.0
0.6540004112099491,-1.2653637076958888,0.0
0.6540004112099491,-1.1780972450961724,0.0
0.6540004112099491,-1.090830782496456,0.0
0.6540004112099491,-1.0035643198967397,0.0
0.6540004112099491,-0.9162978572970231,1.0
0.6540004112099491,-0.8290313946973065,1.0
0.6540004112099491,-0.7417649320975901,0.0
0.6540004112099491,-0.6544984694978737,1.0
0.6540004112099491,-0.5672320068981571,0.0
0.6540004112099491,-0.4799655442984405,0.0
0.6540004112099491,-0.39269908169872414,1.0
0.6540004112099491,-0.30543261909900776,0.0
0.6540004112099491,-0.21816615649929139,1.0
0.6540004112099491,-0.1308996938995748,1.0
0.6540004112099491,-0.04363323129985819,0.0
0.6540004112099491,0.04363323129985819,0.0
0.6540004112099491,0.13089969389957457,0.0
0.6540004112099491,0.21816615649929116,0.0
0.6540004112099491,0.30543261909900776,1.0
0.6540004112099491,0.39269908169872414,1.0
0.6540004112099491,0.4799655442984405,0.0
0.6540004112099491,0.5672320068981569,0.0
0.6540004112099491,0.6544984694978735,0.0
0.6540004112099491,0.7417649320975901,0.0
0.6540004112099491,0.8290313946973065,1.0
0.6540004112099491,0.9162978572970228,0.0
0.6540004112099491,1.0035643198967392,1.0
0.6540004112099491,1.0908307824964556,0.0
0.6540004112099491,1.178097245096172,0.0
0.6540004112099491,1.2653637076958888,0.0
0.6540004112099491,1.3526301702956056,0.0
0.6540004112099491,1.439896632895322,0.0
0.6540004112099491,1.5271630954950384,0.0
0.6540004112099491,1.6144295580947547,0.0
0.6540004112099491,1.7016960206944711,0.0
0.6540004112099491,1.7889624832941875,0.0
0.6540004112099491,1.8762289458939039,1.0
0.6540004112099491,1.9634954084936203,1.0
0.6540004112099491,2.050761871093337,1.0
0.6540004112099491,2.138028333693054,1.0
0.6540004112099491,2.2252947962927703,0.0
0.6540004112099491,2.3125612588924866,1.0
0.6540004112099491,2.399827721492203,0.0
0.6540004112099491,2.4870941840919194,1.0
0.6540004112099491,2.574360646691636,2.0
0.6540004112099491,2.661627109291352,1.0
0.6540004112099491,2.7488935718910685,0.0
0.6540004112099491,2.8361600344907854,0.0
0.6540004112099491,2.923426497090502,1.0
0.6540004112099491,3.0106929596902186,0.0
0.6540004112099491,3.097959422289935,0.0
0.6937348968286012,-3.097959422289935,0.0
0.6937348968286012,-3.0106929596902186,0.0
0.6937348968286012,-2.923426497090502,1.0
0.6937348968286012,-2.8361600344907854,0.0
0.6937348968286012,-2.748893571891069,0.0
0.6937348968286012,-2.6616271092913526,0.0
0.6937348968286012,-2.574360646691636,0.0
0.6937348968286012,-2.4870941840919194,1.0
0.6937348968286012,-2.399827721492203,0.0
0.6937348968286012,-2.3125612588924866,2.0
0.6937348968286012,-2.2252947962927703,1.0
0.6937348968286012,-2.138028333693054,0.0
0.6937348968286012,-2.0507618710933375,2.0
0.6937348968286012,-1.9634954084936207,0.0
0.6937348968286012,-1.8762289458939043,0.0
0.6937348968286012,-1.7889624832941877,0.0
0.6937348968286012,-1.7016960206944713,0.0
0.6937348968286012,-1.6144295580947547,1.0
0.6937348968286012,-1.5271630954950384,2.0
0.6937348968286012,-1.439896632895322,1.0
0.6937348968286012,-1.3526301702956054,0.0
0.6937348968286012,-1.2653637076958888,0.0
0.6937348968286012,-1.1780972450961724,0.0
0.6937348968286012,-1.090830782496456,0.0
0.6937348968286012,-1.0035643198967397,1.0
0.6937348968286012,-0.9162978572970231,0.0
0.6937348968286012,-0.8290313946973065,1.0
0.6937348968286012,-0.7417649320975901,0.0
0.6937348968286012,-0.6544984694978737,1.0
0.6937348968286012,-0.5672320068981571,0.0
0.6937348968286012,-0.4799655442984405,0.0
0.6937348968286012,-0.39269908169872414,0.0
0.6937348968286012,-0.30543261909900776,0.0
0.6937348968286012,-0.21816615649929139,0.0
0.6937348968286012,-0.1308996938995748,0.0
0.6937348968286012,-0.04363323129985819,1.0
0.6937348968286012,0.04363323129985819,1.0
0.6937348968286012,0.13089969389957457,0.0
0.6937348968286012,0.21816615649929116,0.0
0.6937348968286012,0.30543261909900776,2.0
0.6937348968286012,0.39269908169872414,0.0
0.6937348968286012,0.4799655442984405,1.0
0.6937348968286012,0.5672320068981569,0.0
0.6937348968286012,0.6544984694978735,0.0
0.6937348968286012,0.7417649320975901,2.0
0.6937348968286012,0.8290313946973065,1.0
0.6937348968286012,0.9162978572970228,0.0
0.6937348968286012,1.0035643198967392,0.0
0.6937348968286012,1.0908307824964556,0.0
0.6937348968286012,1.178097245096172,0.0
0.6937348968286012,1.2653637076958888,0.0
0.6937348968286012,1.3526301702956056,0.0
0.6937348968286012,1.439896632895322,0.0
0.6937348968286012,1.5271630954950384,1.0
0.6937348968286012,1.6144295580947547,0.0
0.6937348968286012,1.7016960206944711,0.0
0.6937348968286012,1.7889624832941875,0.0
0.6937348968286012,1.8762289458939039,0.0
0.6937348968286012,1.9634954084936203,0.0
0.6937348968286012,2.050761871093337,2.0
0.6937348968286012,2.138028333693054,2.0
0.6937348968286012,2.2252947962927703,1.0
0.6937348968286012,2.3125612588924866,0.0
0.6937348968286012,2.399827721492203,0.0
0.6937348968286012,2.4870941840919194,0.0
0.6937348968286012,2.574360646691636,1.0
0.6937348968286012,2.661627109291352,0.0
0.6937348968286012,2.7488935718910685,0.0
0.6937348968286012,2.8361600344907854,0.0
0.6937348968286012,2.923426497090502,1.0
0.6937348968286012,3.0106929596902186,1.0
0.6937348968286012,3.097959422289935,0.0
0.7334693824472533,-3.097959422289935,1.0
0.7334693824472533,-3.0106929596902186,0.0
0.7334693824472533,-2.923426497090502,0.0
0.7334693824472533,-2.8361600344907854,1.0
0.7334693824472533,-2.748893571891069,1.0
0.7334693824472533,-2.6616271092913526,0.0
0.7334693824472533,-2.574360646691636,0.0
0.7334693824472533,-2.4870941840919194,0.0
0.7334693824472533,-2.399827721492203,0.0
0.7334693824472533,-2.3125612588924866,1.0
0.7334693824472533,-2.2252947962927703,1.0
0.7334693824472533,-2.138028333693054,0.0
0.7334693824472533,-2.0507618710933375,1.0
0.7334693824472533,-1.9634954084936207,3.0
0.7334693824472533,-1.8762289458939043,0.0
0.7334693824472533,-1.7889624832941877,1.0
0.7334693824472533,-1.7016960206944713,2.0
0.7334693824472533,-1.6144295580947547,0.0
0.7334693824472533,-1.5271630954950384,1.0
0.7334693824472533,-1.439896632895322,0.0
0.7334693824472533,-1.3526301702956054,0.0
0.7334693824472533,-1.2653637076958888,0.0
0.7334693824472533,-1.1780972450961724,0.0
0.7334693824472533,-1.090830782496456,1.0
0.7334693824472533,-1.0035643198967397,1.0
0.7334693824472533,-0.9162978572970231,0.0
0.7334693824472533,-0.8290313946973065,0.0
0.7334693824472533,-0.7417649320975901,0.0
0.7334693824472533,-0.6544984694978737,0.0
0.7334693824472533,-0.5672320068981571,0.0
0.7334693824472533,-0.4799655442984405,1.0
0.7334693824472533,-0.39269908169872414,0.0
0.7334693824472533,-0.30543261909900776,1.0
0.7334693824472533,-0.21816615649929139,2.0
0.7334693824472533,-0.1308996938995748,0.0
0.7334693824472533,-0.04363323129985819,0.0
0.7334693824472533,0.04363323129985819,0.0
0.7334693824472533,0.13089969389957457,0.0
0.7334693824472533,0.21816615649929116,0.0
0.7334693824472533,0.30543261909900776,0.0
0.7334693824472533,0.39269908169872414,1.0
0.7334693824472533,0.4799655442984405,2.0
0.7334693824472533,0.5672320068981569,1.0
0.7334693824472533,0.6544984694978735,0.0
0.7334693824472533,0.7417649320975901,0.0
0.7334693824472533,0.8290313946973065,0.0
0.7334693824472533,0.9162978572970228,0.0
0.7334693824472533,1.0035643198967392,0.0
0.7334693824472533,1.0908307824964556,0.0
0.7334693824472533,1.178097245096172,0.0
0.7334693824472533,1.2653637076958888,0.0
0.7334693824472533,1.3526301702956056,0.0
0.7334693824472533,1.439896632895322,0.0
0.7334693824472533,1.5271630954950384,0.0
0.7334693824472533,1.6144295580947547,0.0
0.7334693824472533,1.7016960206944711,0.0
0.7334693824472533,1.7889624832941875,0.0
0.7334693824472533,1.8762289458939039,0.0
0.7334693824472533,1.9634954084936203,0.0
0.7334693824472533,2.050761871093337,4.0
0.7334693824472533,2.138028333693054,0.0
0.7334693824472533,2.2252947962927703,0.0
0.7334693824472533,2.3125612588924866,0.0
0.7334693824472533,2.399827721492203,0.0
0.7334693824472533,2.4870941840919194,0.0
0.7334693824472533,2.574360646691636,0.0
0.7334693824472533,2.661627109291352,1.0
0.7334693824472533,2.7488935718910685,1.0
0.7334693824472533,2.8361600344907854,0.0
0.7334693824472533,2.923426497090502,0.0
0.7334693824472533,3.0106929596902186,1.0
0.7334693824472533,3.097959422289935,0.0
0.7732038680659055,-3.097959422289935,1.0
0.7732038680659055,-3.0106929596902186,0.0
0.7732038680659055,-2.923426497090502,1.0
0.7732038680659055,-2.8361600344907854,1.0
0.7732038680659055,-2.748893571891069,0.0
0.7732038680659055,-2.6616271092913526,0.0
0.7732038680659055,-2.574360646691636,0.0
0.7732038680659055,-2.4870941840919194,1.0
0.7732038680659055,-2.399827721492203,0.0
0.7732038680659055,-2.3125612588924866,0.0
0.7732038680659055,-2.2252947962927703,0.0
0.7732038680659055,-2.138028333693054,0.0
0.7732038680659055,-2.0507618710933375,0.0
0.7732038680659055,-1.9634954084936207,0.0
0.7732038680659055,-1.8762289458939043,0.0
0.7732038680659055,-1.7889624832941877,2.0
0.7732038680659055,-1.7016960206944713,1.0
0.7732038680659055,-1.6144295580947547,0.0
0.7732038680659055,-1.5271630954950384,1.0
0.7732038680659055,-1.439896632895322,1.0
0.7732038680659055,-1.3526301702956054,1.0
0.7732038680659055,-1.2653637076958888,2.0
0.7732038680659055,-1.1780972450961724,0.0
0.7732038680659055,-1.090830782496456,1.0
0.7732038680659055,-1.0035643198967397,0.0
0.7732038680659055,-0.9162978572970231,0.0
0.7732038680659055,-0.8290313946973065,1.0
0.7732038680659055,-0.7417649320975901,2.0
0.7732038680659055,-0.6544984694978737,0.0
0.7732038680659055,-0.5672320068981571,1.0
0.7732038680659055,-0.4799655442984405,0.0
0.7732038680659055,-0.39269908169872414,0.0
0.7732038680659055,-0.30543261909900776,0.0
0.7732038680659055,-0.21816615649929139,0.0
0.7732038680659055,-0.1308996938995748,1.0
0.7732038680659055,-0.04363323129985819,1.0
0.7732038680659055,0.04363323129985819,1.0
0.7732038680659055,0.13089969389957457,0.0
0.7732038680659055,0.21816615649929116,0.0
0.7732038680659055,0.30543261909900776,0.0
0.7732038680659055,0.39269908169872414,2.0
0.7732038680659055,0.4799655442984405,1.0
0.7732038680659055,0.5672320068981569,1.0
0.7732038680659055,0.6544984694978735,1.0
0.7732038680659055,0.7417649320975901,0.0
0.7732038680659055,0.8290313946973065,1.0
0.7732038680659055,0.9162978572970228,1.0
0.7732038680659055,1.0035643198967392,0.0
0.7732038680659055,1.0908307824964556,0.0
0.7732038680659055,1.178097245096172,1.0
0.7732038680659055,1.2653637076958888,0.0
0.7732038680659055,1.3526301702956056,2.0
0.7732038680659055,1.439896632895322,2.0
0.7732038680659055,1.5271630954950384,0.0
0.7732038680659055,1.6144295580947547,0.0
0.7732038680659055,1.7016960206944711,0.0
0.7732038680659055,1.7889624832941875,0.0
0.7732038680659055,1.8762289458939039,0.0
0.7732038680659055,1.9634954084936203,0.0
0.7732038680659055,2.050761871093337,0.0
0.7732038680659055,2.138028333693054,0.0
0.7732038680659055,2.2252947962927703,0.0
0.7732038680659055,2.3125612588924866,0.0
0.7732038680659055,2.399827721492203,0.0
0.7732038680659055,2.4870941840919194,0.0
0.7732038680659055,2.574360646691636,1.0
0.7732038680659055,2.661627109291352,0.0
0.7732038680659055,2.7488935718910685,0.0
0.7732038680659055,2.8361600344907854,1.0
0.7732038680659055,2.923426497090502,1.0
0.7732038680659055,3.0106929596902186,0.0
0.7732038680659055,3.097959422289935,0.0
0.8129383536845576,-3.097959422289935,0.0
0.8129383536845576,-3.0106929596902186,0.0
0.8129383536845576,-2.923426497090502,1.0
0.8129383536845576,-2.8361600344907854,0.0
0.8129383536845576,-2.748893571891069,0.0
0.8129383536845576,-2.6616271092913526,0.0
0.8129383536845576,-2.574360646691636,0.0
0.8129383536845576,-2.4870941840919194,0.0
0.8129383536845576,-2.399827721492203,0.0
0.8129383536845576,-2.3125612588924866,0.0
0.8129383536845576,-2.2252947962927703,0.0
0.8129383536845576,-2.138028333693054,0.0
0.8129383536845576,-2.0507618710933375,1.0
0.8129383536845576,-1.9634954084936207,1.0
0.8129383536845576,-1.8762289458939043,0.0
0.8129383536845576,-1.7889624832941877,0.0
0.8129383536845576,-1.7016960206944713,1.0
0.8129383536845576,-1.6144295580947547,0.0
0.8129383536845576,-1.5271630954950384,0.0
0.8129383536845576,-1.439896632895322,0.0
0.8129383536845576,-1.3526301702956054,2.0
0.8129383536845576,-1.2653637076958888,1.0
0.8129383536845576,-1.1780972450961724,0.0
0.8129383536845576,-1.090830782496456,0.0
0.8129383536845576,-1.0035643198967397,2.0
0.8129383536845576,-0.9162978572970231,0.0
0.8129383536845576,-0.8290313946973065,0.0
0.8129383536845576,-0.7417649320975901,1.0
0.8129383536845576,-0.6544984694978737,2.0
0.8129383536845576,-0.5672320068981571,0.0
0.8129383536845576,-0.4799655442984405,0.0
0.8129383536845576,-0.39269908169872414,0.0
0.8129383536845576,-0.30543261909900776,0.0
0.8129383536845576,-0.21816615649929139,2.0
0.8129383536845576,-0.1308996938995748,1.0
0.8129383536845576,-0.04363323129985819,0.0
0.8129383536845576,0.04363323129985819,1.0
0.8129383536845576,0.13089969389957457,1.0
0.8129383536845576,0.21816615649929116,0.0
0.8129383536845576,0.30543261909900776,0.0
0.8129383536845576,0.39269908169872414,0.0
0.8129383536845576,0.4799655442984405,0.0
0.8129383536845576,0.5672320068981569,0.0
0.8129383536845576,0.6544984694978735,0.0
0.8129383536845576,0.7417649320975901,0.0
0.8129383536845576,0.8290313946973065,0.0
0.8129383536845576,0.9162978572970228,0.0
0.8129383536845576,1.0035643198967392,0.0
0.8129383536845576,1.0908307824964556,1.0
0.8129383536845576,1.178097245096172,0.0
0.8129383536845576,1.2653637076958888,0.0
0.8129383536845576,1.3526301702956056,1.0
0.8129383536845576,1.439896632895322,0.0
0.8129383536845576,1.5271630954950384,0.0
0.8129383536845576,1.6144295580947547,0.0
0.8129383536845576,1.7016960206944711,0.0
0.8129383536845576,1.7889624832941875,1.0
0.8129383536845576,1.8762289458939039,0.0
0.8129383536845576,1.9634954084936203,1.0
0.8129383536845576,2.050761871093337,0.0
0.8129383536845576,2.138028333693054,1.0
0.8129383536845576,2.2252947962927703,0.0
0.8129383536845576,2.3125612588924866,0.0
0.8129383536845576,2.399827721492203,0.0
0.8129383536845576,2.4870941840919194,0.0
0.8129383536845576,2.574360646691636,0.0
0.8129383536845576,2.661627109291352,0.0
0.8129383536845576,2.7488935718910685,1.0
0.8129383536845576,2.8361600344907854,0.0
0.8129383536845576,2.923426497090502,0.0
0.8129383536845576,3.0106929596902186,0.0
0.8129383536845576,3.097959422289935,0.0
0.8526728393032097,-3.097959422289935,0.0
0.8526728393032097,-3.0106929596902186,0.0
0.8526728393032097,-2.923426497090502,1.0
0.8526728393032097,-2.8361600344907854,0.0
0.8526728393032097,-2.748893571891069,1.0
0.8526728393032097,-2.6616271092913526,0.0
0.8526728393032097,-2.574360646691636,1.0
0.8526728393032097,-2.4870941840919194,0.0
0.8526728393032097,-2.399827721492203,1.0
0.8526728393032097,-2.3125612588924866,1.0
0.8526728393032097,-2.2252947962927703,1.0
0.8526728393032097,-2.138028333693054,1.0
0.8526728393032097,-2.0507618710933375,0.0
0.8526728393032097,-1.9634954084936207,1.0
0.8526728393032097,-1.8762289458939043,0.0
0.8526728393032097,-1.7889624832941877,2.0
0.8526728393032097,-1.7016960206944713,1.0
0.8526728393032097,-1.6144295580947547,0.0
0.8526728393032097,-1.5271630954950384,2.0
0.8526728393032097,-1.439896632895322,1.0
0.8526728393032097,-1.3526301702956054,1.0
0.8526728393032097,-1.2653637076958888,1.0
0.8526728393032097,-1.1780972450961724,0.0
0.8526728393032097,-1.090830782496456,1.0
0.8526728393032097,-1.0035643198967397,0.0
0.8526728393032097,-0.9162978572970231,2.0
0.8526728393032097,-0.8290313946973065,0.0
0.8526728393032097,-0.7417649320975901,0.0
0.8526728393032097,-0.6544984694978737,0.0
0.8526728393032097,-0.5672320068981571,0.0
0.8526728393032097,-0.4799655442984405,1.0
0.8526728393032097,-0.39269908169872414,1.0
0.8526728393032097,-0.30543261909900776,0.0
0.8526728393032097,-0.21816615649929139,1.0
0.8526728393032097,-0.1308996938995748,0.0
0.8526728393032097,-0.04363323129985819,0.0
0.8526728393032097,0.04363323129985819,0.0
0.8526728393032097,0.13089969389957457,0.0
0.8526728393032097,0.21816615649929116,0.0
0.8526728393032097,0.30543261909900776,0.0
0.8526728393032097,0.39269908169872414,0.0
0.8526728393032097,0.4799655442984405,0.0
0.8526728393032097,0.5672320068981569,0.0
0.8526728393032097,0.6544984694978735,0.0
0.8526728393032097,0.7417649320975901,0.0
0.8526728393032097,0.8290313946973065,1.0
0.8526728393032097,0.9162978572970228,0.0
0.8526728393032097,1.0035643198967392,0.0
0.8526728393032097,1.0908307824964556,0.0
0.8526728393032097,1.178097245096172,0.0
0.8526728393032097,1.2653637076958888,0.0
0.8526728393032097,1.3526301702956056,1.0
0.8526728393032097,1.439896632895322,0.0
0.8526728393032097,1.5271630954950384,0.0
0.8526728393032097,1.6144295580947547,0.0
0.8526728393032097,1.7016960206944711,0.0
0.8526728393032097,1.7889624832941875,1.0
0.8526728393032097,1.8762289458939039,0.0
0.8526728393032097,1.9634954084936203,0.0
0.8526728393032097,2.050761871093337,0.0
0.8526728393032097,2.138028333693054,0.0
0.8526728393032097,2.2252947962927703,0.0
0.8526728393032097,2.3125612588924866,1.0
0.8526728393032097,2.399827721492203,1.0
0.8526728393032097,2.4870941840919194,0.0
0.8526728393032097,2.574360646691636,0.0
0.8526728393032097,2.661627109291352,0.0
0.8526728393032097,2.7488935718910685,1.0
0.8526728393032097,2.8361600344907854,0.0
0.8526728393032097,2.923426497090502,1.0
0.8526728393032097,3.0106929596902186,0.0
0.8526728393032097,3.097959422289935,0.0
0.8924073249218618,-3.097959422289935,2.0
0.8924073249218618,-3.0106929596902186,0.0
0.8924073249218618,-2.923426497090502,1.0
0.8924073249218618,-2.8361600344907854,0.0
0.8924073249218618,-2.748893571891069,0.0
0.8924073249218618,-2.6616271092913526,1.0
0.8924073249218618,-2.574360646691636,0.0
0.8924073249218618,-2.4870941840919194,0.0
0.8924073249218618,-2.399827721492203,0.0
0.8924073249218618,-2.3125612588924866,2.0
0.8924073249218618,-2.2252947962927703,0.0
0.8924073249218618,-2.138028333693054,0.0
0.8924073249218618,-2.0507618710933375,0.0
0.8924073249218618,-1.9634954084936207,0.0
0.8924073249218618,-1.8762289458939043,0.0
0.8924073249218618,-1.7889624832941877,0.0
0.8924073249218618,-1.7016960206944713,0.0
0.8924073249218618,-1.6144295580947547,0.0
0.8924073249218618,-1.5271630954950384,1.0
0.8924073249218618,-1.439896632895322,3.0
0.8924073249218618,-1.3526301702956054,3.0
0.8924073249218618,-1.2653637076958888,0.0
0.8924073249218618,-1.1780972450961724,1.0
0.8924073249218618,-1.090830782496456,0.0
0.8924073249218618,-1.0035643198967397,0.0
0.8924073249218618,-0.9162978572970231,0.0
0.8924073249218618,-0.8290313946973065,0.0
0.8924073249218618,-0.7417649320975901,1.0
0.8924073249218618,-0.6544984694978737,0.0
0.8924073249218618,-0.5672320068981571,0.0
0.8924073249218618,-0.4799655442984405,0.0
0.8924073249218618,-0.39269908169872414,0.0
0.8924073249218618,-0.30543261909900776,1.0
0.8924073249218618,-0.21816615649929139,0.0
0.8924073249218618,-0.1308996938995748,0.0
0.8924073249218618,-0.04363323129985819,0.0
0.8924073249218618,0.04363323129985819,0.0
0.8924073249218618,0.13089969389957457,0.0
0.8924073249218618,0.21816615649929116,0.0
0.8924073249218618,0.30543261909900776,0.0
0.8924073249218618,0.39269908169872414,0.0
0.8924073249218618,0.4799655442984405,1.0
0.8924073249218618,0.5672320068981569,0.0
0.8924073249218618,0.6544984694978735,0.0
0.8924073249218618,0.7417649320975901,0.0
0.8924073249218618,0.8290313946973065,0.0
0.8924073249218618,0.9162978572970228,0.0
0.8924073249218618,1.0035643198967392,0.0
0.8924073249218618,1.0908307824964556,2.0
0.8924073249218618,1.178097245096172,1.0
0.8924073249218618,1.2653637076958888,1.0
0.8924073249218618,1.3526301702956056,0.0
0.8924073249218618,1.439896632895322,0.0
0.8924073249218618,1.5271630954950384,0.0
0.8924073249218618,1.6144295580947547,0.0
0.8924073249218618,1.7016960206944711,0.0
0.8924073249218618,1.7889624832941875,0.0
0.8924073249218618,1.8762289458939039,0.0
0.8924073249218618,1.9634954084936203,0.0
0.8924073249218618,2.050761871093337,1.0
0.8924073249218618,2.138028333693054,0.0
0.8924073249218618,2.2252947962927703,1.0
0.8924073249218618,2.3125612588924866,0.0
0.8924073249218618,2.399827721492203,0.0
0.8924073249218618,2.4870941840919194,0.0
0.8924073249218618,2.574360646691636,0.0
0.8924073249218618,2.661627109291352,0.0
0.8924073249218618,2.7488935718910685,0.0
0.8924073249218618,2.8361600344907854,1.0
0.8924073249218618,2.923426497090502,1.0
0.8924073249218618,3.0106929596902186,0.0
0.8924073249218618,3.097959422289935,0.0
0.9321418105405139,-3.097959422289935,0.0
0.9321418105405139,-3.0106929596902186,0.0
0.9321418105405139,-2.923426497090502,0.0
0.9321418105405139,-2.8361600344907854,0.0
0.9321418105405139,-2.748893571891069,0.0
0.9321418105405139,-2.6616271092913526,0.0
0.9321418105405139,-2.574360646691636,1.0
0.9321418105405139,-2.4870941840919194,0.0
0.9321418105405139,-2.399827721492203,0.0
0.9321418105405139,-2.3125612588924866,1.0
0.9321418105405139,-2.2252947962927703,0.0
0.9321418105405139,-2.138028333693054,0.0
0.9321418105405139,-2.0507618710933375,0.0
0.9321418105405139,-1.9634954084936207,0.0
0.9321418105405139,-1.8762289458939043,0.0
0.9321418105405139,-1.7889624832941877,0.0
0.9321418105405139,-1.7016960206944713,0.0
0.9321418105405139,-1.6144295580947547,0.0
0.9321418105405139,-1.5271630954950384,1.0
0.9321418105405139,-1.439896632895322,0.0
0.9321418105405139,-1.3526301702956054,0.0
0.9321418105405139,-1.2653637076958888,1.0
0.9321418105405139,-1.1780972450961724,0.0
0.9321418105405139,-1.090830782496456,0.0
0.9321418105405139,-1.0035643198967397,0.0
0.9321418105405139,-0.9162978572970231,0.0
0.9321418105405139,-0.8290313946973065,0.0
0.9321418105405139,-0.7417649320975901,0.0
0.9321418105405139,-0.6544984694978737,0.0
0.9321418105405139,-0.5672320068981571,0.0
0.9321418105405139,-0.4799655442984405,0.0
0.9321418105405139,-0.39269908169872414,0.0
0.9321418105405139,-0.30543261909900776,0.0
0.9321418105405139,-0.21816615649929139,0.0
0.9321418105405139,-0.1308996938995748,1.0
0.9321418105405139,-0.04363323129985819,0.0
0.9321418105405139,0.04363323129985819,0.0
0.9321418105405139,0.13089969389957457,0.0
0.9321418105405139,0.21816615649929116,0.0
0.9321418105405139,0.30543261909900776,0.0
0.9321418105405139,0.39269908169872414,0.0
0.9321418105405139,0.4799655442984405,1.0
0.9321418105405139,0.5672320068981569,1.0
0.9321418105405139,0.6544984694978735,0.0
0.9321418105405139,0.7417649320975901,0.0
0.9321418105405139,0.8290313946973065,0.0
0.9321418105405139,0.9162978572970228,2.0
0.9321418105405139,1.0035643198967392,1.0
0.9321418105405139,1.0908307824964556,0.0
0.9321418105405139,1.178097245096172,0.0
0.9321418105405139,1.2653637076958888,0.0
0.9321418105405139,1.3526301702956056,0.0
0.9321418105405139,1.439896632895322,0.0
0.9321418105405139,1.5271630954950384,0.0
0.9321418105405139,1.6144295580947547,1.0
0.9321418105405139,1.7016960206944711,1.0
0.9321418105405139,1.7889624832941875,0.0
0.9321418105405139,1.8762289458939039,0.0
0.9321418105405139,1.9634954084936203,0.0
0.9321418105405139,2.050761871093337,0.0
0.9321418105405139,2.138028333693054,0.0
0.9321418105405139,2.2252947962927703,0.0
0.9321418105405139,2.3125612588924866,0.0
0.9321418105405139,2.399827721492203,0.0
0.9321418105405139,2.4870941840919194,1.0
0.9321418105405139,2.574360646691636,1.0
0.9321418105405139,2.661627109291352,0.0
0.9321418105405139,2.7488935718910685,1.0
0.9321418105405139,2.8361600344907854,0.0
0.9321418105405139,2.923426497090502,1.0
0.9321418105405139,3.0106929596902186,0.0
0.9321418105405139,3.097959422289935,1.0
0.971876296159166,-3.097959422289935,0.0
0.971876296159166,-3.0106929596902186,0.0
0.971876296159166,-2.923426497090502,0.0
0.971876296159166,-2.8361600344907854,1.0
0.971876296159166,-2.748893571891069,0.0
0.971876296159166,-2.6616271092913526,0.0
0.971876296159166,-2.574360646691636,3.0
0.971876296159166,-2.4870941840919194,0.0
0.971876296159166,-2.399827721492203,0.0
0.971876296159166,-2.3125612588924866,0.0
0.971876296159166,-2.2252947962927703,0.0
0.971876296159166,-2.138028333693054,1.0
0.971876296159166,-2.0507618710933375,0.0
0.971876296159166,-1.9634954084936207,0.0
0.971876296159166,-1.8762289458939043,0.0
0.971876296159166,-1.7889624832941877,0.0
0.971876296159166,-1.7016960206944713,1.0
0.971876296159166,-1.6144295580947547,1.0
0.971876296159166,-1.5271630954950384,0.0
0.971876296159166,-1.439896632895322,0.0
0.971876296159166,-1.3526301702956054,0.0
0.971876296159166,-1.2653637076958888,0.0
0.971876296159166,-1.1780972450961724,0.0
0.971876296159166,-1.090830782496456,0.0
0.971876296159166,-1.0035643198967397,0.0
0.971876296159166,-0.9162978572970231,0.0
0.971876296159166,-0.8290313946973065,0.0
0.971876296159166,-0.7417649320975901,0.0
0.971876296159166,-0.6544984694978737,0.0
0.971876296159166,-0.5672320068981571,0.0
0.971876296159166,-0.4799655442984405,2.0
0.971876296159166,-0.39269908169872414,0.0
0.971876296159166,-0.30543261909900776,0.0
0.971876296159166,-0.21816615649929139,0.0
0.971876296159166,-0.1308996938995748,0.0
0.971876296159166,-0.04363323129985819,1.0
0.971876296159166,0.04363323129985819,0.0
0.971876296159166,0.13089969389957457,1.0
0.971876296159166,0.21816615649929116,0.0
0.971876296159166,0.30543261909900776,1.0
0.971876296159166,0.39269908169872414,1.0
0.971876296159166,0.4799655442984405,0.0
0.971876296159166,0.5672320068981569,1.0
0.971876296159166,0.6544984694978735,0.0
0.971876296159166,0.7417649320975901,0.0
0.971876296159166,0.8290313946973065,1.0
0.971876296159166,0.9162978572970228,0.0
0.971876296159166,1.0035643198967392,0.0
0.971876296159166,1.0908307824964556,4.0
0.971876296159166,1.178097245096172,0.0
0.971876296159166,1.2653637076958888,2.0
0.971876296159166,1.3526301702956056,0.0
0.971876296159166,1.439896632895322,0.0
0.971876296159166,1.5271630954950384,1.0
0.971876296159166,1.6144295580947547,0.0
0.971876296159166,1.7016960206944711,0.0
0.971876296159166,1.7889624832941875,0.0
0.971876296159166,1.8762289458939039,0.0
0.971876296159166,1.9634954084936203,0.0
0.971876296159166,2.050761871093337,0.0
0.971876296159166,2.138028333693054,0.0
0.971876296159166,2.2252947962927703,0.0
0.971876296159166,2.3125612588924866,0.0
0.971876296159166,2.399827721492203,0.0
0.971876296159166,2.4870941840919194,0.0
0.971876296159166,2.574360646691636,0.0
0.971876296159166,2.661627109291352,0.0
0.971876296159166,2.7488935718910685,0.0
0.971876296159166,2.8361600344907854,1.0
0.971876296159166,2.923426497090502,0.0
0.971876296159166,3.0106929596902186,0.0
0.971876296159166,3.097959422289935,1.0
1.0116107817778182,-3.097959422289935,0.0
1.0116107817778182,-3.0106929596902186,0.0
1.0116107817778182,-2.923426497090502,0.0
1.0116107817778182,-2.8361600344907854,0.0
1.0116107817778182,-2.748893571891069,0.0
1.0116107817778182,-2.6616271092913526,0.0
1.0116107817778182,-2.574360646691636,0.0
1.0116107817778182,-2.4870941840919194,0.0
1.0116107817778182,-2.399827721492203,0.0
1.0116107817778182,-2.3125612588924866,0.0
1.0116107817778182,-2.2252947962927703,0.0
1.0116107817778182,-2.138028333693054,0.0
1.0116107817778182,-2.0507618710933375,0.0
1.0116107817778182,-1.9634954084936207,0.0
1.0116107817778182,-1.8762289458939043,0.0
1.0116107817778182,-1.7889624832941877,0.0
1.0116107817778182,-1.7016960206944713,0.0
1.0116107817778182,-1.6144295580947547,2.0
1.0116107817778182,-1.5271630954950384,1.0
1.0116107817778182,-1.439896632895322,0.0
1.0116107817778182,-1.3526301702956054,0.0
1.0116107817778182,-1.2653637076958888,0.0
1.0116107817778182,-1.1780972450961724,0.0
1.0116107817778182,-1.090830782496456,0.0
1.0116107817778182,-1.0035643198967397,0.0
1.0116107817778182,-0.9162978572970231,1.0
1.0116107817778182,-0.8290313946973065,0.0
1.0116107817778182,-0.7417649320975901,0.0
1.0116107817778182,-0.6544984694978737,1.0
1.0116107817778182,-0.5672320068981571,0.0
1.0116107817778182,-0.4799655442984405,0.0
1.0116107817778182,-0.39269908169872414,0.0
1.0116107817778182,-0.30543261909900776,0.0
1.0116107817778182,-0.21816615649929139,0.0
1.0116107817778182,-0.1308996938995748,1.0
1.0116107817778182,-0.04363323129985819,0.0
1.0116107817778182,0.04363323129985819,0.0
1.0116107817778182,0.13089969389957457,0.0
1.0116107817778182,0.21816615649929116,0.0
1.0116107817778182,0.30543261909900776,0.0
1.0116107817778182,0.39269908169872414,2.0
1.0116107817778182,0.4799655442984405,0.0
1.0116107817778182,0.5672320068981569,0.0
1.0116107817778182,0.6544984694978735,0.0
1.0116107817778182,0.7417649320975901,1.0
1.0116107817778182,0.8290313946973065,1.0
1.0116107817778182,0.9162978572970228,0.0
1.0116107817778182,1.0035643198967392,0.0
1.0116107817778182,1.0908307824964556,0.0
1.0116107817778182,1.178097245096172,0.0
1.0116107817778182,1.2653637076958888,0.0
1.0116107817778182,1.3526301702956056,0.0
1.0116107817778182,1.439896632895322,0.0
1.0116107817778182,1.5271630954950384,0.0
1.0116107817778182,1.6144295580947547,0.0
1.0116107817778182,1.7016960206944711,1.0
1.0116107817778182,1.7889624832941875,0.0
1.0116107817778182,1.8762289458939039,1.0
1.0116107817778182,1.9634954084936203,0.0
1.0116107817778182,2.050761871093337,0.0
1.0116107817778182,2.138028333693054,0.0
1.0116107817778182,2.2252947962927703,0.0
1.0116107817778182,2.3125612588924866,0.0
1.0116107817778182,2.399827721492203,0.0
1.0116107817778182,2.4870941840919194,0.0
1.0116107817778182,2.574360646691636,0.0
1.0116107817778182,2.661627109291352,0.0
1.0116107817778182,2.7488935718910685,0.0
1.0116107817778182,2.8361600344907854,0.0
1.0116107817778182,2.923426497090502,0.0
1.0116107817778182,3.0106929596902186,1.0
1.0116107817778182,3.097959422289935,0.0
1.0513452673964703,-3.097959422289935,0.0
1.0513452673964703,-3.0106929596902186,0.0
1.0513452673964703,-2.923426497090502,0.0
1.0513452673964703,-2.8361600344907854,1.0
1.0513452673964703,-2.748893571891069,0.0
1.0513452673964703,-2.6616271092913526,0.0
1.0513452673964703,-2.574360646691636,1.0
1.0513452673964703,-2.4870941840919194,0.0
1.0513452673964703,-2.399827721492203,0.0
1.0513452673964703,-2.3125612588924866,0.0
1.0513452673964703,-2.2252947962927703,0.0
1.0513452673964703,-2.138028333693054,0.0
1.0513452673964703,-2.0507618710933375,0.0
1.0513452673964703,-1.9634954084936207,1.0
1.0513452673964703,-1.8762289458939043,0.0
1.0513452673964703,-1.7889624832941877,0.0
1.0513452673964703,-1.7016960206944713,0.0
1.0513452673964703,-1.6144295580947547,0.0
1.0513452673964703,-1.5271630954950384,0.0
1.0513452673964703,-1.439896632895322,0.0
1.0513452673964703,-1.3526301702956054,0.0
1.0513452673964703,-1.2653637076958888,1.0
1.0513452673964703,-1.1780972450961724,2.0
1.0513452673964703,-1.090830782496456,0.0
1.0513452673964703,-1.0035643198967397,0.0
1.0513452673964703,-0.9162978572970231,0.0
1.0513452673964703,-0.8290313946973065,0.0
1.0513452673964703,-0.7417649320975901,3.0
1.0513452673964703,-0.6544984694978737,0.0
1.0513452673964703,-0.5672320068981571,1.0
1.0513452673964703,-0.4799655442984405,0.0
1.0513452673964703,-0.39269908169872414,0.0
1.0513452673964703,-0.30543261909900776,0.0
1.0513452673964703,-0.21816615649929139,0.0
1.0513452673964703,-0.1308996938995748,0.0
1.0513452673964703,-0.04363323129985819,1.0
1.0513452673964703,0.04363323129985819,0.0
1.0513452673964703,0.13089969389957457,0.0
1.0513452673964703,0.21816615649929116,0.0
1.0513452673964703,0.30543261909900776,0.0
1.0513452673964703,0.39269908169872414,0.0
1.0513452673964703,0.4799655442984405,0.0
1.0513452673964703,0.5672320068981569,0.0
1.0513452673964703,0.6544984694978735,1.0
1.0513452673964703,0.7417649320975901,2.0
1.0513452673964703,0.8290313946973065,0.0
1.0513452673964703,0.9162978572970228,1.0
1.0513452673964703,1.0035643198967392,0.0
1.0513452673964703,1.0908307824964556,0.0
1.0513452673964703,1.178097245096172,2.0
1.0513452673964703,1.2653637076958888,0.0
1.0513452673964703,1.3526301702956056,0.0
1.0513452673964703,1.439896632895322,0.0
1.0513452673964703,1.5271630954950384,0.0
1.0513452673964703,1.6144295580947547,0.0
1.0513452673964703,1.7016960206944711,0.0
1.0513452673964703,1.7889624832941875,0.0
1.0513452673964703,1.8762289458939039,0.0
1.0513452673964703,1.9634954084936203,0.0
1.0513452673964703,2.050761871093337,0.0
1.0513452673964703,2.138028333693054,0.0
1.0513452673964703,2.2252947962927703,0.0
1.0513452673964703,2.3125612588924866,0.0
1.0513452673964703,2.399827721492203,2.0
1.0513452673964703,2.4870941840919194,2.0
1.0513452673964703,2.574360646691636,0.0
1.0513452673964703,2.661627109291352,1.0
1.0513452673964703,2.7488935718910685,0.0
1.0513452673964703,2.8361600344907854,1.0
1.0513452673964703,2.923426497090502,0.0
1.0513452673964703,3.0106929596902186,0.0
1.0513452673964703,3.097959422289935,0.0
1.0910797530151224,-3.097959422289935,0.0
1.0910797530151224,-3.0106929596902186,0.0
1.0910797530151224,-2.923426497090502,0.0
1.0910797530151224,-2.8361600344907854,0.0
1.0910797530151224,-2.748893571891069,0.0
1.0910797530151224,-2.6616271092913526,0.0
1.0910797530151224,-2.574360646691636,0.0
1.0910797530151224,-2.4870941840919194,0.0
1.0910797530151224,-2.399827721492203,0.0
1.0910797530151224,-2.3125612588924866,0.0
1.0910797530151224,-2.2252947962927703,0.0
1.0910797530151224,-2.138028333693054,0.0
1.0910797530151224,-2.0507618710933375,0.0
1.0910797530151224,-1.9634954084936207,1.0
1.0910797530151224,-1.8762289458939043,0.0
1.0910797530151224,-1.7889624832941877,0.0
1.0910797530151224,-1.7016960206944713,1.0
1.0910797530151224,-1.6144295580947547,0.0
1.0910797530151224,-1.5271630954950384,0.0
1.0910797530151224,-1.439896632895322,1.0
1.0910797530151224,-1.3526301702956054,0.0
1.0910797530151224,-1.2653637076958888,0.0
1.0910797530151224,-1.1780972450961724,1.0
1.0910797530151224,-1.090830782496456,0.0
1.0910797530151224,-1.0035643198967397,0.0
1.0910797530151224,-0.9162978572970231,0.0
1.0910797530151224,-0.8290313946973065,0.0
1.0910797530151224,-0.7417649320975901,0.0
1.0910797530151224,-0.6544984694978737,0.0
1.0910797530151224,-0.5672320068981571,0.0
1.0910797530151224,-0.4799655442984405,0.0
1.0910797530151224,-0.39269908169872414,0.0
1.0910797530151224,-0.30543261909900776,1.0
1.0910797530151224,-0.21816615649929139,1.0
1.0910797530151224,-0.1308996938995748,0.0
1.0910797530151224,-0.04363323129985819,0.0
1.0910797530151224,0.04363323129985819,0.0
1.0910797530151224,0.13089969389957457,0.0
1.0910797530151224,0.21816615649929116,0.0
1.0910797530151224,0.30543261909900776,1.0
1.0910797530151224,0.39269908169872414,0.0
1.0910797530151224,0.4799655442984405,0.0
1.0910797530151224,0.5672320068981569,1.0
1.0910797530151224,0.6544984694978735,0.0
1.0910797530151224,0.7417649320975901,0.0
1.0910797530151224,0.8290313946973065,0.0
1.0910797530151224,0.9162978572970228,0.0
1.0910797530151224,1.0035643198967392,0.0
1.0910797530151224,1.0908307824964556,0.0
1.0910797530151224,1.178097245096172,0.0
1.0910797530151224,1.2653637076958888,0.0
1.0910797530151224,1.3526301702956056,0.0
1.0910797530151224,1.439896632895322,0.0
1.0910797530151224,1.5271630954950384,1.0
1.0910797530151224,1.6144295580947547,0.0
1.0910797530151224,1.7016960206944711,0.0
1.0910797530151224,1.7889624832941875,0.0
1.0910797530151224,1.8762289458939039,0.0
1.0910797530151224,1.9634954084936203,0.0
1.0910797530151224,2.050761871093337,0.0
1.0910797530151224,2.138028333693054,0.0
1.0910797530151224,2.2252947962927703,1.0
1.0910797530151224,2.3125612588924866,0.0
1.0910797530151224,2.399827721492203,2.0
1.0910797530151224,2.4870941840919194,0.0
1.0910797530151224,2.574360646691636,1.0
1.0910797530151224,2.661627109291352,0.0
1.0910797530151224,2.7488935718910685,0.0
1.0910797530151224,2.8361600344907854,0.0
1.0910797530151224,2.923426497090502,0.0
1.0910797530151224,3.0106929596902186,0.0
1.0910797530151224,3.097959422289935,0.0
1.1308142386337745,-3.097959422289935,0.0
1.1308142386337745,-3.0106929596902186,0.0
1.1308142386337745,-2.923426497090502,0.0
1.1308142386337745,-2.8361600344907854,0.0
1.1308142386337745,-2.748893571891069,0.0
1.1308142386337745,-2.6616271092913526,0.0
1.1308142386337745,-2.574360646691636,0.0
1.1308142386337745,-2.4870941840919194,0.0
1.1308142386337745,-2.399827721492203,0.0
1.1308142386337745,-2.3125612588924866,0.0
1.1308142386337745,-2.2252947962927703,0.0
1.1308142386337745,-2.138028333693054,1.0
1.1308142386337745,-2.0507618710933375,0.0
1.1308142386337745,-1.9634954084936207,0.0
1.1308142386337745,-1.8762289458939043,0.0
1.1308142386337745,-1.7889624832941877,0.0
1.1308142386337745,-1.7016960206944713,0.0
1.1308142386337745,-1.6144295580947547,0.0
1.1308142386337745,-1.5271630954950384,0.0
1.1308142386337745,-1.439896632895322,1.0
1.1308142386337745,-1.3526301702956054,1.0
1.1308142386337745,-1.2653637076958888,0.0
1.1308142386337745,-1.1780972450961724,0.0
1.1308142386337745,-1.090830782496456,0.0
1.1308142386337745,-1.0035643198967397,0.0
1.1308142386337745,-0.9162978572970231,0.0
1.1308142386337745,-0.8290313946973065,0.0
1.1308142386337745,-0.7417649320975901,0.0
1.1308142386337745,-0.6544984694978737,0.0
1.1308142386337745,-0.5672320068981571,0.0
1.1308142386337745,-0.4799655442984405,0.0
1.1308142386337745,-0.39269908169872414,2.0
1.1308142386337745,-0.30543261909900776,0.0
1.1308142386337745,-0.21816615649929139,2.0
1.1308142386337745,-0.1308996938995748,0.0
1.1308142386337745,-0.04363323129985819,0.0
1.1308142386337745,0.04363323129985819,0.0
1.1308142386337745,0.13089969389957457,0.0
1.1308142386337745,0.21816615649929116,0.0
1.1308142386337745,0.30543261909900776,0.0
1.1308142386337745,0.39269908169872414,0.0
1.1308142386337745,0.4799655442984405,0.0
1.1308142386337745,0.5672320068981569,0.0
1.1308142386337745,0.6544984694978735,1.0
1.1308142386337745,0.7417649320975901,0.0
1.1308142386337745,0.8290313946973065,0.0
1.1308142386337745,0.9162978572970228,0.0
1.1308142386337745,1.0035643198967392,0.0
1.1308142386337745,1.0908307824964556,0.0
1.1308142386337745,1.178097245096172,0.0
1.1308142386337745,1.2653637076958888,0.0
1.1308142386337745,1.3526301702956056,0.0
1.1308142386337745,1.439896632895322,1.0
1.1308142386337745,1.5271630954950384,1.0
1.1308142386337745,1.6144295580947547,0.0
1.1308142386337745,1.7016960206944711,0.0
1.1308142386337745,1.7889624832941875,2.0
1.1308142386337745,1.8762289458939039,0.0
1.1308142386337745,1.9634954084936203,0.0
1.1308142386337745,2.050761871093337,0.0
1.1308142386337745,2.138028333693054,1.0
1.1308142386337745,2.2252947962927703,1.0
1.1308142386337745,2.3125612588924866,0.0
1.1308142386337745,2.399827721492203,0.0
1.1308142386337745,2.4870941840919194,0.0
1.1308142386337745,2.574360646691636,0.0
1.1308142386337745,2.661627109291352,0.0
1.1308142386337745,2.7488935718910685,0.0
1.1308142386337745,2.8361600344907854,0.0
1.1308142386337745,2.923426497090502,0.0
1.1308142386337745,3.0106929596902186,0.0
1.1308142386337745,3.097959422289935,0.0
1.1705487242524266,-3.097959422289935,0.0
1.1705487242524266,-3.0106929596902186,0.0
1.1705487242524266,-2.923426497090502,0.0
1.1705487242524266,-2.8361600344907854,0.0
1.1705487242524266,-2.748893571891069,0.0
1.1705487242524266,-2.6616271092913526,1.0
1.1705487242524266,-2.574360646691636,0.0
1.1705487242524266,-2.4870941840919194,0.0
1.1705487242524266,-2.399827721492203,0.0
1.1705487242524266,-2.3125612588924866,0.0
1.1705487242524266,-2.2252947962927703,0.0
1.1705487242524266,-2.138028333693054,0.0
1.1705487242524266,-2.0507618710933375,0.0
1.1705487242524266,-1.9634954084936207,1.0
1.1705487242524266,-1.8762289458939043,1.0
1.1705487242524266,-1.7889624832941877,0.0
1.1705487242524266,-1.7016960206944713,0.0
1.1705487242524266,-1.6144295580947547,0.0
1.1705487242524266,-1.5271630954950384,0.0
1.1705487242524266,-1.439896632895322,0.0
1.1705487242524266,-1.3526301702956054,0.0
1.1705487242524266,-1.2653637076958888,0.0
1.1705487242524266,-1.1780972450961724,0.0
1.1705487242524266,-1.090830782496456,0.0
1.1705487242524266,-1.0035643198967397,0.0
1.1705487242524266,-0.9162978572970231,0.0
1.1705487242524266,-0.8290313946973065,0.0
1.1705487242524266,-0.7417649320975901,0.0
1.1705487242524266,-0.6544984694978737,0.0
1.1705487242524266,-0.5672320068981571,0.0
1.1705487242524266,-0.4799655442984405,2.0
1.1705487242524266,-0.39269908169872414,0.0
1.1705487242524266,-0.30543261909900776,0.0
1.1705487242524266,-0.21816615649929139,0.0
1.1705487242524266,-0.1308996938995748,0.0
1.1705487242524266,-0.04363323129985819,0.0
1.1705487242524266,0.04363323129985819,0.0
1.1705487242524266,0.13089969389957457,0.0
1.1705487242524266,0.21816615649929116,0.0
1.1705487242524266,0.30543261909900776,0.0
1.1705487242524266,0.39269908169872414,0.0
1.1705487242524266,0.4799655442984405,0.0
1.1705487242524266,0.5672320068981569,0.0
1.1705487242524266,0.6544984694978735,0.0
1.1705487242524266,0.7417649320975901,0.0
1.1705487242524266,0.8290313946973065,0.0
1.1705487242524266,0.9162978572970228,0.0
1.1705487242524266,1.0035643198967392,0.0
1.1705487242524266,1.0908307824964556,0.0
1.1705487242524266,1.178097245096172,0.0
1.1705487242524266,1.2653637076958888,0.0
1.1705487242524266,1.3526301702956056,0.0
1.1705487242524266,1.439896632895322,0.0
1.1705487242524266,1.5271630954950384,0.0
1.1705487242524266,1.6144295580947547,1.0
1.1705487242524266,1.7016960206944711,0.0
1.1705487242524266,1.7889624832941875,0.0
1.1705487242524266,1.8762289458939039,1.0
1.1705487242524266,1.9634954084936203,0.0
1.1705487242524266,2.050761871093337,0.0
1.1705487242524266,2.138028333693054,0.0
1.1705487242524266,2.2252947962927703,0.0
1.1705487242524266,2.3125612588924866,1.0
1.1705487242524266,2.399827721492203,0.0
1.1705487242524266,2.4870941840919194,0.0
1.1705487242524266,2.574360646691636,0.0
1.1705487242524266,2.661627109291352,0.0
1.1705487242524266,2.7488935718910685,0.0
1.1705487242524266,2.8361600344907854,0.0
1.1705487242524266,2.923426497090502,0.0
1.1705487242524266,3.0106929596902186,0.0
1.1705487242524266,3.097959422289935,1.0
1.2102832098710787,-3.097959422289935,0.0
1.2102832098710787,-3.0106929596902186,0.0
1.2102832098710787,-2.923426497090502,0.0
1.2102832098710787,-2.8361600344907854,0.0
1.2102832098710787,-2.748893571891069,0.0
1.2102832098710787,-2.6616271092913526,0.0
1.2102832098710787,-2.574360646691636,0.0
1.2102832098710787,-2.4870941840919194,0.0
1.2102832098710787,-2.399827721492203,0.0
1.2102832098710787,-2.3125612588924866,0.0
1.2102832098710787,-2.2252947962927703,0.0
1.2102832098710787,-2.138028333693054,0.0
1.2102832098710787,-2.0507618710933375,0.0
1.2102832098710787,-1.9634954084936207,0.0
1.2102832098710787,-1.8762289458939043,0.0
1.2102832098710787,-1.7889624832941877,0.0
1.2102832098710787,-1.7016960206944713,1.0
1.2102832098710787,-1.6144295580947547,0.0
1.2102832098710787,-1.5271630954950384,0.0
1.2102832098710787,-1.439896632895322,0.0
1.2102832098710787,-1.3526301702956054,0.0
1.2102832098710787,-1.2653637076958888,0.0
1.2102832098710787,-1.1780972450961724,0.0
1.2102832098710787,-1.090830782496456,0.0
1.2102832098710787,-1.0035643198967397,1.0
1.2102832098710787,-0.9162978572970231,0.0
1.2102832098710787,-0.8290313946973065,0.0
1.2102832098710787,-0.7417649320975901,0.0
1.2102832098710787,-0.6544984694978737,1.0
1.2102832098710787,-0.5672320068981571,0.0
1.2102832098710787,-0.4799655442984405,0.0
1.2102832098710787,-0.39269908169872414,0.0
1.2102832098710787,-0.30543261909900776,0.0
1.2102832098710787,-0.21816615649929139,2.0
1.2102832098710787,-0.1308996938995748,0.0
1.2102832098710787,-0.04363323129985819,0.0
1.2102832098710787,0.04363323129985819,0.0
1.2102832098710787,0.13089969389957457,0.0
1.2102832098710787,0.21816615649929116,1.0
1.2102832098710787,0.30543261909900776,0.0
1.2102832098710787,0.39269908169872414,0.0
1.2102832098710787,0.4799655442984405,0.0
1.2102832098710787,0.5672320068981569,0.0
1.2102832098710787,0.6544984694978735,0.0
1.2102832098710787,0.7417649320975901,1.0
1.2102832098710787,0.8290313946973065,0.0
1.2102832098710787,0.9162978572970228,0.0
1.2102832098710787,1.0035643198967392,0.0
1.2102832098710787,1.0908307824964556,0.0
1.2102832098710787,1.178097245096172,0.0
1.2102832098710787,1.2653637076958888,0.0
1.2102832098710787,1.3526301702956056,0.0
1.2102832098710787,1.439896632895322,0.0
1.2102832098710787,1.5271630954950384,0.0
1.2102832098710787,1.6144295580947547,1.0
1.2102832098710787,1.7016960206944711,0.0
1.2102832098710787,1.7889624832941875,0.0
1.2102832098710787,1.8762289458939039,0.0
1.2102832098710787,1.9634954084936203,0.0
1.2102832098710787,2.050761871093337,0.0
1.2102832098710787,2.138028333693054,0.0
1.2102832098710787,2.2252947962927703,0.0
1.2102832098710787,2.3125612588924866,0.0
1.2102832098710787,2.399827721492203,0.0
1.2102832098710787,2.4870941840919194,0.0
1.2102832098710787,2.574360646691636,0.0
1.2102832098710787,2.661627109291352,1.0
1.2102832098710787,2.7488935718910685,1.0
1.2102832098710787,2.8361600344907854,0.0
1.2102832098710787,2.923426497090502,0.0
1.2102832098710787,3.0106929596902186,0.0
1.2102832098710787,3.097959422289935,0.0
1.2500176954897309,-3.097959422289935,1.0
1.2500176954897309,-3.0106929596902186,0.0
1.2500176954897309,-2.923426497090502,0.0
1.2500176954897309,-2.8361600344907854,0.0
1.2500176954897309,-2.748893571891069,0.0
1.2500176954897309,-2.6616271092913526,0.0
1.2500176954897309,-2.574360646691636,1.0
1.2500176954897309,-2.4870941840919194,0.0
1.2500176954897309,-2.399827721492203,0.0
1.2500176954897309,-2.3125612588924866,1.0
1.2500176954897309,-2.2252947962927703,0.0
1.2500176954897309,-2.138028333693054,0.0
1.2500176954897309,-2.0507618710933375,0.0
1.2500176954897309,-1.9634954084936207,0.0
1.2500176954897309,-1.8762289458939043,0.0
1.2500176954897309,-1.7889624832941877,0.0
1.2500176954897309,-1.7016960206944713,0.0
1.2500176954897309,-1.6144295580947547,0.0
1.2500176954897309,-1.5271630954950384,0.0
1.2500176954897309,-1.439896632895322,0.0
1.2500176954897309,-1.3526301702956054,0.0
1.2500176954897309,-1.2653637076958888,0.0
1.2500176954897309,-1.1780972450961724,0.0
1.2500176954897309,-1.090830782496456,0.0
1.2500176954897309,-1.0035643198967397,0.0
1.2500176954897309,-0.9162978572970231,0.0
1.2500176954897309,-0.8290313946973065,0.0
1.2500176954897309,-0.7417649320975901,0.0
1.2500176954897309,-0.6544984694978737,0.0
1.2500176954897309,-0.5672320068981571,0.0
1.2500176954897309,-0.4799655442984405,1.0
1.2500176954897309,-0.39269908169872414,0.0
1.2500176954897309,-0.30543261909900776,0.0
1.2500176954897309,-0.21816615649929139,0.0
1.2500176954897309,-0.1308996938995748,0.0
1.2500176954897309,-0.04363323129985819,0.0
1.2500176954897309,0.04363323129985819,0.0
1.2500176954897309,0.13089969389957457,0.0
1.2500176954897309,0.21816615649929116,0.0
1.2500176954897309,0.30543261909900776,1.0
1.2500176954897309,0.39269908169872414,0.0
1.2500176954897309,0.4799655442984405,0.0
1.2500176954897309,0.5672320068981569,0.0
1.2500176954897309,0.6544984694978735,0.0
1.2500176954897309,0.7417649320975901,0.0
1.2500176954897309,0.8290313946973065,1.0
1.2500176954897309,0.9162978572970228,0.0
1.2500176954897309,1.0035643198967392,0.0
1.2500176954897309,1.0908307824964556,0.0
1.2500176954897309,1.178097245096172,0.0
1.2500176954897309,1.2653637076958888,0.0
1.2500176954897309,1.3526301702956056,1.0
1.2500176954897309,1.439896632895322,0.0
1.2500176954897309,1.5271630954950384,0.0
1.2500176954897309,1.6144295580947547,0.0
1.2500176954897309,1.7016960206944711,0.0
1.2500176954897309,1.7889624832941875,0.0
1.2500176954897309,1.8762289458939039,0.0
1.2500176954897309,1.9634954084936203,0.0
1.2500176954897309,2.050761871093337,1.0
1.2500176954897309,2.138028333693054,0.0
1.2500176954897309,2.2252947962927703,0.0
1.2500176954897309,2.3125612588924866,1.0
1.2500176954897309,2.399827721492203,0.0
1.2500176954897309,2.4870941840919194,0.0
1.2500176954897309,2.574360646691636,0.0
1.2500176954897309,2.661627109291352,0.0
1.2500176954897309,2.7488935718910685,0.0
1.2500176954897309,2.8361600344907854,0.0
1.2500176954897309,2.923426497090502,0.0
1.2500176954897309,3.0106929596902186,0.0
1.2500176954897309,3.097959422289935,0.0
1.289752181108383,-3.097959422289935,0.0
1.289752181108383,-3.0106929596902186,0.0
1.289752181108383,-2.923426497090502,0.0
1.289752181108383,-2.8361600344907854,0.0
1.289752181108383,-2.748893571891069,0.0
1.289752181108383,-2.6616271092913526,0.0
1.289752181108383,-2.574360646691636,0.0
1.289752181108383,-2.4870941840919194,0.0
1.289752181108383,-2.399827721492203,0.0
1.289752181108383,-2.3125612588924866,0.0
1.289752181108383,-2.2252947962927703,0.0
1.289752181108383,-2.138028333693054,0.0
1.289752181108383,-2.0507618710933375,0.0
1.289752181108383,-1.9634954084936207,0.0
1.289752181108383,-1.8762289458939043,0.0
1.289752181108383,-1.7889624832941877,0.0
1.289752181108383,-1.7016960206944713,0.0
1.289752181108383,-1.6144295580947547,0.0
1.289752181108383,-1.5271630954950384,0.0
1.289752181108383,-1.439896632895322,0.0
1.289752181108383,-1.3526301702956054,0.0
1.289752181108383,-1.2653637076958888,0.0
1.289752181108383,-1.1780972450961724,0.0
1.289752181108383,-1.090830782496456,0.0
1.289752181108383,-1.0035643198967397,0.0
1.289752181108383,-0.9162978572970231,0.0
1.289752181108383,-0.8290313946973065,0.0
1.289752181108383,-0.7417649320975901,0.0
1.289752181108383,-0.6544984694978737,0.0
1.289752181108383,-0.5672320068981571,0.0
1.289752181108383,-0.4799655442984405,0.0
1.289752181108383,-0.39269908169872414,0.0
1.289752181108383,-0.30543261909900776,0.0
1.289752181108383,-0.21816615649929139,0.0
1.289752181108383,-0.1308996938995748,0.0
1.289752181108383,-0.04363323129985819,0.0
1.289752181108383,0.04363323129985819,0.0
1.289752181108383,0.13089969389957457,0.0
1.289752181108383,0.21816615649929116,1.0
1.289752181108383,0.30543261909900776,0.0
1.289752181108383,0.39269908169872414,0.0
1.289752181108383,0.4799655442984405,0.0
1.289752181108383,0.5672320068981569,0.0
1.289752181108383,0.6544984694978735,0.0
1.289752181108383,0.7417649320975901,0.0
1.289752181108383,0.8290313946973065,1.0
1.289752181108383,0.9162978572970228,0.0
1.289752181108383,1.0035643198967392,0.0
1.289752181108383,1.0908307824964556,0.0
1.289752181108383,1.178097245096172,0.0
1.289752181108383,1.2653637076958888,1.0
1.289752181108383,1.3526301702956056,0.0
1.289752181108383,1.439896632895322,0.0
1.289752181108383,1.5271630954950384,0.0
1.289752181108383,1.6144295580947547,0.0
1.289752181108383,1.7016960206944711,0.0
1.289752181108383,1.7889624832941875,0.0
1.289752181108383,1.8762289458939039,1.0
1.289752181108383,1.9634954084936203,0.0
1.289752181108383,2.050761871093337,0.0
1.289752181108383,2.138028333693054,0.0
1.289752181108383,2.2252947962927703,0.0
1.289752181108383,2.3125612588924866,0.0
1.289752181108383,2.399827721492203,0.0
1.289752181108383,2.4870941840919194,0.0
1.289752181108383,2.574360646691636,0.0
1.289752181108383,2.661627109291352,0.0
1.289752181108383,2.7488935718910685,0.0
1.289752181108383,2.8361600344907854,0.0
1.289752181108383,2.923426497090502,0.0
1.289752181108383,3.0106929596902186,1.0
1.289752181108383,3.097959422289935,0.0
1.329486666727035,-3.097959422289935,0.0
1.329486666727035,-3.0106929596902186,0.0
1.329486666727035,-2.923426497090502,0.0
1.329486666727035,-2.8361600344907854,0.0
1.329486666727035,-2.748893571891069,0.0
1.329486666727035,-2.6616271092913526,0.0
1.329486666727035,-2.574360646691636,0.0
1.329486666727035,-2.4870941840919194,0.0
1.329486666727035,-2.399827721492203,0.0
1.329486666727035,-2.3125612588924866,0.0
1.329486666727035,-2.2252947962927703,0.0
1.329486666727035,-2.138028333693054,0.0
1.329486666727035,-2.0507618710933375,0.0
1.329486666727035,-1.9634954084936207,0.0
1.329486666727035,-1.8762289458939043,0.0
1.329486666727035,-1.7889624832941877,0.0
1.329486666727035,-1.7016960206944713,0.0
1.329486666727035,-1.6144295580947547,0.0
1.329486666727035,-1.5271630954950384,0.0
1.329486666727035,-1.439896632895322,0.0
1.329486666727035,-1.3526301702956054,1.0
1.329486666727035,-1.2653637076958888,0.0
1.329486666727035,-1.1780972450961724,0.0
1.329486666727035,-1.090830782496456,0.0
1.329486666727035,-1.0035643198967397,0.0
1.329486666727035,-0.9162978572970231,0.0
1.329486666727035,-0.8290313946973065,0.0
1.329486666727035,-0.7417649320975901,1.0
1.329486666727035,-0.6544984694978737,0.0
1.329486666727035,-0.5672320068981571,0.0
1.329486666727035,-0.4799655442984405,0.0
1.329486666727035,-0.39269908169872414,0.0
1.329486666727035,-0.30543261909900776,0.0
1.329486666727035,-0.21816615649929139,0.0
1.329486666727035,-0.1308996938995748,0.0
1.329486666727035,-0.04363323129985819,0.0
1.329486666727035,0.04363323129985819,0.0
1.329486666727035,0.13089969389957457,0.0
1.329486666727035,0.21816615649929116,0.0
1.329486666727035,0.30543261909900776,0.0
1.329486666727035,0.39269908169872414,0.0
1.329486666727035,0.4799655442984405,0.0
1.329486666727035,0.5672320068981569,0.0
1.329486666727035,0.6544984694978735,0.0
1.329486666727035,0.7417649320975901,1.0
1.329486666727035,0.8290313946973065,1.0
1.329486666727035,0.9162978572970228,0.0
1.329486666727035,1.0035643198967392,0.0
1.329486666727035,1.0908307824964556,0.0
1.329486666727035,1.178097245096172,0.0
1.329486666727035,1.2653637076958888,1.0
1.329486666727035,1.3526301702956056,0.0
1.329486666727035,1.439896632895322,0.0
1.329486666727035,1.5271630954950384,0.0
1.329486666727035,1.6144295580947547,0.0
1.329486666727035,1.7016960206944711,0.0
1.329486666727035,1.7889624832941875,0.0
1.329486666727035,1.8762289458939039,0.0
1.329486666727035,1.9634954084936203,0.0
1.329486666727035,2.050761871093337,0.0
1.329486666727035,2.138028333693054,0.0
1.329486666727035,2.2252947962927703,0.0
1.329486666727035,2.3125612588924866,0.0
1.329486666727035,2.399827721492203,0.0
1.329486666727035,2.4870941840919194,0.0
1.329486666727035,2.574360646691636,0.0
1.329486666727035,2.661627109291352,0.0
1.329486666727035,2.7488935718910685,0.0
1.329486666727035,2.8361600344907854,0.0
1.329486666727035,2.923426497090502,0.0
1.329486666727035,3.0106929596902186,0.0
1.329486666727035,3.097959422289935,0.0
1.3692211523456872,-3.097959422289935,0.0
1.3692211523456872,-3.0106929596902186,0.0
1.3692211523456872,-2.923426497090502,0.0
1.3692211523456872,-2.8361600344907854,0.0
1.3692211523456872,-2.748893571891069,0.0
1.3692211523456872,-2.6616271092913526,0.0
1.3692211523456872,-2.574360646691636,0.0
1.3692211523456872,-2.4870941840919194,0.0
1.3692211523456872,-2.399827721492203,0.0
1.3692211523456872,-2.3125612588924866,1.0
1.3692211523456872,-2.2252947962927703,0.0
1.3692211523456872,-2.138028333693054,0.0
1.3692211523456872,-2.0507618710933375,0.0
1.3692211523456872,-1.9634954084936207,0.0
1.3692211523456872,-1.8762289458939043,0.0
1.3692211523456872,-1.7889624832941877,0.0
1.3692211523456872,-1.7016960206944713,0.0
1.3692211523456872,-1.6144295580947547,0.0
1.3692211523456872,-1.5271630954950384,0.0
1.3692211523456872,-1.439896632895322,0.0
1.3692211523456872,-1.3526301702956054,1.0
1.3692211523456872,-1.2653637076958888,0.0
1.3692211523456872,-1.1780972450961724,2.0
1.3692211523456872,-1.090830782496456,0.0
1.3692211523456872,-1.0035643198967397,0.0
1.3692211523456872,-0.9162978572970231,0.0
1.3692211523456872,-0.8290313946973065,0.0
1.3692211523456872,-0.7417649320975901,0.0
1.3692211523456872,-0.6544984694978737,0.0
1.3692211523456872,-0.5672320068981571,0.0
1.3692211523456872,-0.4799655442984405,0.0
1.3692211523456872,-0.39269908169872414,0.0
1.3692211523456872,-0.30543261909900776,0.0
1.3692211523456872,-0.21816615649929139,0.0
1.3692211523456872,-0.1308996938995748,0.0
1.3692211523456872,-0.04363323129985819,0.0
1.3692211523456872,0.04363323129985819,0.0
1.3692211523456872,0.13089969389957457,0.0
1.3692211523456872,0.21816615649929116,0.0
1.3692211523456872,0.30543261909900776,0.0
1.3692211523456872,0.39269908169872414,0.0
1.3692211523456872,0.4799655442984405,0.0
1.3692211523456872,0.5672320068981569,0.0
1.3692211523456872,0.6544984694978735,0.0
1.3692211523456872,0.7417649320975901,0.0
1.3692211523456872,0.8290313946973065,0.0
1.3692211523456872,0.9162978572970228,0.0
1.3692211523456872,1.0035643198967392,0.0
1.3692211523456872,1.0908307824964556,1.0
1.3692211523456872,1.178097245096172,0.0
1.3692211523456872,1.2653637076958888,0.0
1.3692211523456872,1.3526301702956056,0.0
1.3692211523456872,1.439896632895322,0.0
1.3692211523456872,1.5271630954950384,0.0
1.3692211523456872,1.6144295580947547,0.0
1.3692211523456872,1.7016960206944711,0.0
1.3692211523456872,1.7889624832941875,0.0
1.3692211523456872,1.8762289458939039,0.0
1.3692211523456872,1.9634954084936203,0.0
1.3692211523456872,2.050761871093337,0.0
1.3692211523456872,2.138028333693054,0.0
1.3692211523456872,2.2252947962927703,0.0
1.3692211523456872,2.3125612588924866,0.0
1.3692211523456872,2.399827721492203,0.0
1.3692211523456872,2.4870941840919194,0.0
1.3692211523456872,2.574360646691636,0.0
1.3692211523456872,2.661627109291352,0.0
1.3692211523456872,2.7488935718910685,0.0
1.3692211523456872,2.8361600344907854,0.0
1.3692211523456872,2.923426497090502,0.0
1.3692211523456872,3.0106929596902186,0.0
1.3692211523456872,3.097959422289935,0.0
1.4089556379643393,-3.097959422289935,0.0
1.4089556379643393,-3.0106929596902186,1.0
1.4089556379643393,-2.923426497090502,0.0
1.4089556379643393,-2.8361600344907854,0.0
1.4089556379643393,-2.748893571891069,0.0
1.4089556379643393,-2.6616271092913526,0.0
1.4089556379643393,-2.574360646691636,0.0
1.4089556379643393,-2.4870941840919194,0.0
1.4089556379643393,-2.399827721492203,0.0
1.4089556379643393,-2.3125612588924866,0.0
1.4089556379643393,-2.2252947962927703,0.0
1.4089556379643393,-2.138028333693054,0.0
1.4089556379643393,-2.0507618710933375,0.0
1.4089556379643393,-1.9634954084936207,0.0
1.4089556379643393,-1.8762289458939043,0.0
1.4089556379643393,-1.7889624832941877,0.0
1.4089556379643393,-1.7016960206944713,0.0
1.4089556379643393,-1.6144295580947547,1.0
1.4089556379643393,-1.5271630954950384,0.0
1.4089556379643393,-1.439896632895322,0.0
1.4089556379643393,-1.3526301702956054,0.0
1.4089556379643393,-1.2653637076958888,1.0
1.4089556379643393,-1.1780972450961724,0.0
1.4089556379643393,-1.090830782496456,0.0
1.4089556379643393,-1.0035643198967397,0.0
1.4089556379643393,-0.9162978572970231,0.0
1.4089556379643393,-0.8290313946973065,0.0
1.4089556379643393,-0.7417649320975901,0.0
1.4089556379643393,-0.6544984694978737,0.0
1.4089556379643393,-0.5672320068981571,1.0
1.4089556379643393,-0.4799655442984405,0.0
1.4089556379643393,-0.39269908169872414,0.0
1.4089556379643393,-0.30543261909900776,0.0
1.4089556379643393,-0.21816615649929139,0.0
1.4089556379643393,-0.1308996938995748,0.0
1.4089556379643393,-0.04363323129985819,0.0
1.4089556379643393,0.04363323129985819,0.0
1.4089556379643393,0.13089969389957457,0.0
1.4089556379643393,0.21816615649929116,0.0
1.4089556379643393,0.30543261909900776,0.0
1.4089556379643393,0.39269908169872414,0.0
1.4089556379643393,0.4799655442984405,0.0
1.4089556379643393,0.5672320068981569,0.0
1.4089556379643393,0.6544984694978735,0.0
1.4089556379643393,0.7417649320975901,0.0
1.4089556379643393,0.8290313946973065,0.0
1.4089556379643393,0.9162978572970228,0.0
1.4089556379643393,1.0035643198967392,0.0
1.4089556379643393,1.0908307824964556,0.0
1.4089556379643393,1.178097245096172,0.0
1.4089556379643393,1.2653637076958888,0.0
1.4089556379643393,1.3526301702956056,1.0
1.4089556379643393,1.439896632895322,0.0
1.4089556379643393,1.5271630954950384,0.0
1.4089556379643393,1.6144295580947547,0.0
1.4089556379643393,1.7016960206944711,0.0
1.4089556379643393,1.7889624832941875,0.0
1.4089556379643393,1.8762289458939039,0.0
1.4089556379643393,1.9634954084936203,0.0
1.4089556379643393,2.050761871093337,0.0
1.4089556379643393,2.138028333693054,0.0
1.4089556379643393,2.2252947962927703,0.0
1.4089556379643393,2.3125612588924866,0.0
1.4089556379643393,2.399827721492203,0.0
1.4089556379643393,2.4870941840919194,1.0
1.4089556379643393,2.574360646691636,0.0
1.4089556379643393,2.661627109291352,0.0
1.4089556379643393,2.7488935718910685,0.0
1.4089556379643393,2.8361600344907854,0.0
1.4089556379643393,2.923426497090502,0.0
1.4089556379643393,3.0106929596902186,0.0
1.4089556379643393,3.097959422289935,0.0
1.4486901235829914,-3.097959422289935,1.0
1.4486901235829914,-3.0106929596902186,0.0
1.4486901235829914,-2.923426497090502,0.0
1.4486901235829914,-2.8361600344907854,0.0
1.4486901235829914,-2.748893571891069,0.0
1.4486901235829914,-2.6616271092913526,0.0
1.4486901235829914,-2.574360646691636,0.0
1.4486901235829914,-2.4870941840919194,0.0
1.4486901235829914,-2.399827721492203,0.0
1.4486901235829914,-2.3125612588924866,0.0
1.4486901235829914,-2.2252947962927703,0.0
1.4486901235829914,-2.138028333693054,0.0
1.4486901235829914,-2.0507618710933375,0.0
1.4486901235829914,-1.9634954084936207,0.0
1.4486901235829914,-1.8762289458939043,0.0
1.4486901235829914,-1.7889624832941877,0.0
1.4486901235829914,-1.7016960206944713,0.0
1.4486901235829914,-1.6144295580947547,0.0
1.4486901235829914,-1.5271630954950384,0.0
1.4486901235829914,-1.439896632895322,0.0
1.4486901235829914,-1.3526301702956054,0.0
1.4486901235829914,-1.2653637076958888,0.0
1.4486901235829914,-1.1780972450961724,0.0
1.4486901235829914,-1.090830782496456,0.0
1.4486901235829914,-1.0035643198967397,1.0
1.4486901235829914,-0.9162978572970231,0.0
1.4486901235829914,-0.8290313946973065,0.0
1.4486901235829914,-0.7417649320975901,0.0
1.4486901235829914,-0.6544984694978737,0.0
1.4486901235829914,-0.5672320068981571,0.0
1.4486901235829914,-0.4799655442984405,0.0
1.4486901235829914,-0.39269908169872414,0.0
1.4486901235829914,-0.30543261909900776,0.0
1.4486901235829914,-0.21816615649929139,0.0
1.4486901235829914,-0.1308996938995748,0.0
1.4486901235829914,-0.04363323129985819,0.0
1.4486901235829914,0.04363323129985819,0.0
1.4486901235829914,0.13089969389957457,0.0
1.4486901235829914,0.21816615649929116,0.0
1.4486901235829914,0.30543261909900776,0.0
1.4486901235829914,0.39269908169872414,0.0
1.4486901235829914,0.4799655442984405,0.0
1.4486901235829914,0.5672320068981569,0.0
1.4486901235829914,0.6544984694978735,0.0
1.4486901235829914,0.7417649320975901,1.0
1.4486901235829914,0.8290313946973065,0.0
1.4486901235829914,0.9162978572970228,0.0
1.4486901235829914,1.0035643198967392,0.0
1.4486901235829914,1.0908307824964556,0.0
1.4486901235829914,1.178097245096172,0.0
1.4486901235829914,1.2653637076958888,0.0
1.4486901235829914,1.3526301702956056,0.0
1.4486901235829914,1.439896632895322,0.0
1.4486901235829914,1.5271630954950384,0.0
1.4486901235829914,1.6144295580947547,0.0
1.4486901235829914,1.7016960206944711,0.0
1.4486901235829914,1.7889624832941875,0.0
1.4486901235829914,1.8762289458939039,0.0
1.4486901235829914,1.9634954084936203,0.0
1.4486901235829914,2.050761871093337,0.0
1.4486901235829914,2.138028333693054,0.0
1.4486901235829914,2.2252947962927703,0.0
1.4486901235829914,2.3125612588924866,0.0
1.4486901235829914,2.399827721492203,0.0
1.4486901235829914,2.4870941840919194,0.0
1.4486901235829914,2.574360646691636,0.0
1.4486901235829914,2.661627109291352,0.0
1.4486901235829914,2.7488935718910685,0.0
1.4486901235829914,2.8361600344907854,0.0
1.4486901235829914,2.923426497090502,0.0
1.4486901235829914,3.0106929596902186,0.0
1.4486901235829914,3.097959422289935,0.0
1.4884246092016435,-3.097959422289935,0.0
1.4884246092016435,-3.0106929596902186,1.0
1.4884246092016435,-2.923426497090502,0.0
1.4884246092016435,-2.8361600344907854,0.0
1.4884246092016435,-2.748893571891069,0.0
1.4884246092016435,-2.6616271092913526,0.0
1.4884246092016435,-2.574360646691636,0.0
1.4884246092016435,-2.4870941840919194,0.0
1.4884246092016435,-2.399827721492203,0.0
1.4884246092016435,-2.3125612588924866,0.0
1.4884246092016435,-2.2252947962927703,0.0
1.4884246092016435,-2.138028333693054,0.0
1.4884246092016435,-2.0507618710933375,0.0
1.4884246092016435,-1.9634954084936207,0.0
1.4884246092016435,-1.8762289458939043,0.0
1.4884246092016435,-1.7889624832941877,0.0
1.4884246092016435,-1.7016960206944713,0.0
1.4884246092016435,-1.6144295580947547,0.0
1.4884246092016435,-1.5271630954950384,0.0
1.4884246092016435,-1.439896632895322,0.0
1.4884246092016435,-1.3526301702956054,0.0
1.4884246092016435,-1.2653637076958888,0.0
1.4884246092016435,-1.1780972450961724,0.0
1.4884246092016435,-1.090830782496456,0.0
1.4884246092016435,-1.0035643198967397,0.0
1.4884246092016435,-0.9162978572970231,0.0
1.4884246092016435,-0.8290313946973065,0.0
1.4884246092016435,-0.7417649320975901,0.0
1.4884246092016435,-0.6544984694978737,0.0
1.4884246092016435,-0.5672320068981571,0.0
1.4884246092016435,-0.4799655442984405,0.0
1.4884246092016435,-0.39269908169872414,0.0
1.4884246092016435,-0.30543261909900776,0.0
1.4884246092016435,-0.21816615649929139,0.0
1.4884246092016435,-0.1308996938995748,0.0
1.4884246092016435,-0.04363323129985819,0.0
1.4884246092016435,0.04363323129985819,0.0
1.4884246092016435,0.13089969389957457,0.0
1.4884246092016435,0.21816615649929116,0.0
1.4884246092016435,0.30543261909900776,0.0
1.4884246092016435,0.39269908169872414,0.0
1.4884246092016435,0.4799655442984405,0.0
1.4884246092016435,0.5672320068981569,0.0
1.4884246092016435,0.6544984694978735,0.0
1.4884246092016435,0.7417649320975901,0.0
1.4884246092016435,0.8290313946973065,0.0
1.4884246092016435,0.9162978572970228,0.0
1.4884246092016435,1.0035643198967392,0.0
1.4884246092016435,1.0908307824964556,0.0
1.4884246092016435,1.178097245096172,0.0
1.4884246092016435,1.2653637076958888,0.0
1.4884246092016435,1.3526301702956056,0.0
1.4884246092016435,1.439896632895322,0.0
1.4884246092016435,1.5271630954950384,0.0
1.4884246092016435,1.6144295580947547,0.0
1.4884246092016435,1.7016960206944711,0.0
1.4884246092016435,1.7889624832941875,0.0
1.4884246092016435,1.8762289458939039,0.0
1.4884246092016435,1.9634954084936203,0.0
1.4884246092016435,2.050761871093337,0.0
1.4884246092016435,2.138028333693054,0.0
1.4884246092016435,2.2252947962927703,0.0
1.4884246092016435,2.3125612588924866,1.0
1.4884246092016435,2.399827721492203,0.0
1.4884246092016435,2.4870941840919194,0.0
1.4884246092016435,2.574360646691636,0.0
1.4884246092016435,2.661627109291352,0.0
1.4884246092016435,2.7488935718910685,0.0
1.4884246092016435,2.8361600344907854,0.0
1.4884246092016435,2.923426497090502,0.0
1.4884246092016435,3.0106929596902186,0.0
1.4884246092016435,3.097959422289935,0.0
1.5281590948202957,-3.097959422289935,2.0
1.5281590948202957,-3.0106929596902186,0.0
1.5281590948202957,-2.923426497090502,0.0
1.5281590948202957,-2.8361600344907854,0.0
1.5281590948202957,-2.748893571891069,0.0
1.5281590948202957,-2.6616271092913526,0.0
1.5281590948202957,-2.574360646691636,0.0
1.5281590948202957,-2.4870941840919194,0.0
1.5281590948202957,-2.399827721492203,0.0
1.5281590948202957,-2.3125612588924866,0.0
1.5281590948202957,-2.2252947962927703,0.0
1.5281590948202957,-2.138028333693054,0.0
1.5281590948202957,-2.0507618710933375,0.0
1.5281590948202957,-1.9634954084936207,0.0
1.5281590948202957,-1.8762289458939043,0.0
1.5281590948202957,-1.7889624832941877,0.0
1.5281590948202957,-1.7016960206944713,0.0
1.5281590948202957,-1.6144295580947547,0.0
1.5281590948202957,-1.5271630954950384,0.0
1.5281590948202957,-1.439896632895322,0.0
1.5281590948202957,-1.3526301702956054,0.0
1.5281590948202957,-1.2653637076958888,0.0
1.5281590948202957,-1.1780972450961724,0.0
1.5281590948202957,-1.090830782496456,0.0
1.5281590948202957,-1.0035643198967397,0.0
1.5281590948202957,-0.9162978572970231,0.0
1.5281590948202957,-0.8290313946973065,0.0
1.5281590948202957,-0.7417649320975901,0.0
1.5281590948202957,-0.6544984694978737,0.0
1.5281590948202957,-0.5672320068981571,0.0
1.5281590948202957,-0.4799655442984405,0.0
1.5281590948202957,-0.39269908169872414,0.0
1.5281590948202957,-0.30543261909900776,0.0
1.5281590948202957,-0.21816615649929139,0.0
1.5281590948202957,-0.1308996938995748,0.0
1.5281590948202957,-0.04363323129985819,0.0
1.5281590948202957,0.04363323129985819,0.0
1.5281590948202957,0.13089969389957457,0.0
1.5281590948202957,0.21816615649929116,0.0
1.5281590948202957,0.30543261909900776,0.0
1.5281590948202957,0.39269908169872414,0.0
1.5281590948202957,0.4799655442984405,0.0
1.5281590948202957,0.5672320068981569,0.0
1.5281590948202957,0.6544984694978735,0.0
1.5281590948202957,0.7417649320975901,0.0
1.5281590948202957,0.8290313946973065,0.0
1.5281590948202957,0.9162978572970228,0.0
1.5281590948202957,1.0035643198967392,0.0
1.5281590948202957,1.0908307824964556,0.0
1.5281590948202957,1.178097245096172,0.0
1.5281590948202957,1.2653637076958888,0.0
1.5281590948202957,1.3526301702956056,0.0
1.5281590948202957,1.439896632895322,0.0
1.5281590948202957,1.5271630954950384,0.0
1.5281590948202957,1.6144295580947547,0.0
1.5281590948202957,1.7016960206944711,0.0
1.5281590948202957,1.7889624832941875,0.0
1.5281590948202957,1.8762289458939039,0.0
1.5281590948202957,1.9634954084936203,0.0
1.5281590948202957,2.050761871093337,0.0
1.5281590948202957,2.138028333693054,0.0
1.5281590948202957,2.2252947962927703,0.0
1.5281590948202957,2.3125612588924866,0.0
1.5281590948202957,2.399827721492203,0.0
1.5281590948202957,2.4870941840919194,0.0
1.5281590948202957,2.574360646691636,0.0
1.5281590948202957,2.661627109291352,0.0
1.5281590948202957,2.7488935718910685,0.0
1.5281590948202957,2.8361600344907854,0.0
1.5281590948202957,2.923426497090502,0.0
1.5281590948202957,3.0106929596902186,0.0
1.5281590948202957,3.097959422289935,0.0
1.5678935804389478,-3.097959422289935,0.0
1.5678935804389478,-3.0106929596902186,0.0
1.5678935804389478,-2.923426497090502,0.0
1.5678935804389478,-2.8361600344907854,0.0
1.5678935804389478,-2.748893571891069,0.0
1.5678935804389478,-2.6616271092913526,0.0
1.5678935804389478,-2.574360646691636,0.0
1.5678935804389478,-2.4870941840919194,0.0
1.5678935804389478,-2.399827721492203,0.0
1.5678935804389478,-2.3125612588924866,0.0
1.5678935804389478,-2.2252947962927703,0.0
1.5678935804389478,-2.138028333693054,0.0
1.5678935804389478,-2.0507618710933375,0.0
1.5678935804389478,-1.9634954084936207,0.0
1.5678935804389478,-1.8762289458939043,0.0
1.5678935804389478,-1.7889624832941877,0.0
1.5678935804389478,-1.7016960206944713,0.0
1.5678935804389478,-1.6144295580947547,0.0
1.5678935804389478,-1.5271630954950384,0.0
1.5678935804389478,-1.439896632895322,0.0
1.5678935804389478,-1.3526301702956054,0.0
1.5678935804389478,-1.2653637076958888,0.0
1.5678935804389478,-1.1780972450961724,0.0
1.5678935804389478,-1.090830782496456,0.0
1.5678935804389478,-1.0035643198967397,0.0
1.5678935804389478,-0.9162978572970231,0.0
1.5678935804389478,-0.8290313946973065,0.0
1.5678935804389478,-0.7417649320975901,0.0
1.5678935804389478,-0.6544984694978737,0.0
1.5678935804389478,-0.5672320068981571,0.0
1.5678935804389478,-0.4799655442984405,0.0
1.5678935804389478,-0.39269908169872414,0.0
1.5678935804389478,-0.30543261909900776,0.0
1.5678935804389478,-0.21816615649929139,0.0
1.5678935804389478,-0.1308996938995748,0.0
1.5678935804389478,-0.04363323129985819,0.0
1.5678935804389478,0.04363323129985819,0.0
1.5678935804389478,0.13089969389957457,0.0
1.5678935804389478,0.21816615649929116,0.0
1.5678935804389478,0.30543261909900776,0.0
1.5678935804389478,0.39269908169872414,0.0
1.5678935804389478,0.4799655442984405,0.0
1.5678935804389478,0.5672320068981569,0.0
1.5678935804389478,0.6544984694978735,0.0
1.5678935804389478,0.7417649320975901,0.0
1.5678935804389478,0.8290313946973065,0.0
1.5678935804389478,0.9162978572970228,0.0
1.5678935804389478,1.0035643198967392,0.0
1.5678935804389478,1.0908307824964556,0.0
1.5678935804389478,1.178097245096172,0.0
1.5678935804389478,1.2653637076958888,0.0
1.5678935804389478,1.3526301702956056,0.0
1.5678935804389478,1.439896632895322,0.0
1.5678935804389478,1.5271630954950384,0.0
1.5678935804389478,1.6144295580947547,0.0
1.5678935804389478,1.7016960206944711,0.0
1.5678935804389478,1.7889624832941875,0.0
1.5678935804389478,1.8762289458939039,0.0
1.5678935804389478,1.9634954084936203,0.0
1.5678935804389478,2.050761871093337,0.0
1.5678935804389478,2.138028333693054,0.0
1.5678935804389478,2.2252947962927703,0.0
1.5678935804389478,2.3125612588924866,0.0
1.5678935804389478,2.399827721492203,0.0
1.5678935804389478,2.4870941840919194,0.0
1.5678935804389478,2.574360646691636,1.0
1.5678935804389478,2.661627109291352,0.0
1.5678935804389478,2.7488935718910685,0.0
1.5678935804389478,2.8361600344907854,0.0
1.5678935804389478,2.923426497090502,0.0
1.5678935804389478,3.0106929596902186,0.0
1.5678935804389478,3.097959422289935,0.0
